:020000040000FA
:10000000E0310820E1000000E5000000E70000000A
:10001000E9000000EB000000ED000000000000001F
:10002000000000000000000000000000EF000000E1
:10003000F100000000000000F300000099E0000063
:10004000F700000049FE000075FE0000F700000008
:10005000F7000000A31C0100F7000000F7000000FB
:10006000F7000000F7000000F7000000F7000000B4
:10007000F7000000F7000000F7000000F7000000A4
:10008000F7000000F7000000F7000000F700000094
:10009000F7000000F7000000652E0000F7000000E8
:1000A000F7000000571A0100F7000000F7000000F9
:1000B0008D5A0100F7000000F7000000F700000073
:1000C000F7000000F7000000F7000000DFF80CD098
:1000D00015F0C4FD004800470BE20000E0310820A5
:1000E00005480047FEE7FEE7FEE7FEE7FEE7FEE71E
:1000F000FEE7FEE7FEE7FEE7CD000000FEE710B5F5
:1001000017F060FC17F0ECFC17F0DEFC17F06CFC4D
:10011000AFF30080BDE8104017F0A8BC10B518F090
:10012000B9FA18F0FBFF18F00DFBBDE8104018F00D
:1001300085BC18F0CDB917F095BF09B10020704704
:1001400016F0EABC0020704770B5374A0020A2F1D3
:100150001401064601F10A030C5C54B11D5CAC426B
:1001600007D1145C2CB1641E14F0FF04145400D1A8
:100170000E540C5C1C54401CC0B20A28ECD370BD59
:1001800070B5294D0024143D641CE4B22E5D1EB1EF
:10019000864201D00A2CF7D3285523480C3040F86A
:1001A0002410283040F824203438035570BD1E4AEE
:1001B0000021143A491CC9B2535C834201D00A2978
:1001C000F8D3DBB2834210D117480C3050F82130FD
:1001D00016480360144B343353F821304360002039
:1001E0005054114A505401207047002070470E4A65
:1001F0000021143A491CC9B2535C834201D00A2938
:10020000F8D3DAB282420CD107480C3050F82120E2
:1002100006480260044A343252F82110416001203D
:10022000704700207047000060E307204C0000107A
:100230000A4BDA6018705970704708490881704796
:100240000648B0F90810002907D0491E09B20181FB
:10025000002902D1084600F0BDBB704714C007203A
:1002600090F900308B4200DA027090F9003093422E
:1002700000DD0170704790F900308B4200DA0170A8
:1002800090F90010914200DD02707047B0F9003023
:100290008B4200DA0180B0F90010914200DD02804B
:1002A0007047B0F900308B4200DA0280B0F90030BC
:1002B000934200DD0180704703888B4200D20180A9
:1002C0000188914200D9028070470000064A054B20
:1002D00091785854491CC8B29070202801D1002050
:1002E00090707047AA71001066240010014600202B
:1002F00000E0401C0A5C002AFBD17047FFFFFFFFB3
:10030000002801DA404200B270470020FF4A202155
:100310001154401CC0B2C828FAD370470146FB4AAA
:100320000020401CC0B2135C8B4201D0C828F8D317
:10033000704710B50021F64C0A2200BFB0FBF2F363
:1003400002FB13006054491CC9B218460529F5D3B5
:1003500010BDF0B5EF4B0121202719700521EC4AA3
:10036000002601E01C7844B1541814F8015C25B94A
:10037000814202D904F8017C05E0541814F8015DAB
:10038000303525701E70491E11F0FF01EAD1F0BD15
:10039000FEB52B23002802DA404200B22D230025AF
:1003A0000A266C4690FBF6F706FB170060556D1C9D
:1003B0006DB238B20A2DF5DB012600250920202771
:1003C00000E046B114F800C0BCF1000F03D1904228
:1003D00001DD275405E0265C3036265400266D1CCE
:1003E000EDB2401E40B20028EBDA2D2B02D163554E
:1003F0006D1CEDB26AB168B205E0231813F8013C38
:100400002354401E40B29042F7DC2E206D1CA054B5
:10041000EDB20846FFF782FF0021BC4A04E0635CAE
:10042000461A491C935549B2A942F8DBFEBDFEB5F8
:100430002B26002802DA404200B22D2600240A278B
:100440004FEA0D0590FBF7FC07FB1C002855641CC8
:1004500064B20FFA8CF00A2CF4DB01270020092487
:100460004FF0200C00E04FB115F804E0BEF1000F92
:1004700004D19C4202DD05F804C005E02F5D303751
:100480002F550027401CC0B2641E64B2002CEADA6B
:100490002D2E02D12E54401CC0B26BB144B205E0E7
:1004A0002E1916F8016C2E55641E64B29C42F7DCBE
:1004B0002E24401CEC54C0B201EB810102EB8101FF
:1004C000CAB20021914B04E06C5C561A491C9C5541
:1004D00049B28142F8DBFEBDFEB52B23002801DACC
:1004E00040422D2300250A266C46074690FBF6F075
:1004F00006FB107767556D1C6DB20A2DF5DB0126E2
:1005000000250920202700E046B114F800C0BCF106
:10051000000F03D1904201DD275405E0265C303600
:10052000265400266D1CEDB2401E40B20028EBDAC6
:100530002D2B02D163556D1CEDB26AB168B205E096
:10054000231813F8013C2354401E40B29042F7DCBC
:100550002E206D1CA054EDB20846FFF7DFFE0021EF
:100560006A4A04E0635C461A491C935549B2A942A1
:10057000F8DBFEBDFEB52B26002801DA40422D2611
:1005800000240A276D46844690FBF7F007FB10CC49
:1005900005F804C0641C64B20A2CF4DB01270020B7
:1005A00009244FF0200C00E04FB115F804E0BEF133
:1005B000000F04D19C4202DD05F804C005E02F5D68
:1005C00030372F550027401CC0B2641E64B2002C87
:1005D000EADA2D2E02D12E54401CC0B26BB144B2C7
:1005E00005E02E1916F8016C2E55641E64B29C426B
:1005F000F7DC2E24401CEC54C0B201EB810102EB6D
:100600008101CAB20021414B04E06C5C561A491CBE
:100610009C5549B28142F8DBFEBD70B50D461646C9
:100620001C46FFF786FE601CC0B2FFF792FE05EB8A
:10063000850006EB8000C1B2354A344B0020A04251
:1006400001D2155C5D5406D3155C202D03D04CB14E
:100650005E1806F8015C491E401CC0B2C9B20528EC
:10066000EDD370BD5D54F6E770B5044608461546F7
:100670001E46FFF753FE254B0146FF2804D106E036
:100680001A54641C401CC0B22278002AF8D12248B7
:100690000078002804D0002E02D029445F2058544E
:1006A00070BD2DE9FF4F8146DDE90D048A46934672
:1006B000FFF734FE2022DFF8608014490A234FF050
:1006C000640C012C09D198F8005035B10D18A5F132
:1006D0000E05AA706A702A7029E099FBF3F603FBF5
:1006E00016970D183037A5F10E05022CAF7096FB4A
:1006F000F3F703FB176606F130066E7099FBFCF604
:1007000006F1300605F80E6B11D107E086020010E5
:1007100078C00720FC0300108600001098F80060E5
:100720002EB1A5F10A05AA706A702A7021E09AFB21
:10073000F3F603FB16A70D183037A5F10A05032CB5
:10074000AF7096FBF3F703FB176606F130066E7089
:100750009AFBFCF606F13006674605F80A6B08D1ED
:1007600098F800602EB1A5F10605AA706A702A708B
:1007700022E09BFBF3F603FB16B70D183037A5F10B
:100780000605042CAF7096FBF3F703FB176606F122
:1007900030066E709BFBFCF606F13006674605F8E6
:1007A000066B09D198F8004034B1A5F102050A544E
:1007B0006A702A70BDE8FF8F039C94FBF3F203FB81
:1007C000124430340C5492FBF3F403FB142208441B
:1007D000A0F1020030324270039991FBF7F101F170
:1007E00030010170E6E770B50D461446FFF7A1FD34
:1007F000601CC0B2FFF7ADFD2846FFF78FFDB44B7C
:10080000B44A002124B95D5C202D01D015540FE0BD
:10081000A14201D25D5CF9E704D14FF02E051554D9
:100820005D5C02E05D5C202D02D0161806F8015CCC
:10083000401E491CC9B2C0B20529E3D370BD17B52B
:1008400001EB810002EB8000C2B29DF80030A248AB
:1008500003F00F0100EB1313445C9E498C54521EAD
:10086000D2B21B788B549DF80130521E03F00F0456
:10087000D2B2045D8C54521E00EB1313D2B21B781B
:100880008B549DF80230521E03F00F04D2B2045D67
:100890008C54521E00EB1313D2B21B788B549DF86C
:1008A0000330521E03F00F04D2B2045D8C54521E6A
:1008B00000EB1310D2B2007888541EBD01EB810109
:1008C00002EB8101844A10B500F00F03C9B2D45C79
:1008D000804B02EB10105C54491EC9B2007858548A
:1008E00010BD01EB810102EB8101CBB27A4910B559
:1008F00000F001028C5C774AD45444085B1E04F07B
:100900000100DBB2085CD0545B1ED8B2630803F070
:1009100001045B080C5D1454401E03F00104C0B2D6
:100920000C5D14545B08401E03F00104C0B20C5D62
:1009300014545B08401E03F00104C0B20C5D145453
:100940005B08401E03F00104C0B20C5D1454401E4D
:10095000C4B25808085C105510BD30B55F4901237A
:100960005C4D91F9012091F9041000EB80048A425A
:1009700002D105F8243030BD564D4C1C00EB8000F0
:1009800005EB8000A24201D1037530BD8C1CA24250
:1009900002D180F8283030BDCC1CA24202D180F8B0
:1009A0003C3030BD0C1DA24202D180F8503030BD29
:1009B0004C1DA24202D180F8643030BD8C1DA24291
:1009C00002D180F8783030BDC91D8A42FBD180F851
:1009D0008C3030BD424B1A88521E104400B2188031
:1009E000404A00EB800002443C48136803601279DF
:1009F00002714278114441707047F0B5384D394F5B
:100A0000B5F9004004EB8406641C2C80334C3E4452
:100A10002568356025793571207061702271A37069
:100A2000F0BDF0B505460E461746FFF76EFC294CA3
:100A30005FF00000401C15F8011BC0B204F8011B58
:100A40001428F7D35FF00000401C16F8011BC0B259
:100A500004F8011B1428F7D35FF00000401C17F8BE
:100A6000011BC0B204F8011B1428F7D35FF000008B
:100A7000401C13F8011BC0B204F8011B1428F7D363
:100A8000F0BD30B5044608461546FFF747FCFF2881
:100A900009D0104A2178002905D04319641C401C54
:100AA000D154C0B2F6E730BD10B5029CFFF7B9FFD4
:100AB0000A48C378827841786720FFF79EFF642058
:100AC00094FBF0F0BDE81040C0B2FFF7B6BB0000E9
:100AD00078C007208602001082A0010044020010A6
:100AE000A6000010546E0010F0B5FC48FC494FF40D
:100AF000FA72B0F90000B1F90010FA4B484390FBCC
:100B0000F2F01880F54841F288332030FB4DB0F9FF
:100B10000000484390FBF2F0F349F74A0880F4499B
:100B2000F2480C68F3490088B1F90010001B4843F3
:100B300090FBF3F01080001B484390FBF3F02880FB
:100B4000EF48F14B0188EF48B0F9004071B900203F
:100B5000014607E001EB410603EB4616491C366AE5
:100B6000C9B23044A142F5DB10802880B2F9000000
:100B70000021002800DA11805FF0000202EB420041
:100B800003EB4010C578192D1CD28579C67905EB89
:100B900006260662067A477A06EB0726C661867A3B
:100BA000C77A06EB0726866190F90C60466280F8EA
:100BB0004E50857B80F83E50057C467C05EB062533
:100BC000856406E081610162C161416280F83E1086
:100BD0008164521CD2B2202AD0D3CC48CC490088A0
:100BE00060430880CB48CC49008860430880F0BD52
:100BF000CA48416821F4402141F4802141604168A4
:100C000021F4403141F480314160416821F4404198
:100C100041F480414160416C21F4402141F40021C4
:100C20004164416C21F4403141F400314164416C34
:100C300021F4404141F400414164B948016821F088
:100C4000E0610160016841F400110160016821F474
:100C500080310160016821F47F4141F480710160BD
:100C60008115C160AF48890301607047F0B59B4DA5
:100C7000AD48AE49B5F9147040F6AC5690F90F2066
:100C800000230C684FF0010CB74207DA142A02DA8D
:100C900002F1010204E004DDC3730DE062B1521EF3
:100CA000C27390F90F20132A04DB80F811C024F0DE
:100CB000010204E0022A03DC437444F001020A60EA
:100CC000994AB5F90A4092F91020B44207DA142A79
:100CD00002DA02F1010204E004DD03740EE06AB1FD
:100CE000521E027490F91020132A05DB80F812C0FE
:100CF000086820F0020005E0022A04DC837408681A
:100D000040F002000860F0BD2DE9F041864C363419
:100D100060882188401A00B202F060F8A51D288082
:100D2000A0886188401A00B202F058F86880A08854
:100D30002188401A00B202F051F84FF496727A49B5
:100D4000A880904201DAA0880AE0B5F9020090423A
:100D500001DA608804E0B5F90000904201DA2088E9
:100D600048834C7800231CB35C48B1F91A2040300A
:100D70000568154405604568154445608568154457
:100D80008560C5682A44C2604A8C521C12B24A84EB
:100D9000B2F5805F00DB4B84B1F92220950536D196
:100DA000921250F822502D120D8340F822302EE07E
:100DB0005F4F887891F803C007EBC012B1F91AE0D1
:100DC00042F82CE05FEA8C7213D100252A4607EB2B
:100DD000C01600BF56F82270521CD2B23D44202AE1
:100DE000F8D36A113D4D25F8102005F1200222F8B4
:100DF00010E0401CC0B28870102808D30CF1010C20
:100E00000CF0FF008B70C870202800D3CB70641CDE
:100E10000B7014F00100424A487005D0106820F0B1
:100E2000FF00001D106034E0897808070028106872
:100E300020F0FF0002DB00F1010001E000F1020000
:100E400010603C48036843F080530360036A43F03A
:100E500080430362036E43F080630366CB074369FC
:100E600008D043F0805343618B07436B05D423F0D4
:100E7000804304E023F08053F5E743F0804343636D
:100E80004907416F02D421F0806101E041F08061A7
:100E90004167106840F080701060BDE8F0812DE976
:100EA000F04F2548B0F9001019B1A1F101010180FE
:100EB000DBE00A21018021490023DFF884B0DFF85C
:100EC00084800B7064208BF8000088F800000D48C7
:100ED0001A46B0F900400C4842E00000F46D0010E2
:100EE000BA03001052010010FA030010EEE00720D0
:100EF00084C007200A0400105401001076C00720A7
:100F0000A4010010C6000010DCE307207E010010E1
:100F1000A001001080010010A201001000C00240DA
:100F20000040034000E100E0000000100402001057
:100F3000F465001000C009202AC007203404001006
:100F4000B5C007203504001002EB420500EB451543
:100F5000ED78142D02D20D786D1C0D70521CD2B29A
:100F6000A242F1DB09788A4602297ED3FA49897ABE
:100F700000297AD0F94A41F28831DFF8E4C31160E0
:100F8000F84DCCF8003000212B601DE001EB41064C
:100F900000EB4616B778012F14D1366ADCF80070E2
:100FA000B146BE4203DDCCF8009088F80010176807
:100FB000B94503DAC2F800908BF800102F6809EBEE
:100FC00007062E60491CC9B2A142DFDB2E6896FBE2
:100FD000FAF5E54E35601668012506B91560DCF8AE
:100FE0000060642712687E4396FBF2F2DFF87CC350
:100FF000DF4EA02ACCF8002000DD3570782A01DA17
:10100000337032E03278012A2FD1DA4A1678CEB125
:10101000137098F80020A24207DA02EB420200EBBC
:10102000421232F8503F5B1E138001EB410100EB8E
:1010300041106FF03102B0F9501091420FDAA0F870
:10104000502012E015709BF80020A242EDDA02EB6E
:10105000420200EB421232F8503F5B1CE4E73229B7
:1010600003DD4FF03201A0F8501000BFBDE8F08F53
:1010700010B50021D0200FF064FC0021BDE8104025
:10108000D4200FF05EBC70B5BB4CBC480025217865
:1010900051B3BB49098839B3BA4A0168B2F9002093
:1010A00011440160B1F5616F1FDBB74EA1F56161BD
:1010B0000160316840F61C40491C31600FF041FC72
:1010C000B2493068B1F9001088420EDB2570FFF795
:1010D000CFFF00231A4601217C20FFF78EFCBDE8DC
:1010E00070400020FFF7A9B8056070BD70B5A24C34
:1010F000A74AA84825780021F5B3A74B1B88DBB386
:10110000A64EB0F90030B6F90060B34202DA5B1CBB
:10111000038070BD0020012D02D0022D02D004E01A
:101120009F4800E09F48B0F900009F4BB3F90030A2
:101130005843642390FBF3F09C4B00B21880914B12
:10114000B3F90030834216DA1088401C00B21080D8
:10115000974AB2F900209042DBDB2170FFF788FF4D
:1011600000231A4602217C20FFF747FCBDE87040AF
:101170000020FFF762B800E001E0118070BD01803F
:10118000F9E72DE9F05FDFF8F081DFF828B28A4F48
:1011900098F80000DFF824A20125894E00244FF4BE
:1011A000167901286AD187480168491C91FBF9F238
:1011B000016009FB121030B983480078012802D180
:1011C000D0200FF0BEFBDAF80010504619B13A7883
:1011D0000AB9491E016008467C49B1F9001008436C
:1011E000397808430CD188F80040FFF741FF00230D
:1011F0001A4619467C20FFF700FC0020FFF71DF877
:1012000073480088A8B3BBF8000090B37148018808
:10121000491C0AB2704902800B7833B1012B0CD003
:10122000022B16D0032B1DD028E06C4B1D706C4B8D
:101230001B889A4222DB0D701FE0B6F900309A42FB
:10124000664A01DA157000E0147017DB4FF00202F5
:1012500006E0624B1C70634B1B889A420EDB032234
:101260000A700AE0B6F900309A425C4A02DA147059
:1012700001E003E0157001DB0C70048098F80000B9
:1012800002285ED14F480168491C91FBF9F20160C8
:1012900009FB121030B94C480078012802D1D42043
:1012A0000FF04FFBDAF80010504619B13A780AB93E
:1012B000491E016008464C49B1F9001008433978CD
:1012C00008430CD188F80040FFF7D2FE00231A46ED
:1012D00019467C20FFF791FB0020FEF7AEFF3C484B
:1012E000008800282DD0BBF80000002829D03948FC
:1012F0000188491C0AB2384902800B7863B1012B7E
:1013000012D0022B1FD0032B1BD1B6F900309A420A
:10131000324A6CDA14706BE0304B1D70304B1B8816
:101320009A420EDB0D700BE0B6F900309A422B4A60
:1013300001DA157000E0147003DB4FF0020209E0DF
:101340000480BDE8F09F254B1C70264B1B889A42F9
:10135000F7DB03220A70F3E7000000102C040010F2
:10136000A8C00720ACC0072030040010B0C0072080
:10137000B4C00720B6C0072073000010240400107A
:10138000320100105401001040020010340100101E
:1013900028040010A4C00720360100103C010010F2
:1013A000C601001094010010380100102A0400103A
:1013B0003E010010D2010010A00000103802001001
:1013C000D8010010340200109C000010960100109B
:1013D000D00100101E0400107600001075000010EF
:1013E000D4010010D601001098010010FFE715701D
:1013F000A7DB0C70A4E770B5FF480078032843D141
:10140000FE49FF480A68521C0A60B0F90050FD48C6
:10141000B0F900002B18FC48B0F900001C18FB487C
:10142000B0F9000026180020964204DCF84E08604F
:101430003288521C32800968F64E0122A94201DB33
:10144000327000E03070F44D8B4203DC8C4201DDE1
:101450002A7000E02870F1490A88521C12B20A80F2
:10146000B2F5167F10DB0880ED490A88521C12B2D3
:101470000A803C2A08DB0880EA490A88521C12B21A
:101480000A80182A00DB088070BD0121D0200FF0EF
:1014900058BA0121D4200FF054BA70B5E248008840
:1014A00002280AD1E1480188E148B0F9000011B1F1
:1014B000012829D001E0401C26D0CF480125002476
:1014C0000570DC48DD490460DB4800680860FFF710
:1014D000DCFFDB48057244728472DA48008840B150
:1014E000D948008828B1D9480480D9480470D9481F
:1014F0000570D94821460460D8480460BDE87040B2
:1015000040F61C400FF01DBA70BDC74810B50088EA
:1015100002280AD1C5480188C548B0F9000011B1B8
:1015200001282AD001E0401C27D0B3490220002422
:101530000870C048C1490460C94800680860FFF7E6
:10154000A8FFBF480121017244728472BD4800881F
:1015500040B1BD48008828B1BC480480BC48047034
:10156000BC480170BC4821460460BC480460BDE82A
:10157000104040F61C400FF0E4B910BD9E49032016
:10158000087070479C490020087070479A490020F5
:1015900008707047B349B1F90000002805D0A0F5E4
:1015A0001C52103A01D0401E08807047924900201A
:1015B00008709249086096490880984908809849BF
:1015C00008809849088070478B49002008704FE5D3
:1015D0002DE9F0410546A4480024A046008827468E
:1015E000022831D04FF4FA7630460FF0B3F8A84213
:1015F00044DA00BF06EB47000FF0ACF8A84200DC6D
:101600003C460A373FB2C82FF4DDC82C0EDA04F18D
:101610000A0708E006EB44000FF09CF8A84200DC43
:10162000A046641C24B2BC42F4DB27E05FF0C8048F
:1016300006EB44000FF08EF8A84200DCA046641CC4
:1016400024B2CA2CF4DD19E08848B0F90000291A48
:1016500009B2002905DB8649B1F90010081A0028F3
:1016600001DC002019E4C5EB4521490091FBF0F0B5
:1016700000B2052190FBF1F000B2804640460CE438
:101680002DE9F041054678480024A0460088274609
:10169000022831D04FF47A7630460FF05BF8A8423A
:1016A00044DA00BF06EB47000FF054F8A84200DC14
:1016B0003C460A373FB2C82FF4DDC82C0EDA04F1DD
:1016C0000A0708E006EB44000FF044F8A84200DCEB
:1016D000A046641C24B2BC42F4DB27E05FF0C804DF
:1016E00006EB44000FF036F8A84200DCA046641C6C
:1016F00024B2CA2CF4DD19E05E48B0F90000291AC2
:1017000009B2002905DB5C49B1F90010081A00286C
:1017100001DC0020A6E7C5EB4521490091FBF0F074
:1017200000B2052190FBF1F000B28046404699E7F7
:101730002DE9F05FDFF84491514F524E99F80000C7
:10174000514C322542F2ED784FF0000A40F2FE3B58
:1017500046282AD1307801284DD12088401C00B27B
:101760002080404509DB86F800A04849AC200FF0F6
:10177000AEF800210846FFF72DF94549A1F800B061
:10178000B4F9001091FBF5F005FB101100EB80029D
:101790003A80312909D14FF4FA7101EB40003D49FB
:1017A00000B2B1F900100FF092F899F80000452846
:1017B00021D1307801281ED12088401C00B2208021
:1017C000404509DB86F800A03049AE200FF07FF8D5
:1017D00000210846FFF7FEF8A7F800B0B4F90010A2
:1017E0002B4B91FBF5F005FB101100EB80021A80EA
:1017F000312900D150E05BE0730000103C02001082
:10180000E4010010E6010010E8010010EA010010F8
:10181000F0010010A2C00720220400109EC0072083
:1018200020040010A0C007202E010010300100107D
:101830006C010010340200102C020010380200105D
:1018400000000010D0010010D20100101E04001092
:1018500076000010750000102404001040020010F3
:1018600030020010360400104E0100104801001034
:10187000460100104C0100104A0100104402001003
:101880006601001074000010A8000010CDABFFFF2F
:1018900068010010520100104FF47A7101EB400012
:1018A000FF4900B2B1F90010BDE8F05F0FF00FB8CA
:1018B00047E52DE9F84FFB48DFF8ECB3008828B383
:1018C000FA48008810B3FA489BF80030B0F90010CD
:1018D000F848012B007807D0F74A022BB2F9002014
:1018E0000BD0F648028003E0012801D010B123E0BC
:1018F000F34820E0F3480188FAE7012801D018B145
:101900001AE0EE48028017E0EF4812E0EF48B0F925
:101910000000022868D0012868D0ED480188E84816
:101920000180EC48B0F90000022861D0012861D0A4
:10193000E9480188E1480180E8480021B0F9002029
:10194000DF48FEF7A3FCE6480021B0F90020DB48A1
:10195000FEF79CFCE34E00254FF0010970790A2840
:1019600012D2401CC0B270710A280DD3757186F86E
:101970000690F1794846052906D2491CC9B2F17191
:10198000052901D3F571F072DFF85CC3D74BD84A53
:101990009CF80000D74CD84F40F2FE3A31282BD0AB
:1019A0002B2871D02C286FD0D44AD54934286CD03C
:1019B000DFF85083462869D0452868D0482867D08A
:1019C000472874D09BF80000DFF83C83DFF83CB375
:1019D00001286DD002286CD003286BD01D70002028
:1019E0004B46B7F90010FDE3C94897E7C94895E7AA
:1019F000C9489EE7C9489CE79CF9010038B1012815
:101A00001DD01D70E562256384F8289012E2A6F8C7
:101A100014A0A6F816A083F8009050460021B7F94C
:101A2000002009E001EB410304EB4313491CD86299
:101A3000186383F82850C9B29142F3DBFAE11078B9
:101A400010B1012815D0F5E1B582F5821D70002096
:101A50004B46B7F9001009E000EB400204EB4212DC
:101A6000401CD562156382F82830C0B28842F3DB8F
:101A7000E0E1A6F814A0A6F816A083F8009050465E
:101A80000021B7F900200FE015E066E17BE1A6E157
:101A9000D1E100BF01EB410304EB4313491CD862C1
:101AA000186383F82850C9B29142F3DBC2E1FEE12A
:101AB00039E201E3F1E39CF9010020B1032802D0EF
:101AC00006285BD061E0A6F814A0A6F816A004F1E1
:101AD000280483F800906560A56084F8009065662E
:101AE000A56684F86090C4F8C450C4F8C85084F85F
:101AF000C090C4F82451C4F8285184F82091C4F847
:101B000084514846C4F8885184F88001C4F8E451EF
:101B1000C4F8E85184F8E001C4F84452C4F84852CB
:101B200084F84002C4F8A452C4F8A85284F8A00271
:101B3000C4F80453C4F8085384F80003C4F8645389
:101B4000C4F8685384F86003C4F8C453C4F8C85395
:101B500084F8C003C4F82454C4F8285484F820043A
:101B60009CF90200A4F1280400EB400004EB4010B3
:101B70005146C162016380F828505BE1107810B1D2
:101B800001284DD056E1B582F58204F128041D707C
:101B90006560A56084F800906566A56684F860902D
:101BA000C4F8C450C4F8C85084F8C090C4F8245194
:101BB000C4F8285184F82091C4F88451C4F888519D
:101BC00084F88091C4F8E451C4F8E85184F8E091B5
:101BD000C4F844524846C4F8485284F84002C4F855
:101BE000A452C4F8A85284F8A002C4F80453C4F85C
:101BF000085384F80003C4F86453C4F8685384F8A5
:101C00006003C4F8C453C4F8C85384F8C003C4F8CC
:101C10002454C4F8285484F82004A4F1280409E1C9
:101C2000A6F814A0A6F816A004F1280483F80090E2
:101C30006560A56084F800906566A56684F860908C
:101C4000C4F8C450C4F8C85084F8C090C4F82451F3
:101C5000C4F8285184F82091C4F884514A46C4F845
:101C6000885184F88021C4F8E451C4F8E85184F81C
:101C7000E021C4F84452C4F8485284F84022C4F821
:101C8000A452C4F8A85284F8A022C4F80453C4F89B
:101C9000085384F800235046C4F8645340E0000021
:101CA00054010010D001001073000010D201001088
:101CB000DA01001075000010DE010010C8010010EC
:101CC000C6010010DC010010E0010010CA01001084
:101CD00086010010CC0100108C010010A001001042
:101CE0007A0100100000001044020010B20300103E
:101CF0008A000010DCE30720C60000106601001017
:101D000068010010740000105201001080C007200C
:101D10008A01001088010010900100108E0100104F
:101D2000C4F8685384F86023C4F8C453C4F8C85393
:101D300084F8C023C4F82454C4F8285484F8202418
:101D40009CF90210A4F1280401EB410104EB4111BC
:101D5000C862086381F82850ACE3B1F900C00020E4
:101D6000B2F90020B7F900100AE000BF00EB400311
:101D700004EB4313401CC3E90B2C83F82850C0B27A
:101D80008842F3DB96E398F8000001284FF000004A
:101D900011D05146B7F900200AE000BF00EB400324
:101DA00004EB4313401CD962196383F82850C0B276
:101DB0009042F3DB7EE3B1F900C0B2F90020B7F93D
:101DC000001009E000EB400304EB4313401CC3E99F
:101DD0000B2C83F82850C0B28842F3DB6AE398F8F2
:101DE000000001284FF0000011D05146B7F9002043
:101DF0000AE000BF00EB400304EB4313401CD96230
:101E0000196383F82850C0B29042F3DB52E3B1F972
:101E100000C0B2F90020B7F9001009E000EB400360
:101E200004EB4313401CC3E90B2C83F82850C0B2C9
:101E30008842F3DB3EE39CF9010020B101284FF01A
:101E4000000012D023E05146B7F900200AE000BF9D
:101E500000EB400304EB4313401CD962196383F881
:101E60002850C0B29042F3DB24E35346B7F9001088
:101E70000AE000BF00EB400204EB4212401CC2E942
:101E80000B5382F82850C0B28842F3DB12E3B7F953
:101E9000001009E000EB400204EB4212401CD56246
:101EA000156382F82850C0B28842F3DB02E39CF944
:101EB000010020B101284FF0000012D023E051466C
:101EC000B7F900200AE000BF00EB400304EB431326
:101ED000401CD962196383F82850C0B29042F3DBEA
:101EE000E8E25246B7F900100AE000BF00EB4003F9
:101EF00004EB4313401CC3E90B2583F82850C0B200
:101F00008842F3DBD6E2B7F9001009E000EB4002AB
:101F100004EB4212401CD562156382F82850C0B20F
:101F20008842F3DBC6E2FF48B0F9000050B1FE4939
:101F30000B68834206DAFD4AB2F90010594391FB5F
:101F4000F0F01080B07978B3F948008840B1F948D2
:101F5000008828B1F8480078012832D0032830D012
:101F6000F648B0F90010F148B0F90000814204DAF7
:101F7000F348018801F1010104E004DDF048018823
:101F8000A1F10101018032225142ED48FEF77EF9B4
:101F9000EC48B8F90010B0F90000814205DABBF84E
:101FA000001001F1010105E00BE005DDBBF80010B8
:101FB000A1F10101ABF8001032225142E248FEF7D4
:101FC00065F9E048E149B0F90000B1F90010C0EB53
:101FD0004020400090FBF1F08246D448DC49B0F943
:101FE0000000B1F90010C0EB4020400090FBF1F080
:101FF0008046AC200EF0AEFBA0F52B41CD3909D1C7
:10200000D048B0F90000FFF7E3FAD24900EB8000B6
:1020100082460880AE200EF09DFBA0F52B41CD3905
:1020200009D1C248B0F90000FFF72AFBCA4900EB0A
:102030008000804608800020B7F900C039E0BC4924
:10204000098841B1BB49098829B1BB4909780129EF
:102050000ED003290CD0BBF900100FFA8AF25218E7
:1020600000EB400104EB4111CA620AD5CD620DE0DC
:1020700000EB400104EB4111CD620D6381F8289023
:1020800015E040F2FE339A4200DDCB62AC4A0FFA13
:1020900088F3B2F900209A180A6301D50D6304E0B1
:1020A00040F2FE339A4200DD0B6381F82850401C59
:1020B000C0B26045C3DBFDE1DFF8A0C2BCF900108F
:1020C000052902DD86F8099000E07572A4486423B2
:1020D000B0F9002092FBF3F3B3F1000801DC012317
:1020E0009846881A00B2FEF70BF90FFA88F1884279
:1020F00002DA86F80A9000E0B5723572B07AC8B19B
:10210000F07AF0B39548F572B0F900109448B0F940
:102110000000814204DABBF8001001F1010104E083
:1021200005DDBBF80010A1F10101ABF8001032226F
:10213000514235E0B07920B3707A10B37F48B0F9DE
:1021400000108848B0F90000814204DA7C48018818
:1021500001F1010104E004DD79480188A1F10101E8
:1021600001806FF03108322241467548FEF78EF843
:102170007A48B0F900107A48B0F90000814206DAD6
:1021800000E010E0BBF8001001F1010104E005DD02
:10219000BBF80010A1F10101ABF80010322241465A
:1021A0006948FEF773F8DFF8B8814FF46171B8F948
:1021B000000048436549B1F9001090FBF1F032305E
:1021C0000090AC200EF0C6FAA0F52B41CD3908D115
:1021D000B8F90000FFF7FCF95E4900EB80000090C1
:1021E000088000E060E1DFF87C815949B8F900001F
:1021F000B1F90010C0EB4020400090FBF1F08246A6
:10220000AE200EF0A7FAA0F52B41CD3908D1B8F9D0
:102210000000FFF735FA504900EB80008246088045
:102220000020B7F9008043E04149098841B14149A4
:10223000098829B140490978012913D0032911D00F
:1022400000EB400104EB411C0099BCF950200BB29B
:10225000BBF9001019445118CCF82C100BD5CCF850
:102260002C500EE000EB400104EB4111CD620D63F8
:1022700081F828901AE040F2FE32914201DDCCF85C
:102280002C202F490FFA8AF2B1F900105118CCF81E
:10229000301003D5CCF8305006E012E040F2FE32A8
:1022A000914201DDCCF830208CF82850401CC0B29F
:1022B0004045B9DB2C49009808802C49E06A088029
:1022C000F8E0B07968B32A48007850BB2948B0F9E3
:1022D000000000EB80011948B0F90000B0EB410F9D
:1022E00004DA1748018801F1010104E004DD144813
:1022F0000188A1F101010180524629461048FDF7ED
:10230000C5FF322251420E48FDF7C0FF1A48B0F90E
:10231000000000EB8001B8F90000B0EB410F32DAA9
:102320002CE041E02C01001034020010C601001026
:10233000D0010010D20100107600001054010010EE
:10234000080400109201001080C007207A010010DC
:10235000A001001044040010BEC00720FA030010C2
:10236000C80100109401001090C007201204001052
:10237000A2C00720EE010010EC010010BBF8001015
:1023800001F1010104E005DDBBF80010A1F101013C
:10239000ABF8001052462946FD48FDF777FF322280
:1023A0005142FC48FDF772FFFB4842F2EC71B0F974
:1023B00000004843F949B1F9001090FBF1F000909A
:1023C000F74842F2EC71B0F900004843F549B1F921
:1023D000001090FBF1F08046AC200EF0BBF9A0F5A8
:1023E0002B41CD390AD1EC48008800EB8000400039
:1023F00000B2FFF7EDF800EB80000090AE200EF089
:10240000A9F9A0F52B41CD390AD1E548008800EBA8
:102410008000400000B2FFF733F900EB80008046F7
:102420000020B7F9001032E0DF4A127842B100EB29
:10243000400204EB4212D562156382F8289024E032
:10244000009A13B2BBF900209A1800EB400304EB8A
:10245000431CCCF82C2002D5CCF82C5003E052457C
:1024600001DDCCF82CA0CA4A0FFA88F3B2F900209B
:102470009A18CCF8302002D5CCF8305003E0524501
:1024800001DDCCF830A08CF82850401CC0B2884246
:10249000CADB0FE000EB400204EB4212401CD562A5
:1024A000156382F82830C0B28842F3DBB848058053
:1024B000ABF80050BD49B1F90000D8B1401E00B2E0
:1024C0000880BB4ABB4908B915800D80B1F900C02E
:1024D0000020B2F90020B7F9001009E000EB40033A
:1024E00004EB4313401CC3E90B2C83F82850C0B203
:1024F0008842F3DB00204A46B7F900300EE000BF07
:1025000000EB400104EB41114F7817F08F0F03D01F
:10251000CD620D6381F82820401CC0B29842EFDBE9
:10252000B571BDE8F88F00EB4001A34810B500EB92
:102530004110017803297ED190F83E204FF00A0126
:102540009307B0F942300DD50A2B16DA5B1C1BB28B
:10255000A0F842300A2B10DBA0F84210437843F079
:10256000010309E04BB1A3F101031BB2A0F8423013
:102570001BB9437823F0010343701307B0F94430CB
:102580004FF000040DD50A2B1BDA5B1C1BB2A0F820
:1025900044300A2B15DBA0F84410437843F00203C3
:1025A0000AE0002B0ADDA3F101031BB2A0F84430BE
:1025B0003BB9437823F00203437002E001DAA0F84C
:1025C0004440D3060FD5B0F946300A2B17DA5B1C0E
:1025D0001BB2A0F846300A2B11DBA0F84610417858
:1025E00041F004010AE0B0F9461041B1491E09B2B8
:1025F000A0F8461019B9417821F0040141706F49E3
:102600000B78012B01D0022B34D16D49098861B3BD
:102610006C49022BB1F9001002D16B49B1F90010DD
:102620006A4BB3F9003064335943642391FBF3F1EF
:1026300009B2674B00E04EE0198083698B4290F845
:10264000521013DD634BB3F9003003EB8303B1EB9E
:10265000430F0FDA491CC9B280F85210B1EB430F97
:1026600008DB417841F08001417003E011B1491E5F
:1026700080F85210417811F08F0F01D004220FE042
:10268000554B1B7823B1C378142B01D9052207E0E1
:10269000920601D5022203E0C278142A01D2012257
:1026A0008270C2780A2A90F8282006D342F080026D
:1026B00080F8282041F0080105E002F07F0280F850
:1026C000282021F0080141704449B1F91420C26268
:1026D000B1F91610016310BD2DE9F0473748404E9F
:1026E0003E4C0078002510B3B6F9000000EB8001E5
:1026F000B4F92800B0EB410F01DA401C20853948BD
:10270000DFF8E48047F2305AB0F9000000EB8001B6
:10271000B8F90000B0EB410F0BDD608D5246401C54
:1027200060852E4800212A30FDF7B0FD02E02585A6
:10273000E5E76585DFF8B4900127B9F9000000EB03
:102740008001B4F92A00B0EB410F0ADBB6F90010A2
:10275000B4F9282001EB8101B2EB410F01DB2773B3
:1027600001E000B925732248B0F9000000EB8001B8
:10277000B8F90000B0EB410F3CDAA08D5246401C86
:10278000A085164800212C30FDF780FD33E00000C5
:102790000804001080C00720EC0100107A0100102E
:1027A000EE010010A0010010A2C007203A040010A2
:1027B00038040010BCC00720DCE3072073000010C1
:1027C0004001001092010010C801001042010010E9
:1027D000BAC00720440100107DC00720000000108F
:1027E000AE010010B801001052010010B00100103D
:1027F000B6010010A585B9F9000000EB8001B4F91D
:102800002C00B0EB410F0ADBB6F90010B4F9282018
:1028100001EB8101B2EB410F01DB677302E030B1E4
:10282000607B28B1207B18B1A773BDE8F087657382
:10283000A573FAE72DE9F05FB748DFF8E482DFF827
:10284000E4B20178B548DFF8E0A2B84DB0F9000075
:10285000B74E0027B74C022911D0012925D0278077
:10286000B5492868B1F90010884243DDB3493068A2
:10287000B1F9001088423DDA2088401C3CE0DFF8C6
:10288000C092B9F80010401A00B200F0A7FAC8F8D8
:10289000000064214843B9F90010DFF8A88290FBDA
:1028A000F1F02860BBF8001014E0DFF89C92B9F852
:1028B0000010401A00B200F091FAC8F8000064213C
:1028C0004843B9F90010DFF8848290FBF1F02860EA
:1028D000BBF80010B8F80000081A00B200F07EFA49
:1028E0006421CAF800004843B8F9001090FBF1F0E9
:1028F0003060B5E72088401E954D20800A21288849
:1029000000EB800001EB400002B200218948FDF796
:10291000BDFC8148007800B927808E488E498F4AD7
:102920000068B1F9001088420ADBB5F90030B4F94B
:10293000006003EB8303B6EB430F01DD012313704B
:10294000884208DBB5F90000B4F9001000EB800004
:10295000B1EB400F00DC1770BDE8F09F2DE9F04FA0
:102960006D48DFF8FCE1814B90F800C07D48B3F979
:1029700000607F4B0078BEF9004082467A48012211
:10298000B3F9003000780021834674480578AEF131
:102990003200877B90F80D80007B8146AEF1040009
:1029A00024B3012C0AD0022C13D0032C19D0042CF0
:1029B0001FD0052C29D0062C33D039E0BCF1030FF1
:1029C00003D0BBF1000F32D02FE0BAF1000F2ED1AF
:1029D0002BE016B1012E02D02AE00DB327E02DB175
:1029E00023E013B1012B02D022E0CFB11FE0F7B1F9
:1029F0001BE013B1012B04D01AE0B8F1000F14D082
:102A000015E0B8F1000F12D00FE013B1012B04D084
:102A10000EE0B9F1000F08D009E0B9F1000F06D0BF
:102A200003E04F4CA41E24780CB1027000E001704A
:102A3000BEF902407CB1012C10D0022C1AD0032C1C
:102A400021D0042C28D0052C31D0062C04D1444BA5
:102A50009B1E5B7843B94170BDE8F08FBCF1030F5A
:102A600004D0BBF1000FF6D04270F5E7BAF1000FC9
:102A7000F1D1F9E726B1012EEED1002DF4D1EAE72C
:102A8000002DF1D0E7E723B1012BE5D1002FEBD1E9
:102A9000E1E7002FE8D0DEE72BB1012BDCD1B8F164
:102AA000000FE1D1D7E7B8F1000FDDD0D3E72BB1AC
:102AB000012BD1D1B9F1000FD6D1CCE7B9F1000F7C
:102AC000D2D0C8E72B49086820F4404008602A4863
:102AD000026842F080020260214A121F1378012B23
:102AE000436912D043F0800343610B6823F44063D1
:102AF0000B60016841F020010160517801294169B2
:102B000006D041F020014161704723F08003EBE7DC
:102B100021F02001F7E700007300001052010010BF
:102B200014040010540100101804001094C0072071
:102B300098C007209CC00720B2010010B40100100B
:102B40008C0100109401001092010010C6010010C9
:102B5000AC01001034020010AA0100101C04001087
:102B6000320000102204001075000010A6010010B1
:102B7000A801001000C0024000C009202DE9F84F54
:102B800007460020804605460446542659B10129CF
:102B900004D0022904D0032904D004E0552602E021
:102BA000752600E04C268C48DFF8289207EB470397
:102BB0004FF0000A00EB4310012A02D0002A7ED019
:102BC00003E131B1012908D002290AD003290CD030
:102BD0000FE0427842F001020AE0427842F002023D
:102BE00006E0427842F0040202E0427842F0080235
:102BF000427080F84F1053208DF800008DF801705E
:102C00008DF8026055468DF803A0694628460DF000
:102C1000DAFE6946042000950DF0D5FEB9F83C00B7
:102C200009F120048DF80000207E8DF80100207B42
:102C30008DF802008DF8035069464FF008000DF042
:102C4000C2FE207A8DF8000020798DF801002078EE
:102C50008DF802008DF8035069460C200DF0B3FE8C
:102C600041248DF800408DF801408DF802408DF828
:102C70000340694610200DF0A6FE8DF800408DF847
:102C800001408DF802408DF80340694614200DF094
:102C90009AFE8DF800408DF801408DF802408DF8C5
:102CA0000340694618200DF08EFE8DF800408DF827
:102CB00001408DF802408DF80340694600E001E0D4
:102CC0001C2080E031B1012908D0022913D003294A
:102CD00015D007E0417821F0010102E0417821F0B0
:102CE0000201417005F110004FEA000B9DF8000051
:102CF000532818D107E0417821F00401F1E7417829
:102D000021F00801EDE79DF80100B8420BD19DF8D4
:102D10000200B04207D1694658460DF098FD9DF873
:102D20000000412805D0F4B3641EA4B24445DDD1AF
:102D30004BE09DF801004128F5D19DF802004128A3
:102D4000F1D19DF803004128EDD1B9F83C0009F11B
:102D500020048DF80000207E8DF80100207B8DF886
:102D6000020056468DF803A0694658460DF02BFE2A
:102D7000207A8DF8000020798DF8010020788DF8F8
:102D800002008DF80360694605F114000DF01BFE8A
:102D900042248DF800408DF801408DF802408DF8F6
:102DA0000340694600E013E005F118000DF00BFE4A
:102DB0008DF800408DF801408DF802408DF80340F9
:102DC000694605F11C000DF0FEFD00BFBDE8F88F5F
:102DD0003F248BE700400240DCE30720002801DAB3
:102DE000404200B2704710B540F2D4700DF0B2FC12
:102DF000FF4C207040F2D6700DF0ACFC60704FF4C8
:102E0000FB600DF0A7FCA07040F2DA700DF0A2FCA0
:102E1000E07040F2DC700DF09DFC207240F2DE703C
:102E20000DF098FC60724FF4FC600DF093FCA07202
:102E300040F2E2700DF08EFCE0724FF401600DF094
:102E400089FC207140F612000DF084FC607140F6A0
:102E500014000DF07FFCA07140F616000DF07AFC16
:102E6000E07110BDE34810B5016821F0E061016038
:102E70004168E24AC1F30B13DF4C117824F811309A
:102E8000491CC9B21170032903D2016841F0807155
:102E9000016010BD2DE9FF41D94C0025E08CE08593
:102EA000032020852078401CC0B204F82209232882
:102EB00002D384F8225001E020285AD82120FDF7BF
:102EC00096F9D04948B1D0480088222805D191F917
:102ED000020094F82220904249D094F82A00DFF8AA
:102EE0002C8348BB0878ED227E2813D194F8220069
:102EF000A8F120010B5C5B1CDBB20B54032B01D34C
:102F00000D5407E0012B02D0022B02D002E0EB228D
:102F100000E0EC2294F8220000EB400308EB43139E
:102F200003F1280319795F7A1E7A5D798DE8E20052
:102F30001B7801460DF07DFF94F82200202816D260
:102F400000EB400108EB4110C1783C2905D2491C37
:102F5000C9B2C170032902D207E03C21C1700179D6
:102F6000032902D24179491C4171C1780171BDE840
:102F7000FF81A3492239212891F82A101CD0222848
:102F8000F5D10029F3D19F480A21D438B0F90E00B9
:102F900090FBF1F09B49C0B2C0394A780B78891E8A
:102FA0004C7800940390CDE901320B782922FF215F
:102FB00008460DF03EFFDAE70029D8D190482E30C0
:102FC0004178027808384378CDE90032CDE902151E
:102FD00003786222EBE78B49002052390870487071
:102FE00088705231487070472DE9F04FDFF810E2D9
:102FF0004FF03C0BAEF1220E0EF1800101F1800A80
:10300000B1F96230B1F9644001F580719EF82B008E
:103010004E6C896C96FBFBF591FBFBF70FFA81F880
:103020007146BAF92C2091F803C03FB2BAF92E10BC
:103030002DB236B2B946A8B101283DD10AF11C0023
:10304000BAF81C708786BAF8247007874386C4864E
:10305000BAF9287050468FB34FF6FF705346AAF85E
:103060004C0018E00AF11600BAF822704787BAF847
:103070001670C78703878487BAF926705046002FD9
:10308000EAD103465F48A0F15400C06B1BE000BFCB
:1030900090FBFBF019E03A431AD011B1A3F84A5063
:1030A00008E0A3F84A6005E0A3F84A9002E000BFF8
:1030B000A3F84A808EF82EC0BDE8F08FFFE70346E4
:1030C00050485438006C0029E2D1A3F84C00E2E7E4
:1030D0000029EDD0E8E7F0B500204D4A01464FF455
:1030E000F4731154401C00B29842FADBDFF814E18B
:1030F00000200EF1420E14277A21414300EB800399
:103100009B0000EB80041BB207EB84051FE000BFAF
:103110001EF803405E2C21D03E4E04EB440416F80A
:1031200014C002F801C006EB4404491C66785654EA
:10313000491CA6785654491CE6785654491C2679F1
:103140005654491C64795454491C5B1C1BB29D4263
:10315000DEDC401C00B20428CEDBF0BD4FF07E0C5C
:1031600002F801C0491C42245454491C5A265654A2
:10317000491C5654491C5454491C02F801C0E3E749
:103180002DE9F04F244AE9B00521127800200DF115
:10319000D00E1AB921A0349001200621254A1278B8
:1031A00042B925A34EF8203000F1010001F10101E0
:1031B000C0B2C9B2154A53781B060ED524A44EF8E6
:1031C000204000F10100C0B227A44EF8204000F1D9
:1031D000010001F10201C0B2C9B292F861301B06D0
:1031E00064D527A44EF8204000F10100C0B253E09E
:1031F000A429082000400340360000100000001001
:1032000092000010440200104C000010DCE3072084
:10321000DCEF0720049A01001100001020CEF2F12B
:10322000F3F2F1F2E2F3E5F220F4E0E7E0204220ED
:10323000000000001200001020CEF2F1F3F2F1F2D3
:10324000E2F3E5F220F4E0E7E02043200000000094
:1032500020C1CFD1204E3120E7E0E1EBEEEAE8F0EB
:10326000EEE2E0ED000000002020EFEE20EFF0E5C0
:10327000E2FBF8E5EDE8FE2055E2FBF5000000007A
:1032800020C1CFD1204E3220E7E0E1EBEEEAE8F0BA
:10329000EEE2E0ED00000000AFF234044EF8204012
:1032A00000F1010001F10201C0B2C9B292F8C130CF
:1032B0001B060FD5FFA44EF8204000F10100C0B25C
:1032C000AFF25C044EF8204000F1010001F1020170
:1032D000C0B2C9B292F821311B060FD5FBA44EF83B
:1032E000204000F10100C0B2AFF284044EF820404B
:1032F00000F1010001F10201C0B2C9B292F88131BE
:103300001B060FD5F7A44EF8204000F10100C0B213
:10331000AFF2AC044EF8204000F1010001F10201CF
:10332000C0B2C9B292F8E1311B060FD5F3A44EF832
:10333000204000F10100C0B2AFF2D4044EF82040AA
:1033400000F1010001F10201C0B2C9B292F84132AC
:103350001B060FD5EFA44EF8204000F10100C0B2CB
:10336000AFF2FC044EF8204000F1010001F102012F
:10337000C0B2C9B292F8A1321B060FD5EBA44EF829
:10338000204000F10100C0B2AFF224144EF82040FA
:1033900000F1010001F10201C0B2C9B292F801339B
:1033A0001B060FD5E7A44EF8204000F10100C0B283
:1033B000AFF24C144EF8204000F1010001F102017F
:1033C000C0B2C9B292F861331B060FD5E3A44EF820
:1033D000204000F10100C0B2AFF274144EF820405A
:1033E00000F1010001F10201C0B2C9B292F8C1338B
:1033F0001B060FD5DFA44EF8204000F10100C0B23B
:10340000AFF29C144EF8204000F1010001F10201DE
:10341000C0B2C9B292F821341B060FD5DBA44EF816
:10342000204000F10100C0B2AFF2C4144EF82040B9
:1034300000F1010001F10201C0B2C9B292F8813479
:103440001B060FD5D7A44EF8204000F10100C0B2F2
:10345000AFF2EC144EF8204000F1010001F102013E
:10346000C0B2C9B292F8E1341B060FD5D3A44EF80E
:10347000204000F10100C0B2AFF214244EF8204009
:1034800000F1010001F10201C0B2C9B292F8413568
:103490001B060FD5CFA44EF8204000F10100C0B2AA
:1034A000AFF23C244EF8204000F1010001F102018E
:1034B000C0B2C9B292F8A1351B060FD5CBA44EF805
:1034C000204000F10100C0B2AFF264244EF8204069
:1034D00000F1010001F10201C0B2C9B292F8013657
:1034E0001B060FD5C7A44EF8204000F10100C0B262
:1034F000AFF28C244EF8204000F1010001F10201EE
:10350000C0B2C9B292F861361B060FD5C3A44EF8FB
:10351000204000F10100C0B2AFF2B4244EF82040C8
:1035200000F1010001F10201C0B2C9B292F8C13646
:103530001B060FD5BFA44EF8204000F10100C0B219
:10354000AFF2DC244EF8204000F1010001F102014D
:10355000C0B2C9B2BD4A92F8212712060AD5BCA34F
:103560004EF82030401CC0B2AFF20433891C4EF834
:103570002030C9B2BC48B0F9568080F80080027A89
:10358000521CD2B20272142A08D300220272C379EA
:103590005B1CDBB2C3718B4200D3C271B348DFF84E
:1035A000CCA202AC0178D438AAF1540AB0F96290E6
:1035B000D430AAF5807B90F9045090F90100421BA9
:1035C000E9B3A94BA94FB3F956309B1E7F2901F0EF
:1035D0008B830D2901F0C7837E2901F04E852129B7
:1035E00001F095853B466E2993F9043004EB830680
:1035F00001F09D853B465B789B1E5BB26F2901F015
:10360000BE85712901F051866D2902F0DD806C299B
:1036100002F017813E46B94696F902707678761E1A
:103620004FFA86FC6A294E4602F065810F2902F0A6
:10363000CA811029FBD0042902F0EE8100E04AE1A2
:10364000894EDFF82CE24FF05E09B67E402902F089
:10365000F184722902F0BE86DFF81092362903F059
:103660008781342903F0CD81772903F005827829F9
:1036700003F03E82742903F08A82732903F08D825D
:103680004F46752903F0C3825D2903F0E184483F6A
:10369000612903F061856229FBD0642903F06F85FD
:1036A000652903F0B885662903F004864F46122980
:1036B000E0E0000020C1CFD1204E3320E7E0E1EB75
:1036C000EEEAE8F0EEE2E0ED0000000020C1CFD12C
:1036D000204E3420E7E0E1EBEEEAE8F0EEE2E0ED48
:1036E0000000000020C1CFD1204E3520E7E0E1EB03
:1036F000EEEAE8F0EEE2E0ED0000000020C1CFD1FC
:10370000204E3620E7E0E1EBEEEAE8F0EEE2E0ED15
:103710000000000020C1CFD1204E3720E7E0E1EBD0
:10372000EEEAE8F0EEE2E0ED0000000020C1CFD1CB
:10373000204E3820E7E0E1EBEEEAE8F0EEE2E0EDE3
:103740000000000020C1CFD1204E3920E7E0E1EB9E
:10375000EEEAE8F0EEE2E0ED0000000020C1CFD19B
:10376000204E313020E7E0E1EBEEEAE8F0EEE2E077
:10377000ED00000020C1CFD1204E313120E7E0E143
:10378000EBEEEAE8F0EEE2E0ED00000020C1CFD180
:10379000204E313220E7E0E1EBEEEAE8F0EEE2E045
:1037A000ED00000020C1CFD1204E313320E7E0E111
:1037B000EBEEEAE8F0EEE2E0ED00000020C1CFD150
:1037C000204E313420E7E0E1EBEEEAE8F0EEE2E013
:1037D000ED00000020C1CFD1204E313520E7E0E1DF
:1037E000EBEEEAE8F0EEE2E0ED00000020C1CFD120
:1037F000204E313620E7E0E1EBEEEAE8F0EEE2E0E1
:10380000ED00000020C1CFD1204E313720E7E0E1AC
:10381000EBEEEAE8F0EEE2E0ED00000020C1CFD1EF
:10382000204E313820E7E0E1EBEEEAE8F0EEE2E0AE
:10383000ED00000020C1CFD1204E313920E7E0E17A
:10384000EBEEEAE8F0EEE2E0ED000000DCE307205A
:1038500020C1CFD1204E323020E7E0E1EBEEEAE8A4
:10386000F0EEE2E0ED0000007000001044020010F5
:1038700038A0010003F06D85442903F0A485A9F563
:10388000EA7746293F7903F00C87482903F04687F9
:10389000452903F06C874F46472903F0B18731294A
:1038A00003F0D087762903F0E2872D2904F02F80DA
:1038B00009234FF00F084FF00C092B2904F08682E2
:1038C0002C2904F084835B2904F09085702904F08E
:1038D000B78504F0FEBDCA49C978884603292ED0B1
:1038E000C749C84B91F82B7001F5EA714978C91E98
:1038F00049B20091B3F908100191C149B3F9606070
:10390000803B91F806C0B3F9423066934B79C97E8B
:10391000002F7ED0012F7DD0DFF8E4C2022F7AD0B5
:10392000B8F1020F00F0C687B7A70297002E00F08B
:10393000FE87012B00F0D687B9A700F0F7BFBEA025
:103940000290C3A00390C8A00490CDA002AD03468E
:10395000059007CDFDF765F8AA4DDAF84C005646FC
:10396000B5F97410884203DA00222121CAA019E0B7
:10397000B5F976201144814203DD00222121C7A040
:1039800010E0B5F978201144814203DD00222121A5
:10399000C3A007E0B5F97A201144814204DD00227A
:1039A0002121C0A0FDF76DF805F17C050022688893
:1039B0002B2180B2FCF717FF28880022402180B21B
:1039C000FCF711FFBBF964000A2590FBF5F05F4698
:1039D00080B200222321FCF706FFB7F96200002223
:1039E00090FBF5F080B22421FCF7FDFE3088002228
:1039F000401C5E2180B2FCF7F6FEF06C90FBF5F106
:103A00003C2091FBF0F200FB1210002280B27321E7
:103A100002E00CE0E5E2F6E3FCF7E5FEF06C4FF4C3
:103A2000167190FBF1F0002280B25421ECE3B8F162
:103A3000010F09D09CA10291002E46D0012B28D065
:103A4000002B42D19EA13FE0A3A70297002E3CD0BD
:103A5000B9F1000F05D0BCF1010F06D0BCF1030F86
:103A600003D0012B07D0E3B12FE0890701D5A0A136
:103A70002AE099A128E041B1012908D0022908D003
:103A8000032908D0042908D014E09FA11CE0A4A1B8
:103A90001AE0A9A118E0AEA116E0B3A114E082A13A
:103AA00012E051B101290AD00229CBD0032908D054
:103AB000042908D00529F2D007E0B1A104E0B6A19D
:103AC00002E0BBA100E0C0A1029161A10391C4A1E9
:103AD0004B4E0491B8F1010F05D1C7A1049166992D
:103AE00009B1CBA1049160A10591CFA10691D4A108
:103AF0000791D9A10891DEA10991E3A10A91E8A15A
:103B00000B91EDA10C913F49D431032A01DD0098BE
:103B100001E0A84200DA087101983A4D0F2806DD4D
:103B2000EBA3F1A2F6A1FCA0FCF77BFF1AE0F07971
:103B3000052808D291F9047004EB8700001D0EC817
:103B400054F8270009E091F904100EEB800004EB13
:103B50008101091D50F8140C0EC9FCF762FF00200A
:103B6000FCF7FBFEB5F8600010B1B5F8620020B9B3
:103B700000225E21EEA0FCF784FFB5F956004FF459
:103B80007A78404503DA01222B2180B205E00A2130
:103B900090FBF1F080B200222B21FCF724FEBBF950
:103BA00064005F46404503DA0122232180B205E02C
:103BB0000A2190FBF1F080B200222321FCF713FED2
:103BC000B7F962004746B84203DA0122242180B2E5
:103BD00005E00A2190FBF1F080B200222421FCF7DD
:103BE00002FEB5F92200B84209DA01227B2180B237
:103BF000FCF7F9FD688C0122402180B2A9E199E12E
:103C0000700000107001001020C8F1F2EEF7EDE82E
:103C1000EA20EDE0EFF02E205E20202000000000E2
:103C200020C8F1F2EEF7EDE8EA20EDE0EFF02E200B
:103C30005E3C3C3C00000000202020C8D1CFDBD2FD
:103C4000C0CDC8C520D4C0C7C020212000000000BE
:103C50002049F3202020202BC020556D61782020A2
:103C60002020404200000000204920202020202366
:103C7000C0205520202020202020244200000000C9
:103C800020D6E8EAEB204E2020205E202020305471
:103C90003A307320000000004100000042000000A4
:103CA000430000004400000020C8F1F2EEF7EDE808
:103CB000EA20F2EEEAE020205E2020200000000052
:103CC00020C8F1F2EEF7EDE8EA20F2EEEAE020207B
:103CD0005E3C3C3C0000000020C8F1F2EEF7EDE84D
:103CE000EA20F2EEEAE02020202020200000000060
:103CF00020C8F1F2EEF7EDE8EA20F2EEEAE020204B
:103D00005E203C3E0000000020C8F1F2EEF7EDE836
:103D1000EA20F2EEEAE020205E3E202000000000D3
:103D200020C8F1F2EEF7EDE8EA20F2EEEAE020201A
:103D30005E3E3E200000000020C8F1F2EEF7EDE804
:103D4000EA20F2EEEAE020205E3E3E3E0000000067
:103D500020C8F1F2EEF7EDE8EA20F2EEEAE02020EA
:103D60005E203E3E0000000020C8F1F2EEF7EDE8D4
:103D7000EA20F2EEEAE020205E20203E0000000073
:103D800020C8F1F2EEF7EDE8EA20F2EEEAE02020BA
:103D90005E20203C0000000020C8F1F2EEF7EDE8C4
:103DA000EA20F2EEEAE020205E203C3C0000000029
:103DB00020C8F1F2EEF7EDE8EA20F2EEEAE020208A
:103DC0005E3C3C200000000020C8F1F2EEF7EDE878
:103DD000EA20F2EEEAE020205E3C20200000000015
:103DE00020C4EBE8F22DF1F2FC2E202030743A30A2
:103DF000543A30730000000020202020202030742E
:103E00003A30543A30732020202020200000000057
:103E10002030743A30543A30732020202020207112
:103E2000C02AF720000000002055EC61782EE8F150
:103E3000F22EF2EEEAE0202020207BC200000000FB
:103E400020C0E2E0F0E8E8202020202020202020F0
:103E5000202020200000000020C2FBF5EEE42020FE
:103E600020202020202020202020202000000000D2
:103E700020D3F1F2E0EDEEE2EAE82020202020203D
:103E8000202020200000000020C2FBEFF0FFECE823
:103E9000F2E5EBE820202020202020200000000078
:103EA00020C2E5F0F1E8FF20CFCE20D3CAD32020F6
:103EB000202020200000000020C2E5F0F1E8FF20D3
:103EC000CFCE20C1CFD12020202020200000000014
:103ED00020E8EBE820EDE5F1EAEEEBFCEAEE20F479
:103EE000E0E72E20000000002020CEF2F1F3F2F1F6
:103EF000F2E2F3E5F220EEE4EDE020200000000025
:103F0000202020202020F1E5F2E82121212120207D
:103F100020202020000000002020C0E2E0F0E8FF88
:103F200020EFE8F2E0FEF9E5E920202000000000A3
:103F3000200000000A2790FBF7F080B200227B21CE
:103F4000FCF751FCB5F92200002290FBF7F080B29B
:103F50004021FCF748FCF07801283BD1B5F92C0052
:103F6000B5F9261000F0BABEDAF844003C2590FB03
:103F7000F5F105FB1100574680B200227321FCF7D2
:103F800032FC786C002290FBF5F090FBF5F105FB1C
:103F9000110080B25421FCF726FC796C70E1DAF84C
:103FA00048003C2790FBF7F107FB1100554680B213
:103FB00000227321FCF717FCA86C002290FBF7F09D
:103FC00090FBF7F107FB110080B25421FCF70BFCCA
:103FD000A96C55E1E88C00287ED1F1E3FCF751FD96
:103FE00087E1B8F1020F0AD0AFF2E4310291002E5E
:103FF00047D0012B27D07BBBAFF2DC3140E0D7A705
:1040000002974EB3B9F1000F05D0BCF1010F06D0F5
:10401000BCF1030F03D0012B07D0F3B131E08907C6
:1040200001D5D4A12CE0CDA12AE041B1012908D0CD
:10403000022908D0032908D0042908D016E0D3A10A
:104040001EE0D8A11CE0DDA11AE0E2A118E0E7A182
:1040500016E0AFF24C4113E013E051B101290AD050
:104060000229C9D0032908D0042908D00529F0D095
:1040700007E0E4A104E0E9A102E0EEA100E0F3A181
:104080000291F8A10391AFF2A821FC4E0491B8F17E
:10409000020F07D1AFF2A0210491669911B1AFF2DE
:1040A00090210491F6A10591FBA10691AFF2702138
:1040B0000791AFF25C210891AFF24C210991AFF268
:1040C00038210A91AFF228210B91AFF214210C9103
:1040D000F749032A03DD00E013E1009801E0A8425C
:1040E00000DA0871F24D0198D43D0F280ADDAFF2D5
:1040F0002023AFF20C22AFF2F811AFF2E410FCF77C
:1041000090FC1AE0F079052808D291F9047004EBCC
:104110008700001D0EC854F8270009E091F904102B
:104120000EEB800004EB8101091D50F8140C0EC940
:10413000FCF777FC0020FCF710FCB5F8600010B12C
:10414000B5F8620028B900225E21AFF21C20FCF70E
:1041500098FCB5F958004FF47A78404503DA01220B
:10416000252180B205E00A2190FBF1F080B2002207
:104170002521FCF738FBBBF962005F46404503DAB6
:104180000122262180B205E00A2190FBF1F080B2E5
:1041900000222621FCF727FBB7F964004746B84206
:1041A00003DA0122232180B205E00A2190FBF1F01D
:1041B00080B200222321FCF716FBB5F92400B84297
:1041C00009DA01227D2180B2FCF70DFBA88C0122C7
:1041D0007D2180B20EE00A2790FBF7F080B200222A
:1041E0007D21FCF700FBB5F92400002290FBF7F0DD
:1041F00080B27D21FCF7F7FAF078022805D0288DEF
:1042000000287ED152E090E078E0B5F92C00B5F9B5
:10421000281008431AD0DAF844003C2790FBF7F145
:1042200007FB1100554680B200227321FCF7DBFA30
:10423000686C002290FBF7F090FBF7F107FB110090
:1042400080B25421FCF7CFFA696C19E0DAF8480023
:104250003C2590FBF5F105FB1100574680B200228A
:104260007321FCF7C0FAB86C002290FBF5F090FBCC
:10427000F5F105FB110080B25421FCF7B4FAB96CDA
:104280004FF4616091FBF0F080B200227421FCF7E2
:10429000AAFAB07D68B300223A21AFF26C30FCF785
:1042A000F0FB00223A21AFF2783097E6DAF84000CE
:1042B0003C2590FBF5F105FB1100564680B200222B
:1042C0007321FCF790FA306C002290FBF5F090FB24
:1042D000F5F105FB110080B25421FCF784FA316C32
:1042E0004FF4616091FBF0F080B200227421FCF782
:1042F0007AFADAF850000122712180B2FCF773FAE1
:1043000000E09DE25D48C078012807D0684A00219E
:10431000D43A0228A2F85A1004F0DB806449002045
:10432000D439A1F85C0004F0D4B8B8F1010F08D07A
:10433000AFF28C67029766B1012B0CD0AFF28067A9
:10434000ECE0AFF26C6702971EB1012B04D00BB109
:10435000E5E0E4E0CAE0BDE0ACE0000020C8F1F236
:10436000EEF7EDE8EA20EDE0EFF02E20202020200F
:104370000000000020C8F1F2EEF7EDE8EA20EDE0E1
:10438000EFF02E205E203C3E0000000020C8F1F23D
:10439000EEF7EDE8EA20EDE0EFF02E205E3E202083
:1043A0000000000020C8F1F2EEF7EDE8EA20EDE0B1
:1043B000EFF02E205E3E3E200000000020C8F1F20B
:1043C000EEF7EDE8EA20EDE0EFF02E205E3E3E3E17
:1043D0000000000020C8F1F2EEF7EDE8EA20EDE081
:1043E000EFF02E205E203E3E0000000020C8F1F2DB
:1043F000EEF7EDE8EA20EDE0EFF02E205E20203E23
:104400000000000020C8F1F2EEF7EDE8EA20EDE050
:10441000EFF02E205E20203C0000000020C8F1F2CA
:10442000EEF7EDE8EA20EDE0EFF02E205E203C3CD8
:104430000000000020C8F1F2EEF7EDE8EA20EDE020
:10444000EFF02E205E3C3C200000000020C8F1F27E
:10445000EEF7EDE8EA20EDE0EFF02E205E3C2020C4
:10446000000000002055F320202020254220496D27
:104470006178202020207D410000000070000010A5
:1044800020552020202020264220492020202020A6
:1044900020202341000000002049EC61782EE8F143
:1044A000F22EEDE0EFF02E2020207D4100000000F4
:1044B0004402001041B1012909D002290AD0032980
:1044C0000BD004290CD01BE0AFF2C47726E0AFF28A
:1044D000B07723E0AFF2A07720E0AFF28C771DE059
:1044E000AFF27C771AE0AFF6400717E059B1012927
:1044F0000CD002293FF422AF03290AD004290BD0A3
:104500000529F0D00BE0AFF2887707E0AFF27877BB
:1045100004E0AFF2647701E0AFF254770297AFF6B0
:10452000D0070397AFF248770497B8F1010F07D18E
:10453000AFF23C770497669F17B1AFF22C770497E0
:10454000AFF6DC070597B8F1020F0CD0AFF64811B3
:1045500006917EB3012B03D0AFF63C11069129E002
:10456000AFF2A811FAE7AFF20C270697FEB1012BC4
:1045700001D053B31BE041B1012909D002290BD06E
:1045800003290CD004290DD00FE0AFF2002101E087
:10459000AFF2F01106910AE0AFF2E011FAE7AFF2E4
:1045A000CC11F7E7AFF2BC11F4E7052925D09CF850
:1045B000141029B3AFF254110791AFF2DC71E14648
:1045C0000891B8F1020F1DD024E051B101290BD0A0
:1045D00002290CD003290DD00429E6D1AFF29411A1
:1045E000D8E7AFF2E011D5E7AFF2D011D2E7AFF6DE
:1045F000D011CFE7AFF2C411CCE7AFF6F411C9E7A1
:10460000FFA1ABE7AFF610010891669911B1AFF6C3
:1046100000010891AFF298110991AFF2F4710A917B
:10462000AFF28C110B91AFF2E8710C91AFF2D8712F
:104630000D91AFF2C4710E91AFF2B4710F91AFF260
:10464000A0711091AFF29071DFF8CC831191032A21
:1046500003DD009988F8041003E0A84201DA88F825
:104660000400ED4D0198D43D0F280ADDAFF2A07390
:10467000AFF28C72AFF27871AFF26470FCF7D1F9DF
:104680001BE09CF80760052E08D298F9046004EB43
:104690008600001D0EC854F8260009E098F90400B1
:1046A00004EB8000001D0EC80EEB860050F8140CC1
:1046B000FCF7B7F90020FCF750F9B5F8600010B12D
:1046C000B5F8620028B900225E21AFF29C70FCF7B9
:1046D000D8F9B5F956004FF47A77B84203DA0122D7
:1046E0002B2180B205E00A2190FBF1F080B200227C
:1046F0002B21FCF778F8BBF964005E46B0F57A7FB1
:104700000ADA0122232180B2FCF76DF8B6F86400C2
:104710000122232180B20EE00A2790FBF7F080B23D
:1047200000222321FCF75FF8B6F96400002290FB19
:10473000F7F080B22321FCF756F8B5F958004FF492
:104740007A77B84203DA0122252180B205E00A21F6
:1047500090FBF1F080B200222521FCF744F8B6F975
:104760006200B0F57A7F0ADA0122262180B2FCF7D6
:104770003AF8B6F862000122242180B20EE00A273E
:1047800090FBF7F080B200222621FCF72CF8B6F956
:104790006200002290FBF7F080B22421FCF723F89E
:1047A000B5F924004FF47A76B0420ADA01227D216D
:1047B00080B2FCF718F8A88C01227D2180B20FE0AE
:1047C00043E00A2790FBF7F080B200227D21FCF73E
:1047D0000AF8B5F92400002290FBF7F080B27D21A1
:1047E000FCF701F8B5F92200B04209DA01227B2179
:1047F00080B2FBF7F8FF688C0122402180B20EE006
:104800000A2690FBF6F080B200227B21FBF7EBFF3B
:10481000B5F92200002290FBF6F080B24021FBF7B0
:10482000E2FF98F9040002282ADC99F803004E46BA
:1048300001287FF4CFABB5F92C00B5F9261034E090
:104840006FF00202742175A02FE5DAF83C003C26D7
:1048500090FBF6F106FB1100554680B20022732151
:10486000FBF7C1FFE86B002290FBF6F090FBF6F13E
:1048700006FB110080B25421FBF7B5FFE96B2FE571
:1048800099F803004E4602280BD0288D0028D7D176
:10489000DAF840103C2691FBF6F006FB1010554666
:1048A00005E2B5F92C00B5F9281008437FF4B3AC44
:1048B000FFF775BBAFF25C5702975EB3012B01D0D7
:1048C000E3B134E041B1012909D002290AD003291A
:1048D0000BD004290CD01BE0AFF2505726E0AFF20A
:1048E0003C5723E0AFF22C5720E0AFF218571DE001
:1048F000AFF208571AE0AFF6F04717E059B10129B7
:104900000CD002293FF418A803290AD004290BD09F
:104910000529F0D00BE0AFF2145707E0AFF20457CF
:1049200004E0AFF2F04701E0AFF2E0470297AFF2E8
:10493000CC470397AFF658370497B8F1020F07D169
:10494000AFF64C370497669F17B1AFF63C37049724
:10495000AFF2D4470597B8F1010F08D0AFF6B841D0
:1049600006919EB3012B1AD0AFF6AC413AE0AFF6F8
:104970009847069756B3012B01D0E3B133E041B11C
:10498000012909D002290AD003290BD004290CD00F
:104990001AE0AFF68C4125E0AFF67C4122E0AFF69D
:1049A00068411FE0AFF658411CE0AFF6444119E002
:1049B000AFF60C5116E051B101290BD00229D3D02A
:1049C00003290AD004290BD00529F1D00BE0AFF65A
:1049D000504107E0AFF6404104E0AFF62C4101E062
:1049E000AFF61C410691AFF698510791AFF6104112
:1049F000E1460891B8F1010F1CD1AFF6044113E074
:104A000020202020202020202020202020202020A6
:104A1000202020200000000044020010EDE5EFF00F
:104A2000E5F0FBE2EDEE00000891669911B1AFF6FA
:104A300020410891AFF6D0510991AFF614410A9187
:104A4000AFF2AC510B91AFF608410C91AFF6F831D3
:104A50000D91AFF6E4310E91AFF6D4310F91AFF670
:104A6000C0311091AFF6B031DFF814841191032AF0
:104A700003DD009988F8041003E0A84201DA88F801
:104A80000400FF4D0198D43D0F280ADDAFF6C03376
:104A9000AFF6AC32AFF69831AFF68430FBF7C1FF1A
:104AA0001BE09CF80760052E08D298F9046004EB1F
:104AB0008600001D0EC854F8260009E098F904008D
:104AC00004EB8000001D0EC80EEB860050F8140C9D
:104AD000FBF7A7FF0020FBF740FFB5F8600010B11F
:104AE000B5F8620028B900225E21AFF6BC30FBF7B2
:104AF000C8FFB5F956004FF47A77B84203DA0122BD
:104B00002B2180B205E00A2190FBF1F080B2002257
:104B10002B21FBF768FEBBF964005E46B0F57A7F97
:104B20000ADA0122232180B2FBF75DFEB6F86400A9
:104B30000122232180B20EE00A2790FBF7F080B219
:104B400000222321FBF74FFEB6F96400002290FB00
:104B5000F7F080B22321FBF746FEB5F958004FF479
:104B60007A77B84203DA0122252180B205E00A21D2
:104B700090FBF1F080B200222521FBF734FEB6F95C
:104B80006400B0F57A7F0ADA0122232180B2FBF7B4
:104B90002AFEB6F864000122232180B20EE00A2723
:104BA00090FBF7F080B200222321FBF71CFEB6F940
:104BB0006400002290FBF7F080B22321FBF713FE84
:104BC000B6F96200B0F57A7F0ADA0122262180B2B6
:104BD000FBF709FEB6F862000122242180B20EE044
:104BE0000A2790FBF7F080B200222621FBF7FBFD9D
:104BF000B6F96200002290FBF7F080B22421FBF7A7
:104C0000F2FDB5F922004FF47A76B04209DA0122BA
:104C10007B2180B2FBF7E7FD688C0122402180B246
:104C20000EE00A2790FBF7F080B200227B21FBF711
:104C3000DAFDB5F92200002290FBF7F080B24021A6
:104C4000FBF7D1FDB5F92400B04209DA01227D213C
:104C500080B2FBF7C8FDA88C01227D2180B20EE056
:104C60000A2690FBF6F080B200227D21FBF7BBFD07
:104C7000B5F92400002290FBF6F080B27D21FBF70D
:104C8000B2FD98F9040002283FF7CFAD99F8030070
:104C90004E4602281ED0288D00287FF4D1ADDAF8C8
:104CA00040003C2690FBF6F106FB1100554680B211
:104CB00000227321FBF797FD286C002290FBF6F091
:104CC00090FBF6F106FB110080B25421FBF78BFD3F
:104CD000296CD4E5B5F92C00B5F9281008433FF448
:104CE000E7ADFFF741B900BFB8F1010F07D0B8F148
:104CF000020F01D09D4207DBAFF6A46305E0AFF2DF
:104D00000033AFF6AC6201E05EA364A269A16FA0BC
:104D1000FBF787FE97F904000022401C80B2212196
:104D2000FBF761FD97F904000022801C80B240214E
:104D3000FBF759FD97F904000022C01C80B2232123
:104D4000FBF751FD97F9010097F90410421A022A66
:104D500001DD801E01E0884200DA38710120FBF796
:104D6000FCFD03F0B6BB5F4942F21076B8F1010FCB
:104D700005D0884698423ADBAFF6247338E0AFF2AC
:104D80008033AFF62C7258A15DA0FBF74AFE0023DA
:104D900001211A460846FBF740FC5F4DA869B04266
:104DA00002DA80B2012304E00A2190FBF1F080B224
:104DB000002306220121FBF730FC286A012380B280
:104DC0000B221946FBF729FC686A002300B20F2268
:104DD0000121FBF72CFB95F83E0013220121FBF784
:104DE0006DFD27490120423181F82800B9E73EA333
:104DF0003DA23DA142A0FBF714FE97F901004FF040
:104E00000003062800F1010080B20ADB01221146EE
:104E1000FBF703FC97F901000023801C80B20122FC
:104E200009E000220121FBF7F8FB97F90100801C43
:104E3000002380B21A460221FBF7EFFB97F901002D
:104E4000354D00EB400005EB40108069B04202DABE
:104E500080B2012304E00A2190FBF1F080B200232C
:104E600006220121FBF7D9FB97F9010000EB400076
:104E700005EB4010806FB04250DA80B2012352E05F
:104E80004402001020C1CFD1232020202020202048
:104E900020202020202020200000000020C1CFD191
:104EA00040202020202020202020202020202020E2
:104EB0000000000020C1CFD1212020202020202070
:104EC0002020202020202020000000002020202062
:104ED000C2C5D0D1C8DF20CFCE20C1CFD120202065
:104EE000000000007000001020202020202E202034
:104EF00020202E2020202020202020200000000024
:104F00004E202020552CC22020492C41202074B056
:104F10004320202000000000DCE307200A2190FB52
:104F2000F1F080B2002306220221FBF776FB97F90D
:104F30000100012300EB400005EB40100B22006A4A
:104F4000194680B2FBF769FB97F90100012300EBDA
:104F5000400005EB40100B22D0F88000022180B207
:104F6000FBF75BFB97F90100002300EB400005EB2A
:104F700040100F22406A012100B2FBF758FA97F95E
:104F80000100002300EB400005EB40100F22D0F899
:104F90008400022100B2FBF74AFA97F902001322BB
:104FA00000EB400005EB4010012190F83E00FBF7BC
:104FB00085FC97F90200132200EB400005EB40103E
:104FC000022190F89E00FBF779FCB8F9561097F98A
:104FD0000100891E88424BDA062800F1030080B2E6
:104FE0004FF0000301DB012200E000220321FBF768
:104FF00014FB97F9010000EB400005EB4010D0F8DE
:10500000D800B04202DA80B2012304E00A2190FB0A
:10501000F1F080B2002306220321FBF7FEFA97F994
:105020000100012300EB400005EB40100B22D0F8FB
:10503000E000032100B2FBF7FAF997F90100002321
:1050400000EB400005EB40100F22D0F8E4000321F4
:1050500000B2FBF7ECF997F90200132200EB4000D5
:1050600005EB4010032190F8FE00FBF727FC78E6E3
:10507000D349012081F83C0073E6AFF27C63D1A2F2
:10508000D6A1DCA0FBF7CDFC97F902000022401C62
:1050900080B22121FBF7A7FB97F90200DB4D00EB63
:1050A000400005EB40100023B0F854000C22022110
:1050B000FBF7B3FA97F90200002300EB400005EB81
:1050C00040100F22B0F856000221FBF7A6FA97F91C
:1050D0000200002300EB400005EB40101222B0F864
:1050E00058000221FBF799FA97F9020000EB400003
:1050F00005EB4010B0F95E100091B0F95C30B0F9EA
:105100005A20AF48C2A11D3010F074FE29E6C34BEF
:10511000C3A2C9A1CEA0FBF784FCA94801210A467D
:1051200080F83C105B210BF1620502F019BBCEA0A8
:105130000290D3A00390D8480490D6E9012354F8F4
:105140002510D6A0FBF76DFC0120FBF706FCD94D1E
:1051500000222121E88800EB800080B2FBF743FBAE
:1051600068880022232180B2FBF73DFB688800227B
:1051700000EB80002D3080B2402103F0A8B9CD4E65
:10518000B9F1000F01D0CCA100E0D1A10291D6A1CC
:105190000391DBA10491E0A10591E5A10691EAA1AB
:1051A0000791EFA10891F4A10991BB490A91022A44
:1051B00001DD3B7102E0A84200DA387197F9041072
:1051C00004EB8100D0E9012354F82110F0A0FBF793
:1051D00028FC0120FBF7C1FB36F8640F3C25B0FB2F
:1051E000F5F105FB110000225B21FBF7FCFA30888A
:1051F0000022B0FBF5F0B0FBF5F105FB11007D21BD
:10520000FBF7F1FA30884FF46167B0FBF7F000224A
:105210007B21FBF7E8FA70880022B0FBF5F105FB73
:1052200011005D21FBF7DFFA70880022B0FBF5F07A
:10523000B0FBF5F105FB11002921FBF7D4FA7088CA
:105240000022B0FBF7F02821FBF7CDFAB6F90400F5
:10525000002290FBF5F105FB110080B23E21FBF727
:10526000C2FAB6F90400002290FBF5F090FBF5F1CC
:1052700005FB110080B23C21FBF7B5FAF088012252
:10528000212180B2FBF7AFFA30890122402180B2A0
:10529000FBF7A9FA70890122232180B2FBF7A3FA58
:1052A0000122B089242180B267E7BFA00290C4A088
:1052B0000390C9A00490CEA00590D3A00690D8A0DA
:1052C0000790DDA00890E2A00990E7A00A90ECA06A
:1052D0000B90F1A00C90F6A00D90FBA06E490E90E3
:1052E000FF48B0F95C0004EB80004160AFF6F001CC
:1052F0008160AFF6F401361DC1600ECE0298FBF757
:1053000090FB97F9010097F90410421A022A01DD77
:10531000801E01E0884200DA38710120FBF71DFB96
:10532000F04D2878012844D06FF003022121EEA02F
:10533000FBF7A7FB687801283CD06FF003024021FF
:10534000E9A000BFFBF79DFBA878012833D06FF0E0
:1053500003022321E4A000BFFBF793FBE8780128B8
:105360002AD06FF003022421DFA000BFFBF789FBE6
:105370002879012821D06FF003022521DAA000BF8F
:10538000FBF77FFB6879012818D06FF003025E21DC
:10539000D5A000BFFBF775FBA87901280FD06FF0EF
:1053A00003022621D0A000BFFBF76BFBE8790128A0
:1053B0009EE1CDE1D1E1D5E1D9E1DDE1E1E1E5E158
:1053C0008602001020D1E1EEF0EAE02020303030FB
:1053D000302E30302E3030200000000020C2E5F0AA
:1053E000F1E8FF2020202020202020202020202045
:1053F00000000000202020202020CFCE20C1CFD1CF
:10540000204E21202020202000000000DCE3072087
:1054100025642E25642E2564000000004DA00100A7
:105420002049EDE0E3F0203D20202020205DC02039
:1054300020202020000000002055EDE0E3F0203D7A
:1054400020202020205BC2202020202000000000FF
:10545000202020202020CDC0C3D0D3C7CAC0202008
:1054600020202020000000002046E2E5EDF22EF290
:10547000E5EAF3F92E20202020202125000000005D
:105480002046E2E5EDF22E6D61782E2028202040A6
:105490002529202300000000583E00002020202065
:1054A00020C2C5CDD2C8CBDFD2CED0202020202034
:1054B000000000007001001020C2EAEBFEF7E5EDED
:1054C000202020202020202020202020000000005C
:1054D00020C2FBEAEBFEF7E5ED2020202020202073
:1054E00020202020000000002054EFF0FFEC2E20B0
:1054F00020202020307B3A307D3A305B00000000D5
:1055000020D2EEE1F02E20202020202030283A303A
:10551000293A305D0000000020D2EFE5F0E5EAEB2B
:105520002E202020202020303C3A303E0000000079
:105530002049F1F22EEFF02E2020202020202020E4
:10554000202021C0000000002049F1F22EEEE1F001
:105550002E20202020202020202040C000000000FD
:105560002055F1F22EEFF02E2020202020202020A8
:1055700020202342000000002055F1F22EEEE1F041
:105580002E20202020202020202024420000000067
:105590002020202020C0C2D2CED0C5C2C5D0D1206C
:1055A00020202020000000002020C0C2D2CECCC08D
:1055B000D2DB20CDC0C3D0D3C7CECA2000000000AC
:1055C00020C0E2F2EEECE0F220B9312020202020D1
:1055D000202021200000000020C0E2F2EEECE0F2EA
:1055E00020B9322020202020202040200000000070
:1055F00020C0E2F2EEECE0F220B93320202020209F
:10560000202023200000000020C0E2F2EEECE0F2B7
:1056100020B9342020202020202024200000000059
:1056200020C0E2F2EEECE0F220B93520202020206C
:10563000202025200000000020C0E2F2EEECE0F285
:1056400020B936202020202020205E2000000000ED
:1056500020C0E2F2EEECE0F220B93720202020203A
:10566000202026200000000020C0E2F2EEECE0F254
:1056700020B938202020202020202A2000000000EF
:1056800020C0E2F2EEECE0F220B939202020202008
:10569000202028200000000020C0E2F2EEECE0F222
:1056A00020B93130202020202020292000000000B7
:1056B00020C0E2F2EEECE0F220B9313120202020CF
:1056C00020202B200000000020C0E2F2EEECE0F2EF
:1056D00020B931322020202020203D200000000071
:1056E00070000010FAF30720C2DBCACB2E000000C6
:1056F00051D06FF003022A21AFF21400FBF7C1F979
:10570000287A01284CD06FF003022821AFF228003C
:10571000FBF7B7F9687A012847D06FF00302292117
:10572000AFF23C00FBF7ADF9A87A012842D06FF048
:1057300003022B21AFF25000FBF7A3F9E87A01280E
:105740003DD06FF003023D21AFF2640001F000BDD7
:105750006FF002022121C7A0EAE56FF002024021AA
:10576000C4A0EFE56FF002022321C2A0F4E56FF0C0
:1057700002022421BFA0F9E56FF002022521BDA09D
:10578000FEE56FF002025E21BAA003E66FF00202AE
:105790002621B8A008E66FF002022A21B5A0ADE7E5
:1057A0006FF002022821B3A0B2E76FF002022921B4
:1057B000B0A0B7E76FF002022B21AEA0BCE76FF0FC
:1057C00002023D21ABA0C1E7ACA00290B1A00390C2
:1057D000B6A00490BBA00590C0A00690C548079055
:1057E000AFF6E4500890AFF6E850361D09900ECEA3
:1057F0000298FBF716F997F9010097F90410421A7D
:10580000022A01DD801E01E0884200DA38710120A1
:10581000FBF7A3F8B84D002223212888FAF7E3FF0D
:1058200005F1E400002240882421FAF7DCFF02227F
:105830002521DAF83800FAF74FFE00225E21A88809
:1058400031E58EA00290ADA00390B2A00490B7A065
:105850000590BCA00690C1A00790C6A0089099A092
:1058600009909EA00A90A3480B90AFF66C600C9034
:10587000AFF67460361D0D900ECE0298FBF7D1F88E
:1058800097F9010097F90410421A022A01DD801EDF
:1058900001E0884200DA38710120FBF75EF8964D8E
:1058A0000022EA3521212888FAF79DFF6888002226
:1058B0004021FAF798FFA88800222321FAF793FFE6
:1058C000AD1D002228882621FAF78DFF6888002266
:1058D0002921FAF788FFA88800222821FAF783FFF8
:1058E00003222521DAF83800FAF7F6FD8248002273
:1058F0005E218088D7E48049A239C95D552912D03C
:10590000A2A10291A7A10391ACA10491B1A105911B
:10591000B6A10691BBA10791C0490891012A04DDF7
:1059200086F804C004E0BEA1EBE7A84200DA3071BB
:1059300096F9040004EB800154F820204B68BEA1C6
:10594000C3A0FBF76EF80220FBF707F896F90200F8
:105950000022401C80B25E21FAF745FF664996F9A5
:1059600002009C31002231F810002121FAF73BFFA0
:10597000614996F90200A031002231F91010A748C0
:10598000493800EB81004021FBF77BF85A4996F932
:105990000200A431002231F810002321FAF723FF7E
:1059A000554996F90200A831002231F8100024214F
:1059B000FAF719FF504996F90200AC31002231F88C
:1059C0001000252170E4954BA7A0153B1A461146FF
:1059D000FBF727F8484D00238235082295F900008F
:1059E000012180B2FAF719FE95F90100002380B277
:1059F00009220121FAF711FE95F90200002380B275
:105A00000A220121FAF709FE96F9012005F1C400E6
:105A1000A421115402F05DBD99A102919EA10391B0
:105A2000A3A10491A8A10591ADA10691A6A10791FA
:105A3000B1A10891B6A10991BBA10A91C0A10B9196
:105A4000C5A10C91CAA10D91CFA10E91D4A10F9126
:105A5000D9A11091DEA11191E3A11291E8A11391B6
:105A6000EDA11491F2A11591F7A11691FCA1179146
:105A700002E20000C2CACB2E000000002020DDCBD5
:105A8000C5CAD2D0CED1CDC0C1C6C5CDC8C52020D3
:105A90000000000020C2E2EEE42020202020202090
:105AA00023C22020202020200000000020CFDDD1B4
:105AB000202020202020202024C220202020202040
:105AC000000000002050F1F3ECEC2E2020202020DC
:105AD000202025EAC2F22AF7000000002050F2E55B
:105AE000EAF3F92E2020202020205EC2F220202080
:105AF00000000000583E00007001001020C2E2EEDD
:105B0000E420F42E412020202021C220202020202B
:105B10000000000020C2E2EEE420F42E422020200B
:105B20002040C220202020200000000020C2E2EE01
:105B3000E420F42E432020202023C22020202020F7
:105B40000000000020CFDDD12020F42E41202020B5
:105B50002026C220202020200000000020CFDDD100
:105B60002020F42E422020202029C2202020202086
:105B70000000000020CFDDD12020F42E4320202083
:105B80002028C220202020200000000020C2FBE2AC
:105B9000E5E4E5EDE02030212F4020202F302320C8
:105BA0000000000020CDEEECE8ED2EE5ECEA2E2022
:105BB0002020202024412AF70000000020CDE0F022
:105BC000E0E1EEF2EAE020202020202025F72E2040
:105BD0000000000020CAEEEDF2F0EEEBFC20E5EC58
:105BE000EAEEF1F2E82020200000000020C2FBF0E5
:105BF000E0E2EDE8E2E0FEF9E8E920E7E0F0FFE4CA
:105C00000000000020D0E0E7F0FFE4FB202020208F
:105C10002020202020202020000000004DA0010096
:105C200020C2E2E5E4E5EDE0202030212F402020F5
:105C30002F302320000000002020202020C1C0D2CF
:105C4000C0D0C5DF204E5E202020202000000000B4
:105C500020C1C0D2C0D0C5C9CDDBC920C6D3D0CDEC
:105C6000C0CB2020000000002020C2E2E5E4E8F2E2
:105C7000E52020EFE0F0EEEBFC202020000000000B
:105C800020C8F1F2EEF7EDE8EAEEE2202020202035
:105C9000202020210000000020CCE0EAF1E8ECE028
:105CA000EBFCEDE0FF20E4EBE8F22D20000000002B
:105CB00020F1F2FC20EFF0EEF6E5F1F1E0202030EB
:105CC0005B3A305D0000000020CEF2EEE1F0E0E64D
:105CD000E5EDE8E520E2F0E5ECE5EDE800000000A8
:105CE00020EFF0EEF6E5F1F1E0202020202020204A
:105CF000202020400000000020EDE020EFF3EBFC2E
:105D0000F2E5202020202020202020230000000079
:105D100020C8E7ECE5F0E5EDE8E520F2EEEAE0206A
:105D2000202020200000000020EDE0E3F0F3E7EA6F
:105D3000E820202020202020202020240000000017
:105D400020D0E5E6E8EC20E3EBE0E2EDEEE3EE2048
:105D5000ECE5EDFE00000000202020202020202087
:105D600020202020202020202020202500000000AE
:105D700020D4E8EAF1E8F0EEE2E0EDEDFBE52020EA
:105D80002020202000000000202020202020202093
:105D9000202020EDE0F1F2F0EEE9EAE8000000005A
:105DA00020D0E5EBE52020202020202020202020EE
:105DB000202020200000000020F2EEEAEEEEE3F0CA
:105DC000E0EDE8F7E5EDE8FF2020202000000000EE
:105DD00020D0E5EBE520EAEEEDF2F0EEEBFF20203F
:105DE000202020200000000020EDE0EFF0FFE6E59D
:105DF000EDE8FF20202020202020202000000000AF
:105E000020D0E5F1F2E0F0F2202020202020202018
:105E10002020205E000000002045746865726E65D9
:105E2000742020202020202020202020000000009E
:105E3000204D4F4442555320414452455353202056
:105E40002020203C00000000204D4F4442555320AC
:105E5000424155445241544520202020000000007A
:105E60002020202020202020202020202020202032
:105E700020203E3000000000B1A11891B6A1199178
:105E8000BBA11A91C0A11B91C5A11C91CAA11D91D2
:105E9000CFA11E91D4A11F91CDA12091D8A1219174
:105EA000DDA12291CAA12391E1A12491E6A125912E
:105EB000BBF85E10022901D1E9A12591EEA126913E
:105EC000F3492791F3A12891F8A12991FD492A913D
:105ED0002B914946022A01DD0B7102E0A84200DA4B
:105EE000087199F9041004EB8100D0E9012354F8FA
:105EF0002110F5A0FAF795FD0120FAF72EFDF84ED6
:105F000000222121B6F8560080B2FAF76CFC06F5A3
:105F100080753C20698DB1FBF0F1B1FBF0F200FB24
:105F2000121000225D21FAF75EFC698D4FF461606A
:105F3000B1FBF0F000225B21FAF755FCA88D6FF061
:105F4000060718B1BA1C4021E6A002E03A464021FB
:105F5000E6A0FAF796FDE88D6FF003024FF02301FB
:105F600008B1E5A000E0E6A0FAF78BFDA88E20B10D
:105F70006FF002022421E4A002E03A462421E4A0CA
:105F8000FAF77FFD96F82B00E0B3012840D06FF0C0
:105F9000100202284FF025013FD0E0A0FAF771FD72
:105FA00096F82C0001283AD06FF003025E21AFF67C
:105FB000C80000BFFAF765FDBBF8380000223C219D
:105FC0005D4680B2FAF70FFC688F00223E2180B256
:105FD000FAF709FCB5F93C004FF000024FF0280138
:105FE00018B380B2FAF7FFFBB6F8480001222B2164
:105FF00080B2FAF7F8FB00227721DAF80800FAF706
:106000006BFA07E5FFE76FF00B022521C8A0C5E793
:106010006FF011022521CAA0C0E7CEA0BEE76FF045
:1060200002025E21AFF2B450C4E7AFF64410FAF7B3
:1060300028FDD9E7AA4D687A401CC0B268720F28C3
:1060400007D30020761CF1B26872A976032900D329
:10605000A876C548CDE9020EA87E20B1012804D05B
:10606000022819D003E0C1A000E0C6A00490724647
:10607000CAA0049B0299FAF7D4FCCE4890F901001B
:1060800060B101280FD0022812D0032815D00428AF
:1060900018D005281BD01EE0C7A0E7E7C54942314C
:1060A00081F82A9017E0C349423181F82D9012E01F
:1060B000C049423181F830900DE0BE49423181F84B
:1060C000339008E0BB49423181F8369003E0B9488B
:1060D000423080F83A90BE4E30784FF000024FF0D8
:1060E0002601FAF780FB307900225E21FAF77BFB6C
:1060F000307A00222521FAF776FB307B00223C2102
:10610000FAF771FB317E984800225E3800EB81007F
:106110003E21FAF7B6FCB08B00227B21FAF763FB35
:10612000A87D002802F0D5813A20FAF7F7F8A14DB2
:10613000202642352E543A20FAF7F0F82E5469E41E
:1061400020C0E2F2EEF0E5E2E5F0F1202020202090
:10615000202020200000000020CFEBE0E2EDEEE563
:1061600020EDE0F0E0F1F2E0EDE8E52000000000D5
:1061700020F2EEEAE02020202020202020202028ED
:10618000F1E5EA2E0000000020D3EFF0E0E2EBE5BD
:10619000EDE8E520F1F3F5E8EC2020200000000018
:1061A00020EAEEEDF2E0EAF2EEEC202020202020C2
:1061B000202020200000000020CDE0F1F2F0EEE9E8
:1061C000EAE020F0E5EBE5202020202000000000A0
:1061D00020C2FBEAEBFEF7E5EDE8E520EFEE20203C
:1061E000202020200000000020F1F7E5F2F7E8EA87
:1061F000F320E0ECEFE5F0F7E0F1EEE20000000064
:1062000020F1EDE8E6E5EDE8FE20F2EEEAE0202000
:1062100020202020000000002055E0E2E0F02020B7
:106220002020202020202020202B422000000000C1
:1062300020EFF0E5E2FBF8E5EDE8FE20F3F1F2E017
:10624000E2EAE8200000000020C0EBE3EEF0E8F214
:10625000EC20552C492020323030F22E0000000076
:1062600020C0EBE3EEF0E8F2EC20552C4920202092
:106270002032F22E0000000020D1E5F0E8E9EDFB2D
:10628000E9204E2020202020202020770000000040
:10629000583E000020CAE0EBE8E1F0EEE2EAE02040
:1062A00020202020202020200000000020D2E5F126
:1062B000F220D8C8CC202020202020202020202000
:1062C00000000000004A00002020202020D3D1D26E
:1062D000C0CDCEC2CAC8202020202020000000004F
:1062E00070000010EFF0FFECEEE50000EEE1F0E0F2
:1062F000F2EDEEE500000000F7F73AECEC000000EC
:10630000ECEC3AF1F1000000F8F3EDF200000000CF
:10631000F1F3ECEC49E1EFF100000000E8F1F22EBE
:10632000EDE0EFF02E2DE8F1F22EF2EEEAE00000C3
:10633000E8F1F2EEF7EDE8EA20F2EEEAE000000024
:10634000E8F1F2EEF7EDE8EA20EDE0EFF0FFE6E548
:10635000EDE8FF00E8F1F22EF2EEEAE02DE8F1F2CE
:106360002EEDE0EFF02E000062A0010020202020A2
:10637000203C3E202D20E2FBE1EEF02020202020DA
:10638000000000002020205E76202D20F3F1F2E0B6
:10639000EDEEE2EAE02020200000000020D3D1D280
:1063A000C0CDCEC2CAC02020C2D0C5CCC5CDC82069
:1063B00000000000440200102020202020A4202003
:1063C0002D20E2FBF5EEE42020202020000000003C
:1063D00020400240914A66AB07CA07C390A00290D2
:1063E00095A003909AA004909FA00590A4A0069069
:1063F000A9A00790AEA00890B3A00990B8A00A90F9
:10640000BDA00B90C2A00C90C7A00D90CCA00E9088
:10641000D1A00F90D6A01090DBA01190E0A0129018
:10642000E5A01390EAA01490EFA01590F4A01690A8
:10643000F948FA4E179040F61807B6F8700018B1F0
:1064400038460AF087F928B1F348039000F6A830DF
:1064500004900590F24D95F9010095F904108842D9
:1064600001DA287104E0411A022901DD801EF8E7F3
:1064700095F9040004EB8001D1E9012354F82010C0
:10648000E8A0FAF7CEFA0120FAF767FAB6F870003A
:1064900050B138460AF05EF9012805D06FF00202CB
:1064A0002121AFF6302004E06FF003022121AFF686
:1064B000C850FAF7E6FAB6F8720028B16FF0020297
:1064C0004021AFF6502004E06FF003024021AFF608
:1064D000E850FAF7D6FA69782320022945D000213E
:1064E000CDE90001B6F97A30B6F97820B6F9761020
:1064F000B6F97400FAF7D5F869782420042938D061
:106500005FF00001CDE90001BBF90230BBF90020CA
:10651000B6F97E10B6F97C00FAF7C3F8697829203D
:1065200006292AD05FF00001CDE90001BBF9363021
:10653000BBF93420BBF93210BBF93000FAF7B1F8DF
:10654000BBF82C0000225B215E4680B2FAF74BF9C3
:10655000F08D00225D2180B2FAF745F9B6F904000A
:106560006FF00D07FF280CD014E0A978491CC9B2C0
:10657000B6E7A978491CC9B2C4E7A978491CC9B2D1
:10658000D2E7F188FF2905D13189FF2902D171892C
:10659000FF2914D06A7825210B2A16D05FF000025B
:1065A000CDE90012B6F90A30B6F90820B6F906109E
:1065B000FAF777F8B6F90C00FF280AD012E03A464D
:1065C00025219EA0FAF75DFAF4E7AA78521CD2B210
:1065D000E6E7F189FF2905D1318AFF2902D1718AC5
:1065E000FF2912D069780D2915D00021CDE900913D
:1065F000B6F91230B6F91020B6F90E10FAF751F8C4
:10660000B6F91400FF2807D02FE13A465E218BA08F
:10661000FAF737FAF4E71BE11EE1000078A0010069
:106620002045746865726E6574202020202020202B
:1066300020202120000000002044484350EAEBE8DD
:10664000E5EDF22020202020202040200000000046
:10665000204950E0E4F0E5F12020202020202020F7
:10666000202020200000000020203030302E30304C
:10667000302E3030302E303023202020000000001B
:1066800020CCE0F1EAE020EFEEE4F1E5F2E82020B2
:10669000202020200000000020203030302E30301C
:1066A000302E3030302E30302420202000000000EA
:1066B00020D8EBFEE72020202020202020202020B2
:1066C000202020200000000020203030302E3030EC
:1066D000302E3030302E30302920202000000000B5
:1066E00020CFEEF0F22EF7F2E5EDE8FF202020209B
:1066F0002020205B0000000020CFEEF0F22EE7E02B
:10670000EFE8F1E8202020202020205D000000009C
:1067100020436F6D6D756E697479203C20202020B8
:10672000202020200000000020C0E4F0E5F1E0F28D
:1067300020E4EBFF2054524150204E310000000075
:1067400020203030302E3030302E3030302E30306F
:10675000252020200000000020C0E4F0E5F1E0F258
:1067600020E4EBFF2054524150204E320000000044
:1067700020203030302E3030302E3030302E30303F
:106780005E2020200000000020C0E4F0E5F1E0F2EF
:1067900020E4EBFF2054524150204E330000000013
:1067A00020203030302E3030302E3030302E30300F
:1067B000262020200000000020C0E4F0E5F1E0F2F7
:1067C00020E4EBFF2054524150204E3400000000E2
:1067D00020203030302E3030302E3030302E3030DF
:1067E0002A2020200000000020C0E4F0E5F1E0F2C3
:1067F00020E4EBFF2054524150204E3500000000B1
:1068000020203030302E3030302E3030302E3030AE
:106810002820202000000000583E000070000010DA
:106820004402001020D3D1D2C0CDCEC2CAC8204568
:10683000746865726E6574200000000020202020BE
:10684000EDE5E0EAF2E8E2E5ED202020200000009E
:10685000A978491CC9B2C9E6F18AFF2905D1318B53
:10686000FF2902D1718BFF2913D06A7826210F2AC4
:1068700016D00022CDE90012B6F91A30B6F9182068
:10688000B6F91610F9F70DFFB6F91C00FF280BD06A
:1068900013E03A462621AFF25C00FAF7F2F8F3E78C
:1068A000AA78521CD2B2E5E7F18BFF2905D1318CD1
:1068B000FF2902D1718CFF2913D06A782A21112A6D
:1068C00016D00022CDE90012B6F92230B6F9202008
:1068D000B6F91E10F9F7E5FEB6F92400FF280BD033
:1068E00013E03A462A21AFF2AC00FAF7CAF8F3E710
:1068F000AA78521CD2B2E5E7F18CFF2905D1318D7F
:10690000FF2902D1718DFF2925D06A782821132A09
:1069100028D00022CDE90012B6F92A30B6F9282095
:10692000B6F92610F9F7BDFED64A002066A9135C19
:106930000B54401CC0B20928F9D300208DF8A101E6
:106940006878AA780A2811D000233C2166A8F9F7B4
:106950008BFE01F0BEBD3A462821AFF22010FAF7B7
:1069600090F8E1E7AA78521CD2B2D3E70123ECE712
:10697000C5A10291BBF93E105E46012902D0022951
:1069800002D003E0C6A300E0CBA30293B6F84030E8
:10699000012B09D0CEA30393D34B049303F6A83362
:1069A0000593069311B107E0D0A3F4E7CE49039114
:1069B00001F6A831049105914946A84201DA08710F
:1069C00003E0012A01DD81F804C099F9040004EB19
:1069D000800154F820204B68CAA1D0A0FAF721F812
:1069E0000220F9F7BAFFB6F84000012804D06FF092
:1069F00004022121CFA0ABE36FF002022121D0A03D
:106A0000A6E3D1A10291D6A10391DBA10491B649DD
:106A1000059101F6A831069107914946A84201DA8D
:106A2000087102E0022A00DD0B7199F9040004EB01
:106A30008001D1E9012354F82010D5A0F9F7F1FF26
:106A40000120F9F78AFF0BF16205012228885B21FA
:106A500080B2F9F7C8FE688801225D2180B2F9F79B
:106A6000C2FEA88A0022282180B2F9F7BCFE0022CB
:106A70002921E88AFEF717BCCBA10291D0A103918E
:106A8000D5A10491DAA10591DFA10691964907915C
:106A900001F6A831089109914946A84201DA087126
:106AA00003E0012A01DD81F804C099F9040004EB38
:106AB000800154F820204B68D9A1AFF2F470F9F7A7
:106AC000B0FF0220F9F749FFDB4DE88E01280AD01C
:106AD0006FF004022121D9A0F9F7D3FF0022402151
:106AE00005F13A053AE06FF003022121D5A0F3E762
:106AF000ADA10291B2A10391B7A10491D3A10591D7
:106B0000D8A106917849079101F6A8310891099119
:106B10004946A84201DA087103E0012A01DD81F843
:106B200004C099F9040004EB800154F820204B685C
:106B3000D2A1D8A0F9F775FF0220F9F70EFFBE4DDC
:106B4000288F01281ED06FF004022121BBA000BFB6
:106B5000F9F797FF0022402105F13E05288880B211
:106B6000F9F741FE68880022232180B2F9F73BFE45
:106B7000288900223C2180B2F9F735FE00223E210F
:106B8000688977E76FF003022121AEA0E0E7564B5A
:106B9000C6A2CCA1D1A001F015B9D6A10291DBA16A
:106BA0000391E0A10491E5A10591EAA10691EFA16D
:106BB0000791F4A108914C49099101F6A8310A9175
:106BC000F649897D29B1F74EF54936F9176044F841
:106BD00026104E46A84201DA307102E0022A00DD9A
:106BE000337196F9041004EB8100D0E9012354F8C5
:106BF0002110EDA0F9F715FF0120F9F7AEFE96F987
:106C000002000022401C80B2212101F060BCECA1F6
:106C10000291F1A10391F6A10491FBA105913249E2
:106C20000691DF4908910991A84201DA387103E021
:106C3000012A01DD87F804C099F9040004EB800102
:106C400054F820204B68F6A1FBA0F9F7EAFE0220D9
:106C5000F9F783FE784D01222121E88B80B2F9F704
:106C6000C2FD288C0122402180B2F9F7BCFD288B9F
:106C70000122232180B2F9F7B6FD01222421688B7D
:106C8000F8E6000006C0072020CDE5E0EAF2E8E2E1
:106C9000EDEE2020202020202020202000000000D9
:106CA00020C2EAEBFEF7E5EDE8E5202020202020D9
:106CB000202020200000000020C1EBEEEAE8F0EEEA
:106CC000E2E0EDE8E5202020202020200000000068
:106CD0002020202020F0E0E7ECFBEAE0EDE8E5EC06
:106CE0002020202000000000583E0000202020200E
:106CF0002020E7E0ECFBEAE0EDE8E5EC20202020B6
:106D00000000000020D1D3D5C8CC20CACECDD2C03F
:106D1000CAD2CECC20D1CA310000000020202020D1
:106D200020D3CFD0C0C2CBC5CDC8C52020202020C5
:106D300000000000D0C0C7CECCCACD2E000000009D
:106D4000C7C0CCCACD2E000020553D202020205B9E
:106D5000C22020493D202020205DC02000000000EE
:106D600020D8C8CC20EDE0EFF0FFE62E3D2020201B
:106D7000202028200000000020D8C8CC20F2EEEA15
:106D8000E03D20202020202020202920000000009D
:106D9000202020202020D2C5D1D220D8C8CC20202D
:106DA000202020200000000020C0EAF2E8E22E208F
:106DB000F1E8E3ED2E20202020202021000000001B
:106DC0002054E7E0E42EE2EAEB2E202020202020D1
:106DD00040F1E5EA000000002054E7E0E42EF1F085
:106DE000E0E12E202020202023F1E5EA0000000031
:106DF000206455202020202020202020202020201A
:106E00003C25202000000000206449202020202074
:106E100020202020202020203E25202000000000CF
:106E2000D0C5CBC520D2CECACECEC3D0C0CDC8D758
:106E3000C5CDC8DF0000000070010010D0C7CCCA6B
:106E4000CD2E0000C7CCCACD2E00000020556D61AC
:106E50007820202020202020202020203CC220201C
:106E60000000000020556D696E2020202020202089
:106E7000202020203EC2202000000000CACECDD21B
:106E8000D0CECBDF20CDC0CFD0DFC6C5CDC8DF2070
:106E900000000000202020D3D1D2C0CDCEC2CAC86D
:106EA00020D0C5CBC52020200000000020D0E5EB7D
:106EB000E5322020202020202020202020202020FB
:106EC0000000000020D0E5EBE5312020202020202C
:106ED000202020202020202000000000202020CD85
:106EE000C0D1D2D0CEC9CAC020D0C5CBC5202020A9
:106EF0000000000020C2FBEAEBFEF7E5EDEE2020EB
:106F000020202020202020200000000020D0E5E2CA
:106F1000E5F0F1202020202020202020202020200B
:106F20000000000020D2EEEAEEEEE3F0E0EDE8F73C
:106F3000E5EDE8E5202020200000000020CDE0EF76
:106F4000F0FFE6E5EDE8E520E220EDEEF0ECE520EF
:106F50000000000020CDE0EFF0FFE6E5EDE8E520E1
:106F6000EDE520E2FBF8E5200000000020CDE0EF99
:106F7000F0FFE6E5EDE8E520EDE520EDE8E6E520CB
:106F80000000000020C2EDE5F8EDE5E520F3EFF0AC
:106F9000E0E2EBE5EDE8E520000000007000001005
:106FA000004A00003200001020CDC0D1D2D0CEC99E
:106FB000CAC020D0C5CBC5204E2120200000000033
:106FC0002055322020202020202020202021C220D7
:106FD00020202020000000002055332020202020E9
:106FE000202020202040C22020202020000000005F
:106FF0002049320920202020202020202023412049
:1070000020202020000000002049330920202020DB
:1070100020202020202441202020202000000000CB
:107020002020202020CDC0D1D2D0CEC9CAC8202057
:107030002020202000000000202020D4C8CAD1C871
:10704000D0CEC2C0CDCDDBC5202020200000000066
:10705000E5A10291EAA10391EFA10491F4A10591A8
:10706000FA49F94EA842B1F95A1044F8216004EBEC
:10707000810106F6A8364E608E60CE60494601DA80
:10708000087102E0022A00DD0B7199F9040004EB9B
:107090008001D1E9012354F82010AFF6D4507AE5ED
:1070A000307102E0022A00DD337196F9040004EB2E
:1070B0008001D1E9012354F82010E5A0F9F7B1FCD3
:1070C0000120F9F74AFC96F902000022401C80B228
:1070D0002121F9F788FB96F902004FF000024FF0EA
:1070E0004001385C012801D0DFA000E0E0A0F9F702
:1070F000C8FC96F90210E0484FF0000230F8110089
:107100004FF02301C0B3DDA0F9F7BBFCDA4896F9D4
:10711000021010306FF0010230F811004FF05D01E5
:1071200008B1D8A000E0D9A0F9F7ABFCD24896F995
:107130000210183030F8110001E100BF6FF00102B9
:107140002821D2A004E000BF6FF001022821CDA0C9
:10715000F9F797FC01F0BDB9CEA10291D3A103913B
:10716000D8A10491DDA10591E2A10691E7494E461F
:107170000791A84296DA93E7FFE7BDA0C4E7C5A14F
:107180000291CAA10391CFA10491E1A10591D9A1D6
:107190000691DE4907914946A84201DA087102E0EA
:1071A000022A00DD0B7199F9040004EB8001D1E99A
:1071B000012354F82010DCA0F9F733FC0120F9F783
:1071C000CCFB78784FF0000201284FF0400117D037
:1071D000A5A000BFF9F755FCA7484FF000024FF0FB
:1071E0002301408870B1A5A0F9F74BFCA2486FF0CD
:1071F000010208304FF05B01408828B1A3A004E0F1
:107200009BA0E7E79AA0EFE79EA0F9F73AFC9A481F
:10721000183040884AE09FA10291A4A10391A9A13E
:107220000491BBA10591B3A10691B84907914946C4
:10723000A84201DA087102E0022A00DD0B7199F917
:10724000041004EB8100D0E9012354F82110BCA004
:10725000F9F7E7FB0120F9F780FBB8784FF000025F
:1072600001284FF0400117D07FA000BFF9F709FCBB
:1072700081484FF000024FF02301808870B17FA059
:10728000F9F7FFFB7C486FF0010208304FF05B011B
:10729000808828B17DA004E075A0E7E774A0EFE73F
:1072A00078A0F9F7EEFB74481830808800283FF486
:1072B0004BAF43E777A102917CA1039181A1049197
:1072C00093A105918BA10691904907914946A84247
:1072D00001DA087102E0022A00DD0B7199F904005D
:1072E00004EB8001D1E9012354F820109AA0F9F7AA
:1072F00098FB0120F9F731FBF8784FF000020128E4
:107300004FF040011FD058A0F9F7BBFB5A484FF08F
:1073100000024FF02301C088B8B158A0F9F7B1FBC3
:1073200055486FF0010208304FF05B01C08870B122
:1073300054A000BFF9F7A5FB4F481830C0880028BB
:107340007FF402AFFAE64AA0DEE749A0E6E74FA0E5
:10735000F0E787A102918CA1039191A1049196A1DC
:1073600005919BA10691384907919FA10891A449D5
:107370000991022A01DD3B7102E0A84200DA38716E
:1073800099F9041004EB8100D0E9012354F821108D
:107390009CA0F9F746FB0120F9F7DFFA364DF63DE0
:1073A000B5F8600020B16FF0020221219BA003E03C
:1073B0006FF0010221219BA0F9F763FB002221213C
:1073C000B5F872005CE498A102919DA10391A2A17D
:1073D0000491A7A105911C49069189490791022AA8
:1073E00001DD3B7153E14FE120D1F3F5EEE920EAF5
:1073F000EEEDF2E0EAF220B931202020000000009A
:1074000020D1F3F5EEE920EAEEEDF2E0EAF220B960
:10741000322020200000000020D1F3F5EEE920EA20
:10742000EEEDF2E0EAF220B9332020200000000067
:1074300020D1F3F5EEE920EAEEEDF2E0EAF220B930
:107440003420202000000000583E00007000001092
:107450002020D1D3D5CEC920CACECDD2C0CAD22009
:107460004E21202000000000F0E0E7EEECEA2E00C4
:10747000E7E0ECEAEDF3F20066020010EDE5E7E08C
:10748000ECEA2E00E2FBEAEB2E000000E2EAEB2E33
:107490000000000020F1EEF1F2EEFFEDE8E5202D16
:1074A00020402020202020200000000020E0E2E0FA
:1074B000F0E8E9EDEEE5202020202020202020200B
:1074C0000000000020F1EEF1F2EEFFEDE8E5202DE6
:1074D00020232020202020200000000020C7E2F3ED
:1074E000EA2020202020202020202020205D202095
:1074F0000000000020C4E8F1EFEBE5E920202020A7
:107500002020202020282020000000004DA0010085
:1075100020D0E5EBE5202020202020202020202066
:10752000205B202000000000202020C4C0D2D7C84B
:10753000CA20C4DBCCC02020202020200000000076
:10754000202020C4C0D2D7C8CA20D3C4C0D0C020F5
:107550002020202000000000C4C0D2D7C8CA20CFFD
:10756000C5D0C5C2CED0C0D7C8C22E2000000000F2
:1075700020CDE0E3F0F3E7EAE020202020202020E7
:10758000202020200000000020C1CFD1202020207A
:10759000202020202020202020202020000000006B
:1075A00020CFF0E5E4E5EBFCEDFBE520EFE0F02E8D
:1075B0002DF0FB200000000020C2FBF5EEE4EDE022
:1075C000FF20F5E0F0E0EAF22E2DEAE000000000F6
:1075D00020D0E5E2E5F0F12020202020202020200E
:1075E000202020210000000020CAE2E0F0F6205216
:1075F0005334383520202021CCC3D6200000000091
:10760000004A00002020202020CAC0CBC8C1D0CE14
:10761000C2CAC0202020202000000000C5D1D2DC3A
:1076200000000000CDC5D20020EFEE20EDE0EFF02D
:10763000FFE6E5EDE8FE20323030F22E00000000DB
:1076400020EFEE20F2EEEAF320202020202020324E
:107650003030F22E0000000020EFEE20EDE0EFF0E1
:10766000FFE6E5EDE8FE20202032F22E00000000CB
:1076700020EFEE20F2EEEAF3202020202020202030
:107680002032F22E00000000A84200DA387199F989
:10769000041004EB8100D0E9012354F82110B0A0BC
:1076A00090E3B54E012FAFF66011029103D0B3A164
:1076B0000391B84902E0B8A10391BDA10491C24968
:1076C00005914946022A01DD0B7102E0A84200DA69
:1076D000087199F9040004EB8001D1E9012354F801
:1076E0002010BAA0F9F79DF93079012801D00220C5
:1076F00000E00320F9F731F90BF162050122288837
:107700005B2180B2F9F76FF8688801225D2180B2B1
:10771000F9F769F800223E21A88A64E0B1A102913C
:10772000B6A10391BBA10491A74905914946022A3C
:1077300001DD0B7102E0A84200DA087199F904003A
:1077400004EB8001D1E9012354F820109FA0F9F740
:1077500068F90120F9F701F901225B210BF15605C7
:10776000288880B2F9F73FF801225D217DE0824E42
:10777000012FAFF62C21029103D080A103918549FE
:1077800002E085A103918AA104918F4905914946A0
:10779000022A01DD0B7102E0A84200DA087199F9B2
:1077A000040004EB8001D1E9012354F820109FA0CC
:1077B000F9F737F93079012801D0022000E00320E1
:1077C000F9F7CBF80BF16205012228885B2180B222
:1077D000F9F709F8688801225D2180B2F9F703F80A
:1077E0000022E88A3E2180B2F8F7FDFFB6F9381092
:1077F000322091FBF0F0401C002280B23C21FEE3DD
:1078000090A1029195A1039182A104916E490591E5
:10781000022A01DD3B7102E0A84200DA387199F9D1
:10782000041004EB8100D0E9012354F821107FA05B
:10783000F9F7F7F80120F9F790F801225B210BF135
:107840005A058DE7534B8BA290A196A0F9F7E9F862
:107850000120F9F782F80BF1620501222888402106
:1078600080B2F8F7C0FF012221216888AAE593A120
:10787000029198A103919DA10491A2A10591A7A1B4
:107880000691ACA10791434908914F490991012AFA
:1078900002DD87F804C002E0A84200DA387199F9E5
:1078A000040004EB800154F820204B68A7A1ADA090
:1078B000F9F7B7F80220F9F750F8B04D0A26002280
:1078C000B5F90A00212190FBF6F080B2F8F78BFFA2
:1078D000B5F90C00002290FBF6F080B24021F8F7D9
:1078E00082FFE8890122232180B2F8F77CFF288AF1
:1078F0000122242180B2F8F776FF688A0022252130
:1079000080B2F8F770FF00223C21A88A5AE59CA1BA
:107910000291A1A10391A6A10491ABA10591B0A1EF
:107920000691B5A10791BAA10891BFA10991C4A17F
:107930000A91C9A10B91CEA10C91D3A10D91D8A10F
:107940000E91DDA10F91E2A11091E7A11191ECA19F
:107950001291F1A11391F6A11491FBA11591FFE1F0
:10796000C2DBD5CEC4CDC0DF20D5C0D0C0CAD22E98
:107970002DCAC020000000007000001020CFF3F1DD
:10798000EA2020202020202020202020202020202D
:1079900000000000583E000020D8E0E32020202016
:1079A0003C2020D8C8CC202020203E200000000011
:1079B00020D1F2EEEF2020202020202020202020A7
:1079C0002020202000000000004A0000C2DBD52E4D
:1079D00020D5C0D02E20CFCE20CDC0CFD0DFC62E18
:1079E000000000002055ECE0EAF12EF8E8EC3D2024
:1079F0002020202020205BC2000000002055ECE861
:107A0000ED2EF8E8EC3D20202020202020205DC233
:107A10000000000020C2FBF5EEE409202020202019
:107A2000202020202020202000000000C2DBD52EB6
:107A300020D5C0D02E20CFCE20D2CECAD320202019
:107A4000000000002049ECE0EAF12EF8E8EC3D20CF
:107A50002020202020205B41000000002049ECE88D
:107A6000ED2EF8E8EC3D20202020202020205D4154
:107A7000000000002049E2FBF53D202020202021CD
:107A80004120202020202020000000002055E2FB83
:107A9000F53D202020202040C22020202020202032
:107AA0000000000020CAC0CBC8C1D0CEC2CAC020CE
:107AB000CDC0C3D0D3C7CAC8000000002055E8F12C
:107AC000F22E6D61782E20202020202021C220203F
:107AD000000000002055E8F1F22E6D696E2E202086
:107AE0002020202040422020000000002049E8F112
:107AF000F22E6D61782E202020202020234120208E
:107B0000000000002049E8F1F22E6D696E2E202061
:107B10002020202024412020000000002074F1E8D3
:107B2000E3ED3D2020202020202020203CB04320D9
:107B30000000000020746D61783D2020202020206E
:107B40002020202025B04320000000002020CFC0AE
:107B5000D0C0CCC5D2D0DB20D0C0C1CED2DB20205B
:107B60000000000020202020CCC0CAD1CCC0CBDC3B
:107B7000CDDBC52020202020000000007001001077
:107B800020C1CFD1204E31202020202020202020B5
:107B9000202020200000000020C1CFD1204E322024
:107BA0002020202020202020202020200000000055
:107BB00020C1CFD1204E3320202020202020202083
:107BC000202020200000000020C1CFD1204E3420F2
:107BD0002020202020202020202020200000000025
:107BE00020C1CFD1204E3520202020202020202051
:107BF000202020200000000020C1CFD1204E3620C0
:107C000020202020202020202020202000000000F4
:107C100020C1CFD1204E372020202020202020201E
:107C2000202020200000000020C1CFD1204E38208D
:107C300020202020202020202020202000000000C4
:107C400020C1CFD1204E39202020202020202020EC
:107C5000202020200000000020C1CFD1204E313054
:107C60002020202020202020202020200000000094
:107C700020C1CFD1204E31312020202020202020B3
:107C8000202020200000000020C1CFD1204E313222
:107C90002020202020202020202020200000000064
:107CA00020C1CFD1204E3133202020202020202081
:107CB000202020200000000020C1CFD1204E3134F0
:107CC0002020202020202020202020200000000034
:107CD00020C1CFD1204E313520202020202020204F
:107CE000202020200000000020C1CFD1204E3136BE
:107CF0002020202020202020202020200000000004
:107D000020C1CFD1204E313720202020202020201C
:107D1000202020200000000020C1CFD1204E31388B
:107D200020202020202020202020202000000000D3
:107D300020C1CFD1204E31392020202020202020EA
:107D4000202020200000000020C1CFD1204E323062
:107D500020202020202020202020202000000000A3
:107D6000A8A11691ADA11791B2A11891B7A119912F
:107D7000BCA11A91C1A11B91C6A11C91CBA11D91BF
:107D8000D0A11E91D5A11F91DAA12091DFA121914F
:107D9000E44944F8281004EB880601F6A831716024
:107DA000B1604946022A01DD0B7102E0A84200DA07
:107DB000087199F9041004EB8100D0E9012354F80B
:107DC0002110D9A0F8F72DFEFCF7C8BFDCA1029165
:107DD000E1A10391E6A10491EBA10591EEB3F0A11D
:107DE0000691E3A10791F4A10891F9A10991E0A1FD
:107DF0000A91FD49CDE90B1ECDF834E070B301289E
:107E00007AD0022878D0032878D0042876D00528A4
:107E100074D0062874D0072872D0082870D009289A
:107E200073D00A2871D00B286FD00C286FD00D2882
:107E30006DD00E286BD087F8048000BF97F904102E
:107E400004EB8100D0E9012354F82110E7A0F8F7F2
:107E5000E8FD0120F8F781FD01E049E04CE097F9E9
:107E600002000022401C80B22121F8F7BCFC97F9E7
:107E70000200E34D00EB400005EB40100122806959
:107E8000402180B2F8F7AFFC97F90200012200EB25
:107E9000400005EB40102321C06980B2F8F7A3FC35
:107EA000D84E01222421B6F84E0080B2F8F79BFC90
:107EB00097F90200012200EB400005EB401025215C
:107EC000006A80B2F8F78FFC97F90200002200EBFD
:107ED000400005EB40105E21406A00B2F8F758FA06
:107EE00097F90100B0B1032814D029E006E007E0BB
:107EF000C5A10691CAA175E7002002E0032000E0B9
:107F0000062038719AE700E001E03B7196E787F8B8
:107F1000049093E7B9780120884002B20A23D02167
:107F2000CD20F8F72DF90A230022C921C820F8F73F
:107F300027F90A234FF47A72E521E120F8F720F9B6
:107F4000787806281BD1B9780120884002B20A232C
:107F5000D021CD20F8F714F928230022C921C82008
:107F6000F8F70EF90A23B6F94E20BF21BE20F8F724
:107F700007F90A230022E621E120F8F701F97878D1
:107F8000092823D1B07E10B1012818D108E0B978B2
:107F900001208840C04302B20A23D021CD200CE04A
:107FA000B9780120884002B20A23D021CD20F8F709
:107FB000E7F80A230022C921C820F8F7E1F80A23CC
:107FC0004FF47A72E521E120F8F7DAF8FCE15CA1E0
:107FD000029161A1039166A1049197A105919CA1D1
:107FE000069163A1079168A108914EB16CA1099116
:107FF0005FA10A9170A10B9175A10C9134E11DE272
:10800000B4E1000020C1CFD1204E32312020202009
:1080100020202020202020200000000020C1CFD1DF
:10802000204E3232202020202020202020202020FE
:108030000000000020C1CFD1204E3233202020206C
:1080400020202020202020200000000020C1CFD1AF
:10805000204E3234202020202020202020202020CC
:108060000000000020C1CFD1204E3235202020203A
:1080700020202020202020200000000020C1CFD17F
:10808000204E32362020202020202020202020209A
:108090000000000020C1CFD1204E32372020202008
:1080A00020202020202020200000000020C1CFD14F
:1080B000204E323820202020202020202020202068
:1080C0000000000020C1CFD1204E323920202020D6
:1080D00020202020202020200000000020C1CFD11F
:1080E000204E33302020202020202020202020203F
:1080F0000000000020C1CFD1204E333120202020AD
:1081000020202020202020200000000020C1CFD1EE
:10811000204E33322020202020202020202020200C
:1081200000000000583E00002020CAC0CBC8C1D0CB
:10813000CEC2CAC020C1CFD1EEE220200000000094
:108140002055E8F1F2203D2020202040C2202020B0
:10815000202020200000000020EEF2EAE0EBE8E121
:10816000F0F3E9F2E52055E8F1F2202000000000EC
:108170002020EDE0E6E0F2E8E5EC209A20E8EBE8EC
:10818000209C2020000000002049E8F1F2203D2042
:108190002020202025C020202020202000000000BA
:1081A00020EEF2EAE0EBE8E1F0F3E9F2E52049E85D
:1081B000F1F22020000000002074E8F1F2203D20C0
:1081C00020205EB04320202020202020000000003E
:1081D00020EEF2EAE0EBE8E1F0F3E9F2E52074E802
:1081E000F1F22020000000004DA0010020CAC0CB09
:1081F000C8C1D0CEC2CAC020C1CFD1204E212000DC
:10820000DCE3072070000010202020EDE0E6ECE821
:10821000F2E520A420E4EBFF202020200000000055
:10822000EAE0EBE8E1F0EEE2EAE820EDF3EBFF2034
:1082300049E8F1F2000000002055EDE0E3F0203DB8
:1082400020202023C2202020202020200000000009
:1082500020EEF2EAE0EBE8E1F0F3E9F2E52055ED9B
:10826000E0E3F02000000000AFF2FC010D91FF49B7
:10827000CDE90E1ECDF840E0F0B301287CD00228F5
:108280007AD003287AD0042878D0052876D006281A
:1082900078D0072876D0082874D0092875D00A2805
:1082A00073D00B2871D00C2871D00D286FD00E28F8
:1082B0006DD087F8048000BF97F9040004EB8001BB
:1082C000D1E9012354F82010AFF2E000F8F7A9FB40
:1082D0000120F8F742FB97F902000022401C80B20F
:1082E0002121F8F780FA97F90200E14D00EB4000F8
:1082F00005EB4010806900E03EE080B201224021A1
:10830000F8F771FA97F90200012200EB400005EB43
:1083100040102321C06980B2F8F765FAD54E0122DA
:108320002421B6F84E0080B2F8F75DFA97F9020002
:10833000012200EB400005EB40102521006A80B2CD
:10834000F8F751FA97F90200002200EB400005EB24
:1083500040105E21406A00B2F8F71AF897F9010060
:10836000C0B1032816D02BE008E00BE0AFF2681193
:108370000991AFF254113CE6002004E0032002E032
:1083800003E004E00620387196E73B7194E787F834
:10839000049091E7B9780120884002B20A23D021E5
:1083A000CD20F7F7EDFE0A230022C921C820F7F7F8
:1083B000E7FE0A234FF47A72E521E120F7F7E0FEA9
:1083C000787806283FF4DEADD720F7F7F0FEB0B39B
:1083D000A9480088D9287CD140F6B8300090A7A3DE
:1083E000ACA2B2A1B7A0F8F75FFB72E0BBA102910B
:1083F000C0A10391C549049101F6A8310591012A54
:1084000002DD87F804C002E0A84200DA387197F96B
:10841000040004EB800154F820204B68BCA1C2A0EA
:10842000F8F7FFFA0220F8F798FAC54D002240212C
:108430002888F8F7D8F900226888232147E048E027
:10844000C0490291183103911831049118310591F6
:10845000BDA10691BB4978310791AC49089101F65D
:10846000A8310991012A02DD87F804C002E0A84280
:1084700000DA387197F9040004EB800154F82020E9
:108480004B68A3A1A8A0F8F7CCFA0220F8F765FA88
:10849000AB4D0022AD1D21212888F8F7A4F968888A
:1084A00000224021F8F79FF9A88800222321F8F73D
:1084B0009AF9AD1D002228882621F8F794F96888DA
:1084C00000222A21F8F78FF9A88800222821F8F73E
:1084D0008AF99B4DA24E103D2878412841D04F2863
:1084E0007ED01F28FCD079287CD07A287BD07B28AE
:1084F0007AD07C2879D0262878D07D282ED1994B27
:108500001A4602F6C41101F11800F8F78AFA9648E3
:1085100000230C220088012180B2F8F77EF89348EE
:1085200000230F220088012180B2F8F776F89048E6
:10853000002312220088012180B2F8F76EF88D48DE
:108540008F49B0F9000000908B48B0F900308B489B
:10855000B0F9002005F14B000DF04CFC69B0BDE80E
:10856000F08F95F90100E0B3012877D0022876D08A
:10857000032875D0042874D0052873D0062872D03B
:10858000072871D00828E9D1764B1A4611460846CB
:10859000F8F747FA7B4C0023022220881946F8F7A7
:1085A0003CF86088002302220121F8F736F8022205
:1085B000A08800231146F8F730F8E0880023022253
:1085C0000321F8F72AF80023207A04221946F8F745
:1085D00024F8607A002304220121F8F71EF806E04F
:1085E00091E2D1E0A3E3D3E3F1E3F1E3F1E3A07A95
:1085F000002304220221F8F710F8E07A0023042275
:108600000321F8F70AF80023A08907221946F8F792
:1086100004F8E089002307220121F7F7FEFF208AF2
:10862000002307220221F7F7F8FF608A00230722C0
:108630000321F7F7F2FF0023208B13221946F7F7E7
:10864000ECFF207D002313220121F7F7E6FF002332
:108650001322BBF87000032180B2F6E0DFE0F7E000
:108660005FE163E188E1AFE113E200004DA00100AA
:10867000DCE30720700000104C00001020202020B8
:10868000EFF0EEE8E7E2E5E4E5EDE0202020202051
:108690000000000020E0E2F2EEEDEEECEDEEE9206D
:1086A000F0E0E1EEF2FB202000000000202020207E
:1086B000EDE0EFF0FFE6E5EDE8FF202020202020B0
:1086C000000000002020202020D3F1F2E0EDEEE2B7
:1086D000EAE0202020202020000000002055E2E2D7
:1086E000EEE43D2020202040C22020202020202019
:1086F000000000002055EFFDF1203D202020202328
:10870000C22020202020202000000000583E000031
:10871000202020D1C8CBCEC2DBD520C2C2CEC4CE51
:10872000C220202000000000202020202020CAC0DD
:10873000CBC8C1D0CEC2CAC020202020000000007B
:1087400054020010FC5A000020CFDDD12020F42E6E
:1087500042202020202AC2202020202000000000CB
:1087600054000010004A0000A2A00100A4A00100D3
:10877000A6A00100A0A001009EA001009CA00100F5
:1087800010540000DCF30720FC4AF6A31146FCA0BD
:10879000F8F747F900230422194640F21B40F7F787
:1087A0003CFF00230B22194645F27820F7F7E2FE42
:1087B000082007F0CFFF002380B213221946F7F7F5
:1087C0002CFFF54C0222002320881146F7F725FFE5
:1087D0006088002308220221F7F71FFFA0880023EA
:1087E00002220321F7F719FFE08800230822032162
:1087F000F7F713FFE94C00230E22607A0221F7F706
:108800000CFFA07A002313220221F7F706FFE07A7B
:1088100000230E220321F7F700FF207B36E1D74B20
:10882000DFA11A46E4A0F8F7FCF8E94890F82F0019
:1088300010F0B4FB00230E220121F7F7EEFE002317
:108840000E221946BBF8600006E7F7F7E6FE85E65C
:10885000CA4BE0A01A461146F8F7E3F8E3480722AE
:1088600001210078F8F73DF8E14C0023132220782D
:108870001946F7F7D2FE6078002313220121F7F79B
:10888000CCFEA078002313220221F7F7C6FE6E3437
:1088900000232088102200F00F001946F7F7BDFED4
:1088A0006088002300F00F0010220121F7F7B5FEC9
:1088B000A088002300F00F0010220221F7F7ADFE80
:1088C000083C002320880A2200F00F001946F7F721
:1088D000A4FE6088002300F00F000A220121F7F7B0
:1088E0009CFEA088002300F00F000A220221F7F767
:1088F00094FE1834002320880D2200F00F00194642
:10890000F7F78BFE6088002300F00F000D22012195
:10891000F7F783FEA08800230D2200F00F0002214C
:1089200093E7B4A3B9A29549BEA0BBE2934BC3A001
:108930001A461146F8F775F8A54800230722408E1D
:10894000194680B2F7F769FE072201213068F7F770
:1089500076FFC048072202210068F7F770FFBE4883
:10896000132202210068F7F76AFFBC481322032193
:108970000068F7F764FFF1E5804BB9A01A4611468D
:10898000F8F74FF8BC480023062219460088F7F78D
:1089900044FEBA480023062201210088F7F73DFE75
:1089A000B7480023062202210088F7F736FEB548B3
:1089B0000023062203210088F7F72FFEB248002388
:1089C0000C220321008847E66C4B1A4611460846E4
:1089D000F8F727F8AD4C0023042220881946F7F752
:1089E0001CFE0023608809221946F7F716FE0023B3
:1089F000A0880E221946F7F710FE0023E088132204
:108A00001946F7F70AFE2089002304220121F7F70F
:108A100004FE6089002309220121F7F7FEFDA089E9
:108A200000230E220121F7F7F8FDE089002313222D
:108A30000121F7F7F2FD208A002304220221F7F733
:108A4000ECFD608A002309220221F7F7E6FDA08AE7
:108A500000230E220221F7F7E0FDE08A0023132213
:108A60000221F7F7DAFD208B002304220321F7F718
:108A7000D4FD608B002309220321F7F7CEFDA08BE4
:108A800000230E220321F7F7C8FDE08B00231322F9
:108A900037E03A4B7EA01A461146F7F7C2FF54481A
:108AA000002390381322C088194680B2F7F7B5FD2D
:108AB000474C0023523402222088012180B2F7F76C
:108AC000ACFD608802220023114680B2F7F7A5FDB5
:108AD000BBF8700000230222032180B2F7F79DFD4E
:108AE00004F5C674002320880A220121F7F795FDBA
:108AF000608800230A220221F7F78FFDA088002357
:108B00000A220321A1E6684B1A4611460846F7F7E8
:108B100088FF95F9010048B1012811D0811E1C2958
:108B20003FF695AE09291CDC60A1CEE0DAF814000E
:108B3000C0073FF48CAE5C4B62481A46114609E010
:108B4000DAF8140080077FF582AE574B5D481A466D
:108B500011461C30F7F765FF00225D21BBF8680065
:108B600085E1B1E02020202020202A2A2A2A2A2A52
:108B70002A2A20202020202000000000004A000097
:108B80002A303030302A3030303030302A20202027
:108B90002020202000000000ACFE072098FE0720C7
:108BA000205443505F53544154452020202020201E
:108BB000202020200000000020454550524F4D5FEE
:108BC000434E5420202020202020202000000000A0
:108BD0007000001041422020202020202020202052
:108BE0002020202020202020000000002E00001047
:108BF00000020010202020202020202020202020E3
:108C000020202020202020260000000020202020DE
:108C10002020202020202020202020202020205E16
:108C200000000000CAC52020202020202020202075
:108C300020202020202020200000000020C0C2C0D2
:108C4000D0C8C82020202020202020202020202024
:108C5000000000005C0000106000001064000010C4
:108C60002A2A2020202020202020202020202020F0
:108C700020202020000000004600001044000010CA
:108C80000EC007204800001010C00720F46D00102F
:108C900037202020202020202020202020202020BD
:108CA000202020200000000038A00100202020C04B
:108CB000E2E0F0E8FF20C1CFD1204E2B2020202081
:108CC000000000001C320000B4A10291B94900EB81
:108CD000400201EB421111F8D11C31B1012906D03B
:108CE000022906D0032906D007E0B3A104E0B8A109
:108CF00002E0BDA100E0C2A10391012181403068E2
:108D0000014201D0C4A000E0C9A00490CE4802AC4A
:108D10000346059007CCF7F784FE95F90100002281
:108D2000801E80B25FF02B01F7F75DFD16E4BBF803
:108D300042005E4601280DD0C4480290C44803900A
:108D4000C148049095F9010095F90410884207DAAA
:108D500028710AE0BFA00290C4A00390BC48F0E7CD
:108D6000411A012901DD401EF2E795F9040004EBE8
:108D7000800154F820204B68C2A1C8A0F7F751FE2B
:108D80000220F7F7EAFD01222121B6F844006EE047
:108D9000BBF846005E4601280ED0AC480290AC48B5
:108DA0000390A948CDF8100095F9010095F9041039
:108DB00088420FDA287112E0A6A00290BDA00390AD
:108DC000C2A00490C7A00590A1480690ECE72BE054
:108DD00058E06AE0411A012901DD401EEAE795F9F1
:108DE000040004EB800154F820204B68C3A1ABA021
:108DF000F7F717FE0220F7F7B0FD36F8480F00220C
:108E0000212180B2F7F7EFFC70880022242180B284
:108E1000F7F7E9FCB0880022402180B2F7F7E3FCC5
:108E200000222321F08822E0BBF850005E46012892
:108E30001FD086480290864803908348CDF81000E2
:108E400095F901002871B3A254F82030B6A1BBA057
:108E5000F7F7E7FD0320F7F780FD36F8520F002201
:108E6000212180B2F7F7BFFC00227088402180B238
:108E70005AE778A00290B6A00390BBA00490744873
:108E80000590DDE795F9010030B1012806D00228F0
:108E90007FF4DDACBAA302E0BFA300E0C4A3CAA282
:108EA000CFA1D5A0F7F7BDFDD1E4D94E717E012940
:108EB00013D0022913D0032913D0062913D00C296B
:108EC00013D0D4A00290D9A0039081B1DDA004906A
:108ED000E2A00590E74806900BE0E7A0F2E7ECA0DF
:108EE000F0E7F1A0EEE7F6A0ECE7FBA0EAE7E14847
:108EF000049095F9010095F90420904201DA287157
:108F000004E0821A012A01DD421E2A71022801D1E1
:108F100001B1287195F9040004EB800154F8202078
:108F20004B68F3A1F8A0F7F77CFD0220F7F715FDD9
:108F30000022402136F8600FF7F755FC002223216C
:108F40007088F7F750FC00222421B088F7F74BFC1B
:108F500000222521F088F7F746FC00225E21708967
:108F6000F7F741FCC3483189493800EB81006FF0C5
:108F700001022621F7F785FD00222821B089D3E6DA
:108F800070B5E748A24C8034B0F91610B4F97A00F5
:108F9000B1F5FA6F01DA401CC5E1C3E1202020C021
:108FA000E2E0F0E8FF20C1CFD1204E202B2020208E
:108FB00000000000DCE307202020202020EFE5F067
:108FC000E5E3F0E5E221212120202020000000003F
:108FD0002020E7E0E2FBF8E5EDEE2055E2FBF5218D
:108FE00021212020000000002020E7E0EDE8E6E558
:108FF000EDEE2055E2FBF5212121202000000000AC
:1090000020202020EEF2EAEBFEF7E8EBF1FF212131
:10901000212020200000000020202020EDE520F36A
:10902000F1F2F0E0EDE5EDE020202020000000006E
:109030002020202020F3F1F2F0E0EDE5EDE020200B
:109040002020202000000000004A0000886C000062
:10905000583E000020C0EAF2E8E2EDEE2020202099
:1090600020202020202020200000000020516D61C1
:10907000782020202020202020202021C02AF72016
:1090800000000000D1D7C5D2D7C8CAD320C0CCCFEA
:10909000C5D0D7C0D1CEC22000000000202020C201
:1090A000DBCACBDED7C5CDC8C520CFCE202020203F
:1090B000000000002049EDE0E3F02F49F3F1F22039
:1090C0002020202020202125000000002054EDE554
:1090D000E0EAF2E8E2ED2E2020202040F1E5EA2E41
:1090E000000000002054F1F0E0E1E0F2FBE22E206D
:1090F00020202023F1E5EA2E00000000202020D1CE
:10910000CDC8C6C5CDC8DE20D2CECAC02020202002
:1091100000000000202020202020D3D1D2C0C2CACD
:10912000C820202020202000202020CFCE20CFD0FB
:10913000C5C2DBD8C5CDC8DE2020200020C2DBCAD6
:10914000CBDED7C5CDC8C520C1CFD1EEE2202000EF
:1091500020CFEEF0EEE32020202020202020202031
:10916000202021250000000020C7E0E4E5F0E6EA29
:10917000E020202020202040F1E5EA2E0000000021
:1091800020202020D1CDC8C6C5CDC8DE20D2CECA71
:10919000C02020200000000020202020202020C20D
:1091A000D0C5CCC5CDC82020202020200000000044
:1091B0002020202020C0CCCFC5D0D7C0D1C0CC200B
:1091C000202020200000000020202020202020201F
:1091D00020CFCE20202020202020202000000000B2
:1091E000202020202020C7C0C2C5D0D8C5CD202037
:1091F000202020200000000020202020202020CF40
:10920000D0CED6C5D1D120202020202000000000C3
:109210007000001020E2FBEAEBFEF7E5ED202020D5
:1092200020202020202020200000000020C4EBE887
:10923000F2E5EBFCEDEEF1F2FC2020202028F72EE9
:109240000000000020EEF7E5F0E5E4EDEEE520E2B9
:10925000EAEBFEF7E5EDE8E5000000002020302510
:10926000202026305E202030403A30233A3024201F
:10927000000000004DA0010020F0E0E720E220EC1B
:10928000E5F1FFF620202020202020200000000013
:1092900020F0E0E720E2203220ECE5F1FFF6E020CC
:1092A000202020200000000020F0E0E720E2203312
:1092B00020ECE5F1FFF6E020202020200000000057
:1092C00020F0E0E720E220EFEEEBE3EEE4E0202008
:1092D000202020200000000020F0E0E720E220E332
:1092E000EEE420202020202020202020000000006C
:1092F000C2DBD0C0C2CDC8C2C0DED9C8C920C7C079
:10930000D0DFC42000000000202020C0C2D2CECC7C
:10931000C0D2C8D7C5D1CAC8C920202000000000CB
:10932000F46D0010401E0A22A4F87A005542294626
:10933000F948F6F7ABFFB4F97A000A2801DB0120FF
:1093400003E0A84203DB4FF0FF30A4F87C00B4F93F
:109350007C00B4F97E10884256D0EF49891DB1F9DE
:109360005E10022950DDB4F93E10012902D0022915
:109370003AD049E0E84DB4F84010FA3DD9B101289F
:1093800002D0401C12D03FE095F82B0010B101280C
:1093900006D039E0E878012836D0F8F77EF807E003
:1093A000E878022830D0F8F7B0F801E0F8F70CF9C7
:1093B000B4F8400040BBB4F97C00411C02D0012845
:1093C00020D021E095F82B0010B1012806D01BE039
:1093D000E878012818D0F8F760F815E0E878022856
:1093E00012D0F8F792F80FE0B4F8401031B101282C
:1093F0000AD1F8F7E9F8B4F8400028B9B4F97C00CC
:10940000401C01D1F8F7E0F834F87C0F608070BDA3
:109410002DE9F043C148016A41F400110162416B3A
:1094200021F400114163016A21F0F8610162BC4935
:10943000CA6CBC4B1A40CA64016C41F4807101646F
:10944000416D21F4807141654FF46161491EFDD188
:10945000016C41F480710164416D41F4807141659A
:10946000406BDFF8B49260F0F860820D09F1860974
:10947000A9F5C070C9F830204946C47F4D6B90F8FB
:10948000201090F82130A2F5407605F07F074FF0CC
:1094900001084FF0000CFF3E01D0AA421BD080F81B
:1094A00023C080F826C0042C00D229B190F82440B3
:1094B00014B980F825808577994202D380F82580F9
:1094C000877780F824C0142180F8211080F81FC00D
:1094D00080F820C01EE0641CE4B2C477042C19D3C9
:1094E000491CC9B280F81FC080F82010994211D3DE
:1094F000877780F820C080F8258080F8248090F855
:10950000231039B1590880F82110022902D802210C
:1095100080F82110C9F83420BDE8F0832DE9F04F20
:109520007D48B1B0FA3890F82500002804F088850D
:10953000DFF8E4910025A9F17A09A9F18002A9F8E0
:109540007250A9F87450B2F86E0050701146B2F91A
:109550003400DFF8D481897F0A2817DAFD2911D079
:109560007D290FD0FB290DD07B290BD0F72909D0FD
:10957000772907D0EF2905D06F2903D0FE2901D024
:109580007E2903D16948058088F80050624CDA349E
:10959000F92920787ED07929C8D001267A297AD075
:1095A000A4F5EA72D2780B92032A75D0274697F970
:1095B00001201346521C52B205925A1E52B2069214
:1095C00097F902C0412868D0D43CB4F930209346C2
:1095D000B4F932209246A4F5807292F82620521CEB
:1095E000D2B29646B4F90C20099204F18002002808
:1095F00052692092B4F90A200A927ED00D287DD0BB
:109600006D287CD06C287BD00F287AD01028FCD015
:109610004F2877D01A2876D0252875D04FF0030828
:10962000042872D0402801F07486282801F046876B
:10963000722801F0A187362802F02A86342802F029
:109640009386122802F010872D2802F08F872B288E
:1096500002F0D4872C2803F07980312803F066814A
:10966000762803F0E381442803F0F082462803F0D3
:109670003783DFF8BC80482803F052834528F6D0B2
:10968000472803F01384B8464E2803F08384A4F1DE
:10969000800203E04EE05CE066E068E0B2F96670EC
:1096A00052287AB203F01D855028FBD0542803F0CD
:1096B0001F85772803F02F85782803F0C885742844
:1096C00003F03A86732803F04F86752803F062860C
:1096D0006F2803F0DF87792804F0D9827A2804F014
:1096E0003F837B2804F0FB837C2802F0CB857D2818
:1096F00004F07A847E28FBD008E09AE0F8E3F8E3EF
:10970000F8E3F8E3F8E3F8E3F8E3F8E37F2804F09C
:10971000738404F095BC00006A01001000C00920A9
:1097200000C00240FF0FC0FF420000104A000010BE
:10973000CDABFFFF4128D8D0FD4800231A46416D2C
:10974000C0F8591010F8581F41710121412003F051
:1097500008BE92F82A0020B182F82A5082F82350DD
:10976000D7E782F82A60F9E7F248C570D1E7F14EF1
:10977000EF2912D0F72913D0012B18D0052B36D0A2
:1097800006F5EA70FD2990F9040038D0FB2938D09D
:10979000FE293DD07E2947D0BBE70598607000E0E8
:1097A0006270092200212571601C02F0B4B8FD2905
:1097B00008D1ACF1010C84F802C01F220021A01CCA
:1097C000F6F759FDB07FFB2807D1A0781F22401C77
:1097D000A0700021A01CF6F74EFDB07FFE2898D1A6
:1097E000F58625706570A570E570257191E77E2975
:1097F0008FD1D148016821F00101016089E7401E45
:1098000000E0401C207104220021201D01F03EBF19
:1098100008230722062105208DE80F0004230322D8
:109820000221012002F0CCBE0321C44807F014F944
:109830006FE7C048052790F82B2000F58070B0F93D
:1098400016008446401C00B213909CFBF7F0814642
:10985000401C00EB800000B2322714909CFBF7F014
:109860008046401C784300B22190ACF1010000B268
:109870002290A9F1010000EB800000B20D90A8F148
:109880000100784300B22390A9480A27C06B8146A3
:1098900099FBF7F808F1010707EB87077F0024978A
:1098A0003C27401C99FBF7F711900C977F1CA9F1FE
:1098B0000100C7EB0717A8F101081590BF0008EBDE
:1098C00088002597400016900C9F7F1EC7EB07105D
:1098D00080001790F2B3DFF858920527A9F18009AC
:1098E000B9F91C000C90401C00B226900C9890FB1B
:1098F000F7F08046401C00EB800000B227900C98E7
:10990000322790FBF7F08446401C784300B2289041
:109910000C98401E00B22990A8F1010000EB8000D5
:1099200000B22A90ACF10100784300B22B90B9F854
:109930005C004FF00A0C401C00B22C907C48076C75
:10994000781C2D9097FBFCF08046401C00EB8000BB
:10995000400000E081E04FF03C0C97FBFCFC2E90B7
:109960000CF10100C0EB001080007F1ECDE918074C
:10997000A8F1010000EB80004000ACF1010C0E905A
:10998000CCEB0C1080001A90B9F924000A27844609
:10999000401C00B21B909CFBF7F08046401C00EB83
:1099A0008000400000B2052712909CFBF7F01F904A
:1099B000401C00EB800000B232271C909CFBF7F0AB
:1099C0008146401C784300B21D90ACF1010000B20A
:1099D0001E90A8F1010000EB800040000FFA80F813
:1099E0001F98401E00EB800000B21F90A9F10100FB
:1099F000784300B22F90012A7BD04D4F0A20803F40
:109A0000B7F91C7097FBF0F08146401C00EB80001A
:109A1000400007B2A9F1010000EB80004000DFF830
:109A2000149100B2022A7ED0FB297DD0FD297CD082
:109A3000002B7BD0012B7AD009F5EA77022B7FD05F
:109A4000042B7ED0052B7DD0062B7CD0082B7BD021
:109A5000092B7AD00A2B79D073E3364FFB2976D0C5
:109A6000FD2975D007F5EA7883B1012B42D0022B8E
:109A70006FD0042B6ED0052B6DD0062B6CD0BEE1C1
:109A8000042100E0022141700A2271E3FE290BD17A
:109A90000B98012806D087F83050F7F7FEFC88F8BD
:109AA000045001E0F7F790FDB87FEF2810D1B4F82B
:109AB0006000002804F0C482F8780128FAD0787990
:109AC0000128F7D031467E714FF4827006F0FFFE18
:109AD000B87FF72844F0B482B4F860000028E9D0D9
:109AE000F8780128E6D078790028E3D029467D71FE
:109AF000EFE371E1B4F8600010B1B4F8620060BB4C
:109B0000B4F85A0048BB0A4A0A20803AB2F9162033
:109B100092FBF0F0401C00EB8000400000B2EF2907
:109B20002DD06F291AE0F5E271E371E3FEE3FEE365
:109B3000F00100107000001000400440E86F0010B9
:109B4000F6E3F6E3F6E3F6E367E367E3F4E359E10C
:109B500060E181E0CDE004E126E159E01AD00A207D
:109B6000FF4AB2F9162092FBF0F0401E00EB800095
:109B7000400000B2F7291FD0772931D048E0BCF56A
:109B80007A7F1DDA13981BE0B4F91610202006F036
:109B90009EFE20E087F826E0BEF1320F04D2BCF52D
:109BA0007A7F26DA149824E0219822E0B4F916107E
:109BB000202006F08CFE27E0BCF57A7F00DA2298A0
:109BC000E082E7485A4651461630F6F75FFB97F8B1
:109BD00030000028D8D087F8305087F8265017E09A
:109BE00087F826E0BEF1320F16D2BCF57A7F00DA94
:109BF0000D98E082DA485A4651461630F6F746FB91
:109C000097F830000028D1D087F8305087F82360CB
:109C1000B87FFE2802D00DE02398EAE7F878012803
:109C200006D087F83050F7F738FC88F8045001E088
:109C3000F7F7CAFCB87FE7280BD1F878012808D1DC
:109C400034F85A0F0222401C2080C54800215A30A7
:109C50002AE187F823605CE5EF2908D06F290DD051
:109C6000F7297DD0772918D0FE2922D02AE0BC48D8
:109C700011998030C16387F8265023E0B84887F8EF
:109C800026E0BEF1140F00F1800001D2249900E01B
:109C90002599C16387F8236014E0B14887F826E06E
:109CA000BEF1140F00F1800001D21699F1E7179967
:109CB000EFE70B98012875D087F83050F7F7EDFBE8
:109CC00088F80450A64F608D8037F96B81426ADDB9
:109CD000401CF863E08C012808D0314602E0E08C9B
:109CE00020B12946E184EE2006F0F1FDD820F96B81
:109CF000F6E30B980028AED1762006F02BFD00B2DB
:109D0000ADF81000B97FEF2906D06F2909D0F729E7
:109D10000CD077290FD017E0B0F57A7F01DA401C1C
:109D200010E00A2190FBF1F0401C08E0B0F57A7FCA
:109D300001DA401E06E00A2190FBF1F0401E00EB24
:109D400080004000ADF81000B4F90A20B4F90C10FE
:109D500004A8F6F79BFABDF91010762003F08EBF29
:109D600009E3FE29C7D17E4C20988034002804F0F6
:109D7000678100231A4619464F20F6F73EFE09E098
:109D8000401C40B288F80100202803DB002108466F
:109D9000F6F720FE98F90100626906FA00F1114217
:109DA000EED0B6E4E8E2FAE3FE29FAD188F80150F1
:109DB000AFE4FE297BD0ACE4082B04D0092B05D0FE
:109DC0000A2B06D0A5E4FE2972D0A2E4FE2970D0A9
:109DD0009FE4FE296ED09CE4624FFB2912D0FD293E
:109DE00018D007F5EA70E3B18146012B45D0022B6C
:109DF0007AD0042B79D0052B78D0062B77D0072B7F
:109E0000DAD1D6E756480599D430032941707FF45A
:109E10003BAE35E652480699D43003294170F6D15D
:109E200030E6FE290AD10B99022905D0057187F881
:109E30003050F7F76AFB01E0F7F7C6FBB87FEF2871
:109E40000FD1B4F860000028ABD0F8780228A8D071
:109E500078790128A5D031467E714FF4827006F0E2
:109E600036FDB87FF7289CD1B4F86000002898D060
:109E7000F87802287FF437AE4BE4EF291BD06F2926
:109E80003ED0F72958D0772972D0FE2979D0E7291A
:109E90007FF4DFAE0B980228FAD12C98A4F85C006E
:109EA0002F48022200215C30F6F7FBF9D1E6EFE300
:109EB000EFE3EFE3EFE32698A0832948DDE90912F9
:109EC0001C30F6F7E3F997F8300020B9B4F91C100C
:109ED000222006F0FCFC87F8265087F83050B4F9B1
:109EE0001C00F7F775FBB4E658E09EE0EDE00DE1ED
:109EF000EFE3EFE3EFE3EFE3EFE3EFE3EFE3EFE3D2
:109F000087F826E0BEF1320F01D2279800E02898AA
:109F1000A0831348DDE909121C30F6F7B7F997F86A
:109F2000300020B9B4F91C10222006F0D0FC87F8CC
:109F3000305087F823608CE62998A0830848DDE933
:109F400009121C30F6F7A2F997F8300020B9B4F9DD
:109F50001C10222006F0BBFC87F8305005E007E01B
:109F600070010010700000100BE087F8265070E6BA
:109F700087F826E0BEF1320F01D22A98C8E72B9865
:109F8000C6E70B98022806D087F83050F7F7BDFADD
:109F900089F804505DE6F7F717FB5AE6EF2908D079
:109FA0006F290CD0F72972D0772915D0FE291DD042
:109FB00025E0FC482D99016487F826501FE0F948F8
:109FC00087F826E0BEF1140F01D22E9900E018990F
:109FD000016487F8236012E0F24887F826E0BEF1BA
:109FE000140F01D20E99F3E71A99F1E70B980228A2
:109FF00078D087F83050F7F788FA89F80450E94F9D
:10A00000608D396C81426EDD401C3864208D0128E2
:10A0100008D0314602E0208D20B129462185F0206C
:10A0200006F055FCDC20396C5AE20B98002844F00D
:10A030000780EF2906D06F290CD0F72922D0772985
:10A0400033D008E6BCF57A7F01DA1B9800E012985D
:10A05000A0841FE087F826E0BEF1320F10D2BCF5D5
:10A060007A7F01DA1C9829E0129827E0CD485A46F9
:10A0700051465C38F6F70AF9B4F9241078206DE6F9
:10A080001D981BE0BCF57A7F02DA1E98E0E73FE2FC
:10A09000A4F82480C3485A4651465C38F6F7F6F8CF
:10A0A000B4F92410782003F0D1BC87F826E0BEF183
:10A0B000320F08D2BCF57A7F02DA1F98A084D5E768
:10A0C000A4F82480D2E72F98F8E7FE29B9D1209888
:10A0D000B44C0028B5D000231A4619464F20F6F795
:10A0E0008CFC0BE01FE208E3401C40B289F8010041
:10A0F000202803DB00210846F6F76CFC99F90100E3
:10A10000626906FA00F11142EED0A4E5FE2998D169
:10A110004570A0E5FB297AD0FD2979D05BB3012BEE
:10A1200053D0022B75D0042B74D0052B73D09D4FC8
:10A130005437062B70D0082B6FD0092B6ED00A2B0A
:10A140006DD00B2B6CD00C2B3FF45BAE0D2B3FF482
:10A150003AAE0E2B3FF43AAE0F2B3FF43AAE7AE50F
:10A16000072978D003E0072976D000E041700F225C
:10A170000021401CC9E3FE2909D10B98012807D012
:10A1800089F83050F7F789F9864854300571C5E2EF
:10A19000F7F71AFAC2E200BF99F805000128B4D017
:10A1A000314689F805604FF4827006F090FB00BFDD
:10A1B00099F81E00F728A8D1B4F860000028A4D0B0
:10A1C00099F80300012876D145E5EF2908D06F29D9
:10A1D00072D0F7290AD077296FD0FE293ED0D8E275
:10A1E000139804E0149825E0219823E02298E08257
:10A1F0006C485A4651466A38F6F748F899F83000E4
:10A2000058B300BF89F8305089F82650C1E2CDE13B
:10A21000D7E13AE066E0A2E007E1F5E262E19EE123
:10A22000C0E10D9806E000BF89F8305089F823603E
:10A23000AFE22398E0825B485A4651466A38F6F707
:10A2400025F899F830000028EED1B4F91610202036
:10A2500006F03DFBE8E7B2E1C0E17CE20B980128A3
:10A2600007D089F83050F7F718F94E485430057187
:10A270008FE2F7F7A9F98CE234F85A0F0222401C5A
:10A280002080484800212638CAE0EF2972D06F2983
:10A2900014D0F7296FD077291CD0FE297FF4E6ACC3
:10A2A0000B98012868D089F83050F7F7F6F83D4848
:10A2B0005430057106E548E053E259E2394889F81F
:10A2C00026E0BEF1140F6FD22499C16389F8236090
:10A2D000F8E441E0334889F826E0BEF1140F6FD26C
:10A2E0001699F2E7FE290AD10B98022808D089F8BE
:10A2F0003050F7F70AF92B490420543108717CE1FA
:10A30000F7F762F979E100BF99F80500012803F039
:10A310009786314689F805604FF4827006F0D7FAC7
:10A3200099F81E00F72843F08B8606E058E173E1A8
:10A33000B2E1E7E102E239E298E2B4F86000002815
:10A34000E5D099F803000228E1D099F8050000282B
:10A35000DDD0294689F805504FF48270F9E3EF29E2
:10A3600078D06F2977D0F72937D0772974D0FE2994
:10A3700043D05CE131E238E23DE2269832E0094820
:10A38000DDE909126438F5F781FF99F8300020B94A
:10A39000B4F91C10222006F09AFA89F8305089F896
:10A3A00026503FE0F00100101DE2279823E0DDE990
:10A3B0000912FD48F5F76AFF99F8300018B107E077
:10A3C00017E2289817E0B4F91C10222006F07FFA53
:10A3D00089F8305089F8236024E00C99B1F57A7F30
:10A3E00000DA2998A083CAE70C99B1F57A7F02DADE
:10A3F0002A9800E02B98A083D9E70B98022870D008
:10A4000089F83050F7F781F8E7490420B83108712E
:10A4100008E02C98A4F85C00E348022200214030B8
:10A42000F5F73FFF89F8236015E4EF296FD06F2916
:10A4300013D0F7296CD077291CD0FE297FF4B8AD52
:10A440000B9802286FD089F83050F7F75EF8042097
:10A450003871D4E5F3E0F9E005E1D34889F826E066
:10A46000BEF1140F00F1640074D22E99016489F8D2
:10A470002360C4E5CC4889F826E0BEF1140F00F152
:10A48000640068D20E99F1E7762006F063F900B215
:10A49000ADF8100099F81E10EF297ED06F2904D076
:10A4A000F7297BD0772905D00EE00A2190FBF1F047
:10A4B000401C03E00A2190FBF1F0401E00EB8000FD
:10A4C0005FEA4000ADF81000B4F90A20B4F90C10AE
:10A4D00004A8F5F7DBFEBDF91010762003F0AEB846
:10A4E000FEE3D2E00B98A0B35BE400BFBCF57A7F3B
:10A4F00070DA1B98A0841BE06F296CD0F7296BD011
:10A5000077296AD04DE41C9827E0129825E0D9E01D
:10A51000E9E0A5485A4651460830F5F7B7FEB4F9C8
:10A5200024107820DAE7E5E01D9816E0A4F82480EE
:10A530009D485A4651460830F5F7A8FEB4F9241054
:10A54000782003F02FB800BFBCF57A7F76DA1F9829
:10A5500003E06AE1C5E0CBE02F98A084D9E7FE29AB
:10A56000C2D1914C209864340028BDD000231A46F3
:10A5700019464F20F6F741FA08E0491C48B27870B6
:10A58000202803DB00210846F6F724FA97F901108A
:10A59000626906FA01F0104202E03AE13FE12DE182
:10A5A000EBD005E4FE299FD17D7004E47E48059937
:10A5B000B830032941707FF4D3AD0421D6E50821DA
:10A5C000D4E579480699B830032941707FF4CBADC2
:10A5D0000221CBE52DE12EE138E13DE10621C5E583
:10A5E000FE290AD10B9802283FF48AAE89F8305030
:10A5F000F6F78BFF6C48B830057199F81E00EF280C
:10A600007FF48EAEB4F860000028CAD099F8030039
:10A6100002287FF479AE2FE4EF2910D06F2915D0EE
:10A62000F7293FF4DAAE77291DD0FE2922D0E72999
:10A630007FF4B7AE0B980228FAD1EAE613E10C9842
:10A64000B0F57A7FFFF699AEA78398E689F826E001
:10A65000BEF1320FBFF4B5AE0C98B0F57A7FFFF6BD
:10A66000A4AEA783A3E689F826E0BEF1320FBFF4BB
:10A67000C1AEB9E60B98022807D089F83050F6F73A
:10A6800044FF4948B8300571CCE6F6F79DFFC9E6AE
:10A690000AE10EE112E117E1EF2913D06F293FF42F
:10A6A000DCAEF7291FD077293FF4E4AEFE297FF412
:10A6B0007FAC0B9802281DD089F83050F6F725FFA3
:10A6C0003D719CE438482D996430016489F8265026
:10A6D00095E4FEE029E13AE152E1FAE114E249E2CF
:10A6E0009CE21899C2E6304819996430016486E406
:10A6F0001A99BBE6F6F768FF81E41E29BFF68BAC1A
:10A700001D2082E4FE2909D10B9801283FF440ADB9
:10A7100089F83050F6F7C1FE0420387199F81E0010
:10A72000EF287FF445ADB4F86000002803F088847A
:10A7300099F8030001287FF42FAD82E4EF293FF45C
:10A740004FAD6F290DD0F7293FF450AD77290FD0C9
:10A75000FE2914D01DE0B4F91610202006F0B7F839
:10A7600050E589F826E0BEF1320FBFF43DAD39E582
:10A7700089F826E0BEF1320FBFF45BAD51E50B98CE
:10A7800001283FF476AD89F83050F6F786FE0420B4
:10A79000387199F81E00E7287FF403AE99F803009A
:10A7A0000128F9D168E500008C010010EF2914D0D0
:10A7B0006F293FF483ADF72917D077293FF48AAD8D
:10A7C000FE297FF477AD0B98012814D089F830501A
:10A7D000F6F763FE042038716CE5F8481199C163FF
:10A7E00089F8265066E525996FE5F4481599C16307
:10A7F00060E5179969E5F6F7E7FE5BE51E29BFF608
:10A800006EAA1D20FFF765BA0B9800283FF43CAEF6
:10A8100017E4B0F57A7FBFF648AE401C52E6B0F5BB
:10A820007A7FBFF647AE401E4CE6EF297FF464AE58
:10A830005CE612985EE689F826E0BEF1320FBFF4BE
:10A8400073AEBCF57A7FBFF660AE5CE6BCF57A7F8E
:10A85000BFF66CAE1E984DE689F826E0BEF1320FC9
:10A86000BFF47AAE70E6A4F8248052E6FE29CFD178
:10A870002098D24C0028CBD000231A4619464F20EE
:10A88000F6F7BBF808E0401C40B27870202803DBE4
:10A8900000210846F6F79EF897F90100626906FA6A
:10A8A00000F11142EFD030E400231A4619460F2080
:10A8B000F2E300231A4619460D20EDE300231A4661
:10A8C00019467D2002F04DBD00231A4619467F200F
:10A8D000F8E74FF47A70F5F7B0FCB948817FFD29AD
:10A8E00007D0FB2908D0F72902F01482FE290DD0E9
:10A8F00013E07978491E01E07978491C7970B0F845
:10A900005600801E42B24CE2781CFCE3B0F95610AF
:10A9100097F90120891E8A42E6D0B0F85600012836
:10A92000C1D178780028DFD019E44FF47A70F5F7B8
:10A9300084FCA348807FFD2804D0FB2874D0FE2827
:10A9400003D00CE47878401EF4E07878FEE04FF411
:10A950007A70F5F772FC9A48807FFD2804D0FB28B6
:10A9600005D0FE2808D02FE47878401E01E07878E2
:10A97000401C7870082214E278780828B4D023E4C8
:10A980003220F5F75AFC8E4CA17FEF290AD0F72927
:10A990000BD004F5C170FD290ED0FB2911D0FE2982
:10A9A00018D011E47878401C01E07878401E787067
:10A9B00002220021781CFEE397F90110425C521C30
:10A9C00003E097F90110425C521E425408440922E8
:10A9D0000021F0E390F9011090F9002001EB8101D2
:10A9E00002EBC203490003EB021290F9020001EBF3
:10A9F00082010844397880B20F290AD0102922D068
:10AA00004A2930D03E293FD0232947D0222951D08E
:10AA10000AE5B82809D100210846F5F7DBFF002335
:10AA20001A46194604204FE082E000210846F5F757
:10AA3000D1FF4FF47A70634B009063A268A118466F
:10AA4000F6F732F8F0E4A0F540716939EDD1084627
:10AA5000F5F7C0FF00231A461946122034E000BF64
:10AA6000F5F7EBFBE0E4A0F54071B539DDD1084620
:10AA7000F5F7B0FF00231A4601214B20F5F7BDFF83
:10AA80000A2084F82700F0E3A0F580712739CCD1A3
:10AA90007E703D710A2084F82700C5E47D28C4D16A
:10AAA0000021BC780846F5F795FF002223461146A1
:10AAB000242009E07E28B8D100210846F5F78AFF56
:10AAC00000231A4619462520F5F797FF4FF47A70B0
:10AAD000C6E7FE299CD1394C209806FA03F1884339
:10AAE000606109D1F2E3401C40B27870202803DB9A
:10AAF00000210846F5F76EFF97F90100626906FA32
:10AB000000F11142EFD08FE44FF47A70F5F795FB26
:10AB10002B48807FFD2807D0FB2809D0FE280CD0C9
:10AB2000F72802F0F7807FE47978491E797002E017
:10AB30007878401C7870042233E197F9010048B11D
:10AB400001280CD002280FD003280DD00428E8D00B
:10AB50006AE400E200231A4619462220C5E30023D6
:10AB60001A4619462620C0E3801E0022C3B21146B1
:10AB70002320BAE3002211461046F5F759FB104C8A
:10AB8000A07FFD2809D0FB280AD097F9011059B100
:10AB90000129B8D002297ED046E47878401E01E031
:10ABA0007878401C7870F1E398F800100229AAD058
:10ABB000EF2821D0F72823D027E00000F001001073
:10ABC00070000010004A00002020202020EDE5E267
:10ABD000E5F0EDFBE92121212020202000000000EC
:10ABE00020202020202020CFE0F0EEEBFC202020B1
:10ABF0002020202000000000B4F84C00401C02E09F
:10AC0000B4F84C00401EA4F84C0018220121F8486A
:10AC1000F5F73CFBB4F94C10C0209CE14FF47A707E
:10AC2000F5F70BFBF24A19214C3A907FFB283DD0F7
:10AC3000FD2871D092467B286FD097F9011059B347
:10AC400001296BD003296AD0052969D0072968D06A
:10AC5000092967D00B2972D00D2971D00F2970D026
:10AC600011296FD012296ED013296DD014296CD000
:10AC700016296BD017296AD0192969D01B2968D0E9
:10AC80001C2967D01E2970D020296FD021296ED0B1
:10AC900023296DD001E0F1E3C7E0242969D02529FB
:10ACA00068D0262967D027296FD01DE47878401C0A
:10ACB00040B27870022823D0042825D0062827D057
:10ACC000082830D00A2832D00C2834D00E2842D0A0
:10ACD000102844D0142844D01622152843D000E070
:10ACE000F4E0172848D0182848D01A2849D01B2843
:10ACF00049D01D284AD01F284AD022284CD04FE0E6
:10AD000087F8018002206FE00520787004206BE056
:10AD100007207870062067E044E084E0A1E0D8E0F6
:10AD2000E6E0F4E002E10920787008205CE00B2006
:10AD300078700A2058E00D2078700C2054E01FE154
:10AD400025E12BE131E14CE154E171E1DCE1E2E1AB
:10AD500005E20BE211E20F2078700E2044E0112092
:10AD600059E0132040E07A701AE00DE213E255E258
:10AD70005BE269E2ABE2B2E23A7111E0797018206D
:10AD800032E01B2078701A202EE0B3E21E2000E093
:10AD9000202078701D2027E023207870202023E0D9
:10ADA0002722D2E27878401E40B2787002281DD067
:10ADB00004281DD006281ED008281ED00A281ED020
:10ADC0000C281ED00E281ED010281ED015281ED0EC
:10ADD00018281FD01A2820D01D2820D01F2820D0A6
:10ADE0002228DDD1212078703871D9E77E70D7E72D
:10ADF00087F80180D4E705200DE007200BE009204B
:10AE000009E00B2007E00D2005E00F2003E01420EF
:10AE10007870A6E717207870C2E77970C0E71C2029
:10AE2000E1E71E20DFE7252075E31446EF2806D072
:10AE30006F2804D0F72806D0772804D07DE434F8B2
:10AE4000560F401C02E034F8560F401E202220808E
:10AE5000012167480A30F5F719FAB4F90010982073
:10AE600079E01146EF2806D06F280AD0F72812D0D3
:10AE7000772816D020E0628D3C20B2FBF0F0401C19
:10AE800014E0628D4FF49670B2FBF0F0401C4FF46A
:10AE9000967250430DE0628D3C20B2FBF0F0401EF4
:10AEA00004E0628D3C20B2FBF0F0401FC0EB0010CC
:10AEB0008000608581F823604D484FF461424FF473
:10AEC0009671DE30F5F7F8F9618DE02005F039FD77
:10AED00033E4EF2806D06F2804D0F72804D0772871
:10AEE00002D02AE4314600E02946A185E42032E080
:10AEF000EF2806D06F2804D0F72804D0772802D096
:10AF00001BE4314600E02946E185E62023E0EF28F6
:10AF100006D06F2804D0F72804D0772802D00CE49C
:10AF2000314600E02946A186E82014E01146EF28CA
:10AF300006D06F2804D0F7280ED077280CD067E40D
:10AF400091F82B00C8B1012813D002280ED00AE0D6
:10AF500092F82B10EA20FDE391F82B0030B1032882
:10AF600007D0022809D081F82B50F1E781F82B8017
:10AF7000EEE7022081F82B00EAE781F82B60E7E793
:10AF8000FE28A5D100231A46194675209AE4FE280A
:10AF90009ED100231A461946772093E4FE2897D1C4
:10AFA00000231A46194678208CE41146EF2806D073
:10AFB0006F2804D0F7280BD0772809D028E491F81F
:10AFC0002C00012807D009E092F82C10EC20C1E3F6
:10AFD00091F82C0010B181F82C50F5E781F82C6025
:10AFE000F2E7FE288CD100231A461946722069E444
:10AFF000BC0000101546EF2806D06F2804D0F728B3
:10B0000007D0772805D04EE4B9F838004C46401CEC
:10B0100003E0B9F838004C46401E20876422012125
:10B02000FD48F5F733F9B4F93810F42002F02DBBE0
:10B030004FF4F07359004D008E004FF0F00C40F6C5
:10B04000B4384FF4B452EF2806D06F2804D0F72854
:10B0500026D0772824D026E4B9F93A004C464FF49C
:10B060003457782807D0F02808D0984215D0884265
:10B0700006D1658712E0A4F83AC00FE063870DE0BF
:10B08000A84201D1668709E0B04201D1628705E09C
:10B09000904202D1678701E027E161873A461FE0CD
:10B0A000B9F93A004C46782806D0F02806D09842E4
:10B0B00007D1A4F83AC013E0628711E078206087D6
:10B0C0000EE0884201D163870AE0A84207D0B0426F
:10B0D00001D1658704E0904201D1668700E0618775
:10B0E000CD487821801CF5F7D1F8B4F93A10F62054
:10B0F00005F0EDFBB4F93A100B2005F0E8FBB4F9CC
:10B100003A104046D8E3C1E2FE28A4D100231A46F3
:10B1100019466F203AE714464FF4FA724FF48C75D3
:10B12000EF2806D06F2804D0F72807D0772805D05D
:10B1300007E4B9F83C004F46401C03E0B9F83C0076
:10B140004F46401EB887B4480021001DF5F79EF811
:10B15000B7F93C104FEA050005F0B9FBFAE3FE2809
:10B16000E6D100231A46194636200FE7FE28DFD124
:10B1700000231A461946742008E7FE28D8D1002378
:10B180001A461946792001E7FE28D1D100231A4634
:10B1900019467A20FAE64A2005F0DCFA00B2ADF84A
:10B1A00010009AF81E105546EF2908D06F290BD0D1
:10B1B000F7290ED000E0AEE377290FD017E00A217F
:10B1C00090FBF1F0401C0DE00A2190FBF1F00A30F9
:10B1D00008E00A2190FBF1F0401E03E00A2190FBF9
:10B1E000F1F00A3800EB80004000ADF81000B4F92F
:10B1F0000A10C1EBC10042000A2092FBF0F201EB01
:10B20000410303EBC10191FBF0F001B212B204A8BB
:10B21000F5F73CF8BDF910104A2007E7FE2887D162
:10B2200000231A4619467B20B0E6B9F85E1048465E
:10B23000022903D00221A0F85E1001E0A0F85E60B0
:10B24000B9F95E10942037E31546EF2808D06F282F
:10B250000CD0F7280FD0772812D076281FD014E012
:10B260006D48C8308168491C0EE0F2E36A48C83076
:10B270008168143108E06848C8308168491E03E0DD
:10B280006548C830816814398160634843F2C82238
:10B29000C830624B8168914207D2836008E05E4803
:10B2A00043F69821C830816002E0994200D982605B
:10B2B000594CC834A06801B24FF4AC7005F007FBDC
:10B2C000A068000C01B24FF4AD70AFE6AAE0FE2812
:10B2D000A5D100210846F5F77DFBFFF765B9FE28EB
:10B2E0009DD100231A4619461020F5F786FBF7F783
:10B2F00072FE08E4FE28FCD100231A460121342006
:10B30000F5F77BFB6421A9F87610C821A9F878101D
:10B3100009E4DFF80481EF29A8F1B80810D0F72973
:10B3200010D0FE297ED03E4C83B1012B2FD0022BB2
:10B330004BD0032B61D0042B75D0052B74D007E4C0
:10B34000059800E00698787005229CE194F82800A2
:10B350008DF80000FD2906D07D2904D0FB2905D0F9
:10B360007B2903D00FE0C0B2401C01E0C0B2401EF8
:10B370008DF80000172200216846F4F771FF9DF850
:10B38000000084F8280088F8236005E4FBE394F8C3
:10B3900024008DF80000FD2914D07D2912D0FB294E
:10B3A00001D07B29EFD1C0B2B0F101008DF80000CF
:10B3B0003B2200216846F4F753FF9DF8000084F813
:10B3C0002400E0E7C0B2401CF0E794F820008DF8BC
:10B3D0000000FD2905D07D2903D0FB2901D07B2960
:10B3E000D1D18DF800503B2200216846F4F738FF98
:10B3F0009DF8000084F82000C5E794F82C008DF833
:10B400000000FD291DD07D291BD0FB2901D07B29FF
:10B41000B9D1C0B2401E08E028010010A08601008A
:10B4200000400240EFE30FE02CE08DF800001F2207
:10B4300001216846F4F714FF9DF8000084F82C0001
:10B44000A1E7C0B2401CE6E794F838008DF8000090
:10B45000FD2914D07D2912D0FB2901D07B2992D15E
:10B46000C0B2401E8DF800000C2201216846F4F79E
:10B47000F7FE9DF8000084F8380084E7B1E0C0B220
:10B48000401CEFE7A08FFD2940B28DF8000012D0DC
:10B490007D2910D0FB2901D07B2992D1B0F1010088
:10B4A0008DF80000632200216846F4F7D9FE9DF96B
:10B4B0000000A08767E7401CF2E700BF4FF47A70F6
:10B4C000F4F7BBFEFE4CA07FFB280CD0FD2817D064
:10B4D0007B281FD097F9011001291DD003292FD0F7
:10B4E00005297ED0AAE47878401C40B27870022802
:10B4F00002D0032802D00BE03E7109E0042006E0F0
:10B500007878401E40B27870032801D1022078700C
:10B510000522F6E30520F1E0EF2806D06F2804D0DD
:10B52000F72806D0772804D088E434F8560F401C5A
:10B5300002E034F8560F401E1E222080002188E4CD
:10B5400040F61A45EF2806D06F2804D0F72806D019
:10B55000772804D072E434F85C0F401C02E034F821
:10B560005C0F401E2080D6480C2200215C30F4F78E
:10B570008DFEB4F90010F1E34FF47A70F4F75DFE3C
:10B58000CF4C0121B4F9702002B11521A07FFB2816
:10B590002BD0FD287DD07B2870D040F6180540F2D6
:10B5A000D47840F2D67A4FF4FB6B672867D097F9CE
:10B5B0000130EBB3012B7ED0022B7DD0042B7CD04D
:10B5C000062B7BD0082B7AD0092B79D00A2B78D088
:10B5D0000B2B77D00D2B76D00F2B75D0112B74D071
:10B5E00000E0FEE3132B71D0A5E17878401C40B257
:10B5F000787002281DD003281FD0052822D00728E4
:10B6000024D00A2824D00B2824D00C2824D00D289C
:10B6100024D00E2824D00F2824D0102824D011287C
:10B6200024D0122824D0132824D0142828D029E08C
:10B6300038E1387930BB3E710AE00420787087F831
:10B64000048005E006207870052014E0082078705A
:10B65000BD7017E00A200EE00D2078700C200AE083
:10B660000F2078700E2006E011207870102002E084
:10B670001320787012203871EAE70AE040E041E0D8
:10B68000152078704AB20021FFF73EB9F4F7F3FDB8
:10B690001EE478784AB2401E78700021781CF4F7D6
:10B6A000EAFD97F9010014281BD012281BD010289E
:10B6B0001BD00E280BE00CE11BE1A2E121E2A3E28A
:10B6C000C3E2E3E24BE3CCE3F0E3F0E3F0E30ED0DC
:10B6D0000C280ED007280ED005280ED003287ED0C7
:10B6E0000EE413200AE0112008E00F2006E00D20F0
:10B6F00004E00B2002E0062000E0042078700EE455
:10B7000079700CE401214FF4FA6005F0E0F80021B3
:10B71000284605F0DCF8002140F2D27005F0D7F899
:10B72000C021404605F0D3F8A821504605F0CFF8D7
:10B730000121584605F0CBF8ED2140F2DA7005F012
:10B74000C6F8FF2140F2DC7005F0C1F8FF2140F29D
:10B75000DE7000E0B0E005F0BAF8FF214FF4FC60C5
:10B7600005F0B5F8002140F2E27005F0B0F8C02114
:10B770004FF4016005F0ABF8A82140F6120005F087
:10B78000A6F8012140F6140005F0A1F8FE2140F6CC
:10B79000160005F09CF8A12140F60C0005F097F882
:10B7A000A22140F60E0005F092F8312140F6DE00AD
:10B7B00005F08DF832214FF40E6005F088F8332142
:10B7C00040F6E20005F083F8002140F6E40005F0C1
:10B7D0007EF8002140F6E60005F079F800E0FEE38F
:10B7E000FF2140F2E47005F072F8FF2140F2E670AC
:10B7F00005F06DF8FF214FF4FD6005F068F8FF21BA
:10B8000040F2EA7005F063F8FF2140F2EC7005F0B9
:10B810005EF8FF2140F2EE7005F059F8FF214FF479
:10B82000FE6005F054F8FF2140F2F27005F04FF889
:10B83000FF2140F2F47005F04AF8FF2140F2F67063
:10B8400005F045F8FF21C80005F041F8FF2140F25E
:10B85000FA7005F03CF8FF2140F2FC7005F037F873
:10B86000FF2140F2FE7005F032F8FF214FF4006036
:10B8700005F02DF8FF2140F6020005F028F8FF2121
:10B8800040F6040005F023F8FF2140F6060005F01D
:10B890001EF8FF2140F6080005F019F8FF2140F6D8
:10B8A0000A0009E0FE2803D0F72801D0EF286FD165
:10B8B00042B100214FF4FA6005F009F838E40000C5
:10B8C0007000001001214FF4FA6005F000F800212B
:10B8D00051E682B3FE2803D0F72801D0EF28EDD13E
:10B8E000B4F8720008B1002100E0012140F2D270EA
:10B8F000E2E77E2809D097F9021079B101292CD00E
:10B90000022946D003295FD012E4B8780322401CF4
:10B91000B8700021B81CF4F7A3FC09E4EF2806D0A6
:10B920006F2804D0F72807D0772805D012E0B4F8A4
:10B930007400401C03E0FAE3B4F87400401EA4F85D
:10B940007400FF220021F848F4F7ABFCB4F974103E
:10B95000404601E484F82360CBE4EF2814D06F283C
:10B9600012D0F72801D07728F4D1B4F87600401E21
:10B97000A4F87600EC48FF220021801CF4F791FC2B
:10B98000B4F976105046E4E7B4F87600401CEFE7CF
:10B99000F2E3EF2814D06F2812D0F72801D07728CF
:10B9A000D8D1B4F87800401EA4F87800DE48FF2211
:10B9B0000021001DF4F775FCB4F978105846C8E76B
:10B9C000B4F87800401CEFE7EF2816D06F2814D0A9
:10B9D000F72801D07728BDD1B4F87A00B0F1010082
:10B9E000A4F87A00D048FF220021801DF4F759FC0A
:10B9F000B4F97A1040F2DA70ABE7B4F87A00401C80
:10BA0000EEE77E2881D097F9021031B1012921D0CB
:10BA100002293CD0032957D06BE4EF2815D06F28BA
:10BA200013D0F72801D0772894D1B4F87C00401EB9
:10BA3000A4F87C00BC48FF2200210830F4F731FC58
:10BA4000B4F97C1040F2DC7083E7B4F87C00401C51
:10BA5000EEE7F0E3EF2816D06F2814D0F72801D0D6
:10BA600077289DD1B4F87E00B0F10100A4F87E00E3
:10BA7000AD48FF2200210A30F4F713FCB4F97E1020
:10BA800040F2DE7065E7B4F87E00401CEEE7EF2878
:10BA900015D06F2813D0F72801D077289BD1B9F89B
:10BAA00000004D46401E28809F48FF2200210C3098
:10BAB000F4F7F7FBB5F900104FF4FC6049E7B9F86B
:10BAC00000004D46401CEEE7EF2815D06F2813D03C
:10BAD000F72801D07728A7D1B9F802004D46401EBB
:10BAE00068809148FF2200210E30F4F7DAFBB5F9A7
:10BAF000021040F2E2702CE7B9F802004D46401CFB
:10BB0000EEE77E283FF401AF97F9021031B1012929
:10BB100021D002293DD0032958D010E4EF2815D0B8
:10BB20006F2813D0F72801D077289AD1B9F83000C0
:10BB30004D46401E28867C48FF2200213C30F4F709
:10BB4000B0FBB5F930104FF4016002E7B9F83000EE
:10BB50004D46401CEEE7EF2816D06F2814D0F7288A
:10BB600001D077289AD1B9F832004D46401E688638
:10BB70006D48FF2200213E30F4F793FBB5F93210F7
:10BB800040F61200E5E6A2E3B9F832004D46401C4B
:10BB9000EDE7EF2815D06F2813D0F72801D07728CC
:10BBA00099D1B9F834004D46401EA8865E48FF2260
:10BBB00000214030F4F775FBB5F9341040F614005D
:10BBC000C7E6B9F834004D46401CEEE7EF2815D023
:10BBD0006F2813D0F72801D07728A6D1B9F83600FE
:10BBE0004D46401EE8865048FF2200214230F4F7BF
:10BBF00058FBB5F9361040F61600AAE6B9F836003B
:10BC00004D46401CEEE73DE3EF2806D06F2808D0F4
:10BC1000F7280AD077280CD010E0B9F82C10491C6E
:10BC20000AE0B9F82C10891C06E0B9F82C10491E5E
:10BC300002E0B9F82C10891EA9F82C1084F82360B2
:10BC4000B9F92C1040F60C0036E6EF2806D06F2824
:10BC500008D0F7280AD077280CD010E0B9F82E10B9
:10BC6000491C0AE0B9F82E10891C06E0B9F82E101C
:10BC7000491E02E0B9F82E10891EA9F82E1084F88A
:10BC80002360B9F92E1040F60E0015E67E2807D184
:10BC9000B8780822401CB8700021B81CF4F7E0FA0C
:10BCA000A07F224DEF2801D06F2824D197F90220E0
:10BCB000A85C401CC0B2A854202801D2202010E06B
:10BCC000A0F121010F2901D230200AE0A0F13A01B0
:10BCD000072901D2412004E0A0F15B01062911D21D
:10BCE0006120A854C1B240F6DE0000EB420004F02F
:10BCF000EEFD84F82360A07FF72806D0772804D0D3
:10BD000012E455E37A28D9D8ECE797F902007A22B1
:10BD1000295C491EC9B22954202918D3A1F1210355
:10BD20000F2B05D220210EE0E400001006C00720F2
:10BD3000A1F13A03072B01D2392104E0A1F15B0301
:10BD4000062B02D25A21295402E07A2900D92A541A
:10BD5000295C40F6DE0202EB4000FAE5EFE37E28C4
:10BD60003FF4D3AD97F9021031B1012921D0022956
:10BD70003DD0032958D08BE4EF2815D06F2813D07D
:10BD8000F72802D077287FF4D1ADB9F804004D46EA
:10BD9000401EA880FF220021F648F4F782FAB5F988
:10BDA000041040F2E470D4E5B9F804004D46401C9C
:10BDB000EFE7EF2816D06F2814D0F72801D07728A6
:10BDC000E1D1B9F806004D46401EE880E948FF225F
:10BDD0000021801CF4F765FAB5F9061040F2E67010
:10BDE000B7E54DE2B9F806004D46401CEDE7EF28F7
:10BDF00015D06F2813D0F72801D07728C3D1B9F810
:10BE000008004D46401E2881DA48FF220021001D0F
:10BE1000F4F747FAB5F908104FF4FD6099E5B9F861
:10BE200008004D46401CEEE7EF2815D06F2813D0D0
:10BE3000F72801D07728A6D1B9F80A004D46401E50
:10BE40006881CC48FF220021801DF4F72AFAB5F959
:10BE50000A1040F2EA707CE5B9F80A004D46401C31
:10BE6000EEE77E283FF451AD97F9021031B1012978
:10BE700024D002293FD003295AD009E4EF2818D052
:10BE80006F2816D0F72801D0772899D1B9F80C007F
:10BE90004D46401EA881B748FF2200210830F4F724
:10BEA00000FAB5F90C1040F2EC7052E55DE0DFE00D
:10BEB00063E1B9F80C004D46401CEBE7EF2815D0C4
:10BEC0006F2813D0F72801D0772897D1B9F80E0042
:10BED0004D46401EE881A748FF2200210A30F4F7B2
:10BEE000E0F9B5F90E1040F2EE7032E5B9F80E0047
:10BEF0004D46401CEEE7EF2815D06F2813D0F728E9
:10BF000001D0772897D1B9F810004D46401E2882FD
:10BF10009848FF2200210C30F4F7C3F9B5F910104E
:10BF20004FF4FE6015E5B9F810004D46401CEEE7F1
:10BF3000EF2815D06F2813D0F72801D07728A4D187
:10BF4000B9F812004D46401E68828A48FF2200213F
:10BF50000E30F4F7A6F9B5F9121040F2F270F8E4D9
:10BF6000B9F812004D46401CEEE77E283FF4CDACF8
:10BF700097F9021031B1012921D002293ED00329BD
:10BF800059D09BE4EF2815D06F2813D0F72801D0A3
:10BF900077289AD1B9F814004D46401EA8827548FA
:10BFA000FF2200211030F4F77CF9B5F9141040F2AB
:10BFB000F470CEE4B9F814004D46401CEEE7EF28CB
:10BFC00017D06F2815D0F72801D077289AD1B9F863
:10BFD00016004D46401EFF22E882002100E081E16C
:10BFE00064481230F4F75DF9B5F9161040F2F670B6
:10BFF000AFE4B9F816004D46401CECE7EF2815D029
:10C000006F2813D0F72801D0772898D1B9F81800F5
:10C010004D46401E28835748FF2200211430F4F774
:10C0200040F9B5F918104FF4FF6092E4B9F8180020
:10C030004D46401CEEE7EF2815D06F2813D0F728A7
:10C0400001D07728A5D1B9F81A004D46401E688363
:10C050004848FF2200211630F4F723F9B5F91A10E9
:10C0600040F2FA7075E4B9F81A004D46401CEEE74C
:10C070007E283FF44AAC97F9021031B1012921D052
:10C0800002293CD0032958D018E4EF2815D06F2896
:10C0900013D0F72801D0772898D1B9F81C004D4665
:10C0A000401EA8833348FF2200211830F4F7F9F826
:10C0B000B5F91C1040F2FC704BE4B9F81C004D4679
:10C0C000401CEEE7EF2815D06F2813D0F72801D0D9
:10C0D00077289AD1B9F81E004D46401EE8832548BE
:10C0E000FF2200211A30F4F7DCF8B5F91E1040F2F7
:10C0F000FE702EE4B9F81E004D46401CEEE7EF2816
:10C1000016D06F2814D0F72801D077289AD1B9F823
:10C1100020004D46401E28841648FF2200211C3076
:10C12000F4F7BFF8B5F920104FF4006011E4A5E072
:10C13000B9F820004D46401CEDE7EF2815D06F28D8
:10C1400013D0F72801D07728A6D1B9F822004D46A0
:10C15000401E68840748FF2200211E30F4F7A1F832
:10C16000B5F9221040F602000DE4B9F822004D4660
:10C17000401CEEE7F400001024E27E283FF4C5AB3B
:10C1800097F9021031B1012920D002293BD00329AF
:10C1900057D041E4EF2814D06F2812D0F72801D0EF
:10C1A000772896D1B9F824004D46401EA884FF2276
:10C1B0000021F848F4F775F8B5F9241040F60400AA
:10C1C0001AE4B9F824004D46401CEFE7EF2815D0DB
:10C1D0006F2813D0F72801D0772897D1B9F8260017
:10C1E0004D46401EE884EB48FF220021801CF4F7F6
:10C1F00058F8B5F9261040F6060025E4B9F82600EF
:10C200004D46401CEEE7EF2816D06F2814D0F728D3
:10C2100001D0772898D1B9F828004D46401E2885CE
:10C22000DC48FF220021001DF4F73BF8B5F9281087
:10C2300040F6080008E487E2B9F828004D46401CA3
:10C24000EDE7EF2815D06F2813D0F72801D0772815
:10C25000A7D1B9F82A004D46401E6885CD48FF2277
:10C260000021801DF4F71DF8B5F92A1040F60A00E8
:10C2700008E4B9F82A004D46401CEEE78B4288D10D
:10C28000FE2886D100210846F4F7A4FB9AE100BFFE
:10C2900040F6B830F3F7D1FFBE4CA43CA07FFB289A
:10C2A0000DD0FD2814D07B281CD097F90110E1B1E6
:10C2B00001293CD00229E3D001294FD082E17878CE
:10C2C000401C07E001220021781CF3F7D4FF06E0B0
:10C2D0007878401E7870B9F83E000028F2D002222B
:10C2E000FFF7D1B90220FFF709BA4FF48D76EF2896
:10C2F00006D06F2804D0F72807D0772805D013E0A0
:10C30000B9F83E004F46401C03E0B9F83E004F46E6
:10C31000401EF8879F48022200211A30F3F7B6FF2B
:10C32000B7F93E10304614E084F823504AE1B9F8DA
:10C330003E100029A4D04FF48E73EF280CD06F2844
:10C340000AD0F72801D07728EED12946A9F8401065
:10C35000184604F0BCFAE7E73146F7E7B9F83E10B3
:10C3600000298DD02EE100BF40F6B830F3F765FF0D
:10C37000884CA43CA07FFB280ED0FD2810D07B2841
:10C3800019D097F9011040F2FE32012916D0022986
:10C390003ED003298FD015E17878401C787006E0F4
:10C3A0007878401E40B27870012800D13D71032298
:10C3B0000121FEF7A9BA87F8018003E17E2811D098
:10C3C000EF2819D06F281BD0F7281DD077287FF4CD
:10C3D000C1AAB9F87610491FA9F876106D48002156
:10C3E000523028E0B9F8761019B1A9F87650FFF765
:10C3F000B1BAA9F87620FAE7B9F87610491CEBE74C
:10C40000B9F87610491DE7E7B9F87610491EE3E759
:10C410007E2813D0EF281AD06F281CD0F7281ED002
:10C420007728E4D1B9F87810B1F105015948A9F895
:10C43000781000215430F3F729FFD8E7B9F87810C5
:10C4400011B1A9F87850D2E7A9F87820CFE7B9F868
:10C450007810491CEAE7B9F87810491DE6E7B9F801
:10C460007810491EE2E700BF4FF47A794846F3F7A7
:10C47000E4FEDFF82081A8F1A40898F81E10FB293B
:10C4800071D0FD2970D07B293FF444A897F90100B1
:10C49000042807D0062813D0FE293DD092E07870FA
:10C4A00006221DE74FF48370EF2902D0F72902D04E
:10C4B00088E0314600E02946A4F86010FFF7FCB997
:10C4C0002820EF2906D06F2904D0F7290CD077292E
:10C4D0000AD012E0B4F972100A2903D01E290AD03A
:10C4E0000A2008E01E2006E0B4F972100A2902D0E2
:10C4F0002829F5D1F6E7A4F87200264828220A2157
:10C50000CE30F3F7C3FEB4F972104FF4426004F07A
:10C51000DEF988F8235055E040B1012810D00228F8
:10C5200013D0032816D005287ED04BE000231A46EE
:10C5300019463120F4F761FA88F81A6010E0FEE33A
:10C5400000231A4619462D2008E000231A461946F2
:10C55000762003E000231A4619464420F4F74DFAEA
:10C560004846FEF77DBA7CE27EE200BF4FF47A7661
:10C570003046F3F762FE074CA43CA07FFB2806D0B0
:10C58000FD2809D07B281ED0FE2820D02EE0787808
:10C59000401C03E0140100107878401E7870B4F855
:10C5A0005600002142B2781CF3F765FEA57600958F
:10C5B0000195029503957878632316224FEA0001CE
:10C5C00004F037FC4CE2B4F85600401C8BE6B4F99A
:10C5D000561059B197F901208A4207DA00227B7878
:10C5E00011462C20F4F709FA3046BAE797F9011002
:10C5F000B4F95620914270D032E200BF4FF47A7005
:10C60000F3F71BFEF94CA07FFB280ED0FD282BD0A2
:10C610007B284DD097F90110F1B303295ED006298C
:10C620007BD009297AD01BE274E37878401C40B2B1
:10C630007870012812D0022810D0042832D00528A2
:10C6400030D0072830D008282ED00A282ED00B282A
:10C650002CD00D2805D00E2803D021E087F80180CA
:10C660001EE00F2078701BE07878401E40B2787092
:10C67000012814D0022812D00428EFD00528EDD0CC
:10C6800007280FD008280DD00A280DD00B280BD072
:10C690000D280BD00E2800E00CE007D000E07D70E4
:10C6A000092295E00620DDE70920DBE70C20D9E729
:10C6B000092018E6E7287BD0EF287AD06F2879D0B8
:10C6C000F72878D077287FF492AE0520CDE90005D1
:10C6D00002950395B87805232EE048E3FE280FD095
:10C6E000EF2869D06F2868D0F72867D07728EAD17B
:10C6F0002520CDE9000502950395B87825231BE098
:10C700002120CDE9000502950395B8782123EE227A
:10C71000014604F08EFBA67669E6A0E011E06F28E2
:10C7200074D0F72873D07728F6D13520CDE90005ED
:10C7300002950395B8783523EE22014604F079FB83
:10C7400055E6FE2872D08BE100200AE74FF47A709C
:10C75000F3F773FDA54CA07FFB2810D0FD283CD03B
:10C760007B285AD097F901100029A3D0032977D04C
:10C770000629B3D0092972D00C29E2D070E178786B
:10C78000401C40B27870012844D0022842D00428CE
:10C7900015D0052813D0072813D0082811D00A284F
:10C7A00011D00B280FD00D280FD00E280DD00EE081
:10C7B00035E03CE043E049E085E08CE093E0062092
:10C7C00004E0092002E00C2000E00F2078700C2229
:10C7D0000021781CF3F74FFDD0E07878401E40B27E
:10C7E0007870012814D0022812D0042812D005280D
:10C7F00010D00728E3D00828E1D00A28E1D00B2880
:10C80000DFD00D28DFD00E28E1D1DCE77EE085E027
:10C810007D70DCE787F80180D9E70C2063E5CDE97E
:10C82000006502950395B878012385E70BE20220A5
:10C83000CDE9000502950395B87802237CE7CDE9A0
:10C84000008502950395B878032375E70420CDE9A8
:10C85000000502950395B87804236DE700E04AE0EF
:10C86000E72810D0EF2816D06F281CD0F72822D048
:10C8700077287FF4BCAD1520CDE90005029503951E
:10C88000B878152358E71120CDE9000502950395E6
:10C89000B878112350E71220CDE9000502950395E1
:10C8A000B878122348E71320CDE9000502950395D7
:10C8B000B878132340E71420CDE9000502950395CD
:10C8C000B878142338E72220CDE9000502950395B6
:10C8D000B878222330E72320CDE90005029503959F
:10C8E000B878232328E72420CDE900050295039595
:10C8F000B878242320E7EF287FF411AF3220CDE968
:10C90000000502950395B878322315E73320CDE969
:10C91000000502950395B87833230DE73420CDE95F
:10C92000000502950395B878342305E74FF47A7033
:10C93000F3F783FC2D4CA07FFB280CD0FD2810D0F2
:10C9400097F9011047F23055E1B101293CD0022995
:10C950003FF4F7AE84E07878401C04E002280DD064
:10C960007EE07878401E787002220021781CF3F770
:10C9700082FC97F9010018B10128EFD1A5766FE08C
:10C98000A6766DE0242003F0E5FE00B2ADF81000BD
:10C99000A17FEF2906D06F2906D0F72906D0772985
:10C9A00006D008E0401C04E0801C02E0401E00E0CD
:10C9B000801EADF810002A46642104A8F3F766FC37
:10C9C000BDF91010242018E4162003F0C3FE00B2B5
:10C9D000ADF81000A17FFE290AD0EF2910D06F29F1
:10C9E00011D0F72912D0772913D016E0700000106B
:10C9F000F848B0F90010142003F069FFA6760CE0A7
:10CA0000A676401C07E0A676401D04E0A676401EF0
:10CA100001E0A676401FADF810002A46322104A896
:10CA2000F3F734FCBDF91010162021E44FF47A75A9
:10CA30002846F3F702FCE84CA17FFB2911D0FD2921
:10CA400012D097F9010090B1012842D0022876D087
:10CA5000032870D004286FD005286ED006286DD02A
:10CA60000BE17878401C1AE57878401E17E518200D
:10CA700003F070FE00B2ADF81000A17FEF2906D0E0
:10CA80006F2909D0F7290CD077290FD017E00A2198
:10CA900090FBF1F0401C0DE00A2190FBF1F00A3010
:10CAA00008E00A2190FBF1F0401E03E00A2190FB10
:10CAB000F1F00A3800EB80004000ADF8100044F6B9
:10CAC0002062322104A8F3F7E1FBBDF91010182011
:10CAD00079E71A2003F03EFE00B2ADF81000A17F06
:10CAE000EF2906D06F2909D0F7290CD077290FD06C
:10CAF00017E00A2190FBF1F0401C0DE00A2190FBA9
:10CB0000F1F00A3008E00A2190FBF1F0401E03E04A
:10CB10000A2190FBF1F00A3800EB80004000ADF8EC
:10CB200010002A460A2104A8F3F7B0FBBDF9101043
:10CB30001A2048E703E025E047E064E081E01C209C
:10CB400003F008FE00B2ADF81000A17FEF2906D077
:10CB50006F2906D0F72906D0772906D008E0401CB7
:10CB600004E0401D02E0401E00E0401FADF8100050
:10CB70004FF4FA620A2104A8F3F788FBBDF91010FC
:10CB80001C2020E71E2003F0E5FD00B2ADF81000E8
:10CB9000A17FEF2906D06F2906D0F72906D0772983
:10CBA00006D008E0401C04E0401D02E0401E00E00A
:10CBB000401FADF810004FF4FA62012104A8F3F70A
:10CBC00065FBBDF910101E20FDE6282003F0C2FD14
:10CBD00000B2ADF81000A17FEF2906D06F2904D074
:10CBE000F72904D0772902D004E0401C00E0401E61
:10CBF000ADF810006422052104A8F3F747FBBDF946
:10CC000010102820DFE6262003F0A4FD00B2ADF8C6
:10CC10001000A17FEF2906D06F2904D0F72904D096
:10CC2000772902D004E0401C00E0401EADF810005F
:10CC30006422052104A8F3F729FBBDF91010262072
:10CC4000C1E6FE2919D1012165E000BF4FF47A70D9
:10CC5000F3F7F3FA604CA07FFB283DF469AFFD28A1
:10CC60003DF470AE97F9011041B1012915D00229A8
:10CC700027D003292CD0042979D021E0FE281FD108
:10CC800000231A4619464620F3F7B7FE40F6B8309F
:10CC900052A358A25DA100900DE0FE2810D1002300
:10CCA0001A4619464520F3F7A8FE40F6B8304BA3C4
:10CCB00050A25CA1009060A0F3F7F6FE25712587D5
:10CCC0001DE0FE281BD100231A461946482048E3E0
:10CCD000FE2814D100231A461946472041E300BF1D
:10CCE0004FF47A70F3F7A9FA3B48817FFB296DD0A6
:10CCF000FD296CD097F90120C2B3012A68D0F6E172
:10CD000078700122FEF7BFBC0179012961D006715C
:10CD1000058719E500210020F3F75CFE14E500BF4C
:10CD20004FF47A70F3F789FA2B4CA07FFB283DF47F
:10CD300037AFFD283DF431AF97F9011000E0F4E37F
:10CD400021B1012930D0022911D0D0E17A2003F09D
:10CD500001FD00B2ADF81000A17FEF2908D06F29C6
:10CD600008D0F7290BD077290BD013E098E08DE09D
:10CD7000401C0DE00A2190FBF1F0401C05E0401E34
:10CD800006E00A2190FBF1F0401E00EB800040001D
:10CD9000ADF8100044F62062012104A8F3F776FAFA
:10CDA000BDF910107A206CE07C2003F0D3FC00B2B7
:10CDB000ADF81000A17FEF2906D06F2948D0F729E0
:10CDC0004BD077294BD053E0401C4FE062E064E049
:10CDD000DCE069E0EEE0072070000010202020E891
:10CDE00020EDE0E6ECE8F2E520EFF3F1EA20202088
:10CDF000000000002020EEF220ECE0EAF1E8ECE098
:10CE0000EBFCEDEEE3EE20200000000020F2EEEA65
:10CE100020EDE0E3F0F3E7EAE820352D323025207D
:10CE20000000000020F2EEEA20EDE0E3F0F3E7EA94
:10CE3000E8203130302520002020202020D3F1F2BE
:10CE4000E0EDEEE2E8F2E5202020202000000000E6
:10CE50000A2190FBF1F0401C05E0401E06E00A218B
:10CE600090FBF1F0401E00EB80004000ADF8100098
:10CE700044F62062012104A8F3F708FABDF9101066
:10CE80007C2003F024FD4146AC209CE5FE283FF4C5
:10CE900041AF2CE17878401C32E77878401E2FE7CC
:10CEA000FE293FF431AF22E1057120E14FF47A70A1
:10CEB000F3F7C3F9F94CA17FFB293DF471AEFD29CD
:10CEC0003DF46BAE97F901004FF4FA4520B101280B
:10CED0002DD002285AD00AE1A02003F03BFC00B27A
:10CEE000ADF81000A17FEF2906D06F2906D0F729F1
:10CEF00009D0772909D011E0401C0DE00A2190FBF0
:10CF0000F1F0401C05E0401E06E00A2190FBF1F024
:10CF1000401E00EB80004000ADF810002A460121C1
:10CF200004A8F3F7B3F9BDF91010A02029E0A2205E
:10CF300003F010FC00B2ADF81000A17FEF2906D07D
:10CF40006F2906D0F72909D0772909D011E0401CB4
:10CF50000DE00A2190FBF1F0401C05E0401E06E0C8
:10CF60000A2190FBF1F0401E00EB80004000ADF87C
:10CF700010002A46012104A8F3F788F9BDF9101022
:10CF8000A22003F0A4FC4146AE201CE5FE293FF49C
:10CF9000C1AEACE04FF47A70F3F74FF9BF4CA07F0D
:10CFA000FB280BD0FD280DD098F9010040F26C75DC
:10CFB000B0B1012837D0022858D07DE098F80100A0
:10CFC000401C02E098F80100401E88F80100B4F807
:10CFD0005800002142B208F10100F3F74CF96BE070
:10CFE000A62003F0B7FB00B2ADF81000A17FEF2937
:10CFF00006D06F2906D0F72906D0772906D008E099
:10D00000401C04E0801C02E0401E00E0801EADF8E1
:10D01000100040F6B832294604A8F3F737F9BDF9F5
:10D020001010A62044E0A82003F094FB00B2ADF855
:10D030001000A17FEF2906D06F2906D0F72906D06E
:10D04000772906D008E0401C04E0801C02E0401E66
:10D0500000E0801EADF8100040F6B832294604A862
:10D06000F3F714F9BDF91010A82021E0AA2003F06D
:10D0700071FB00B2ADF81000A17FEF2906D06F2937
:10D0800006D0F72906D0772906D008E0401C04E036
:10D09000801C02E0401E00E0801EADF8100040F64B
:10D0A000B832294604A8F3F7F1F8BDF91010AA2008
:10D0B00003F00DFC84F8236098F90100B4F95810CE
:10D0C000884214D1A07FFFF73CBBFD291BD0FE296D
:10D0D0000AD013E088F80100002108F10100FEF7F2
:10D0E000D5BAFB290DD0F0E7BB423FF4CBA811E045
:10D0F000FB2906D0FD2906D0FE2906D0F729F4D059
:10D1000008E00598E6E70698E4E7BB42EDD001DCCD
:10D1100088F8045027E1614FFB290DD0FD290DD07F
:10D12000FE2979D07BB1012B1AD0022B37D0032BEB
:10D1300054D0042B72D016E1059800E0069888F8C8
:10D1400001000522C8E74FF49170EF2902D0F729BA
:10D1500002D008E1314600E02946E186FEF7ACBB8B
:10D16000FA2003F0F7FA00B2ADF81000B97FEF290A
:10D1700006D06F2904D0F72904D0772902D004E023
:10D18000401C00E0401EADF810004FF47A72002100
:10D1900004A8F3F77BF8BDF91010FA20FAE3FC209D
:10D1A00003F0D8FA00B2ADF81000B97FEF2906D02D
:10D1B0006F2904D0F72904D0772902D004E0401C5D
:10D1C00000E0401EADF810004FF47A72002104A870
:10D1D000F3F75CF8BDF91010FC20DBE3FE2003F050
:10D1E000B9FA00B2ADF81000B97FEF2906D06F2967
:10D1F00004D0F72904D0772902D004E0401C00E0D5
:10D20000401EADF810003222012104A8F3F73EF8C9
:10D21000BDF91010FE20BDE32CE0FFE74FF4807451
:10D22000204603F097FA00B2ADF81000B97FEF295D
:10D2300006D06F2904D0F72904D0772902D004E062
:10D24000401C00E0401EADF81000322235E0134FC4
:10D25000FB293FF471AFFD293FF470AFFE2909D0DF
:10D2600063B1012B16D0022B2FD0032B39D0042B06
:10D2700051D078E0052B3FF405A874E04FF492708C
:10D28000EF2902D0F72902D06DE0314600E02946AF
:10D29000218763E74FF4937419E0000070000010D9
:10D2A000401C06E06F29FBD0F72901D0772902D175
:10D2B000401EADF810004FF47A72012104A8F2F775
:10D2C000E5FFBDF91010204664E34FF49474204646
:10D2D00003F040FA00B2ADF81000B97FEF29E1D1B8
:10D2E000DEE74FF4957518E0F72923D0772921D090
:10D2F00002E000BFADF81000B4F90A100A2091FB5B
:10D30000F0F0643002B2012104A8F2F7BFFFBDF9CA
:10D31000101028463EE34FF49675284603F01AFA9B
:10D3200000B2ADF81000B97FEF2901D06F29DBD131
:10D33000401CDFE7401EDDE7FB2904D0FD296FD04C
:10D34000FE2904D00FE0059888F80100F9E3022BCC
:10D3500091D00BB1012B06D1002298F80130114673
:10D360007320F3F74AFBD4E2FB2904D0FD2904D053
:10D37000FE2907D0CDE2059800E0069888F8010064
:10D380000722A9E6072BE3D04FF48F7000EB4C0087
:10D390001946E3E6DFF81894FD297ED0FB2909D071
:10D3A0006BB1012B65D0022B78D0032B77D0042BE7
:10D3B000CED0AEE2DDF8140088F80100F2E3FD48BB
:10D3C000C846EF29B0F91E0010D0FA4B05223227CB
:10D3D000B3F91E306F2993FBF2F293FBF7F307D0FA
:10D3E000F7291ED04D4677292BD092E2401C19E038
:10D3F00088F826E0BEF1320F04D2521C02EB820004
:10D40000E08303E05B1C32204343E383E948DDE92A
:10D4100009121E30F2F73AFFB4F91E1046205CE004
:10D42000F9E3401EE083E348DDE909121E30F2F71C
:10D430002DFFB4F91E10462003F049FA88F8265053
:10D4400067E285F826E0BEF1320F04D2521E02EBED
:10D450008200E08303E05B1E32204343E383D54830
:10D46000DDE909121E30F2F711FFB4F91E10462053
:10D470000BE1D048C846EF29B0F9200014D0CD4BBD
:10D4800005223227B3F920306F2993FBF2F293FB88
:10D49000F7F30BD0F72924D002E0F3E346E09EE057
:10D4A0004D46772929D034E2401C1BE088F826E05D
:10D4B000BEF1320F04D2521C02EB8200208403E042
:10D4C0005B1C322043432384BA48DDE90912203033
:10D4D000F2F7DCFEB4F92010482003F0F8F9FDF76C
:10D4E00052BF401E2084B348DDE909122030F2F714
:10D4F000CDFEB4F9201048209EE785F826E0BEF165
:10D50000320F04D2521E02EB8200208403E05B1E25
:10D51000322043432384A748DDE909122030F2F783
:10D52000B5FEB4F920104820AFE031E2A148EF2960
:10D53000B0F9180010D09F4B05223227B3F91830EC
:10D540006F2993FBF2F293FBF7F307D0F7291DD075
:10D550004D4677292BD0DCE1401C18E089F826E005
:10D56000BEF1320F04D2521C02EB8200208303E092
:10D570005B1C3220434323838E485A465146183061
:10D58000F2F784FEB4F91810422057E0401E2083C1
:10D5900088485A4651461830F2F778FEB4F9181008
:10D5A0005FF0420003F093F989F82650B1E185F865
:10D5B00026E0BEF1320F04D2521E02EB820020831D
:10D5C00003E05B1E3220434323837A485A46514688
:10D5D0001830F2F75BFEB4F91810422055E0754898
:10D5E000EF29B0F91A0010D0724B05223227B3F997
:10D5F0001A306F2993FBF2F293FBF7F307D0F72968
:10D6000020D04D46772929D083E1401C1BE089F8C2
:10D6100026E0BEF1320F04D2521C02EB820060837E
:10D6200003E05B1C32204343638362485A46514601
:10D630001A30F2F72BFEB4F91A10442003F047F920
:10D64000FCF7F0BE401E60835A485A4651461A30D5
:10D65000F2F71CFEB4F91A104420A3E785F826E07F
:10D66000BEF1320F04D2521E02EB8200608303E04F
:10D670005B1E3220434363834E485A4651461A305C
:10D68000F2F704FEB4F91A10442003F020F985F8EB
:10D6900023603EE14FF47A70F2F7CFFD444FB87F3C
:10D6A000FD2817D0FB2819D098F90110E9B14FF4E3
:10D6B000167201292FD0022979D003297CD00429A0
:10D6C0007BD005297AD0062979D0072978D0FE2881
:10D6D00077D01EE198F80100401E02E098F80100A2
:10D6E000401C88F801000822F6E4EF2806D06F28D5
:10D6F00004D0F72805D0772803D004E0A4F86260AE
:10D7000001E0A4F862504FF48475284603F022F833
:10D71000B4F962103AE1EF2806D06F2808D0F72854
:10D7200029D077282FD06AE0B4F86400401C25E0A7
:10D7300097F82600642815D2401CC0B287F826004E
:10D74000142806D2B4F864100A20B1FBF0F0401C93
:10D7500029E0642806D2B4F864103C20B1FBF0F054
:10D76000401C39E0B4F86400B0FBF2F0401C3EE02D
:10D77000A4F8640041E0B4F86400401EA4F864001A
:10D7800087F826503BE097F82600642828D2401CF2
:10D79000C0B287F82600142814D2B4F864100A2006
:10D7A000B1FBF0F0401E00EB80004000E0E735E008
:10D7B0007000001070010010ACE006E163E1B5E11B
:10D7C00009E260E264280BD2B4F864003C2812D36A
:10D7D0003C21B0FBF1F0401EC0EB00108000C7E719
:10D7E000B4F86400904206D3B0FBF2F0401E4FF450
:10D7F00016714843BCE7A4F8645087F82360628D33
:10D800001E21FA48F2F758FD4FF48575284602F0BC
:10D81000A1FFB4F864107AE009B2B9E0EF2806D0AD
:10D820006F280CD0F7282ED0772832D062E0B4F8D9
:10D830006600401CA4F8660087F826505AE097F866
:10D840002600642815D2401CC0B287F82600142890
:10D8500006D2B4F866100A20B1FBF0F0401C28E0B4
:10D86000642806D2B4F866103C20B1FBF0F0401CEE
:10D870002DE0B4F86600B0FBF2F0401C32E000BFCF
:10D88000A4F8660034E0B4F86600401EA4F8660010
:10D8900030E097F8260064281DD2401CC0B287F8FB
:10D8A0002600142809D2B4F866100A20B1FBF0F063
:10D8B000401E00EB80004000E2E764280BD2B4F881
:10D8C00066003C2812D33C21B0FBF1F0401EC0EBB7
:10D8D00000108000D4E7B4F86600904206D3B0FB95
:10D8E000F2F0401E4FF416714843C9E7A4F86650A1
:10D8F00087F82360BD48628D1E21801CF2F7DCFC96
:10D900004FF49F75284602F025FFB4F86610884250
:10D9100082D195E3EF2806D06F280CD0F72824D0C9
:10D92000772838D026E0B4F86800401CA4F86800D6
:10D9300087F826501EE097F82600401CC0B287F8F2
:10D940002600B4F96810142804D20A2091FBF0F0E4
:10D95000401C2EE03C2091FBF0F0401C31E000BF69
:10D96000A4F8680087F8236004E0B4F86800401E5B
:10D97000A4F868009D480221001DF2F787FC4FF4CF
:10D980008775284602F0E6FEB4F96810884226D072
:10D9900028467EE472E197F82600401CC0B287F862
:10D9A0002600B4F96810142807D20A2091FBF0F081
:10D9B000401E00EB80004000D2E73C2091FBF0F0DD
:10D9C000401EC0EB00108000CAE74FF48878EF28B3
:10D9D00006D06F2808D0F72827D077283BD02FE330
:10D9E00034F86A0F401C23E097F82600401CC0B2B0
:10D9F00087F82600B4F96A10322804D2052091FB7A
:10DA0000F0F0401C35E0322091FBF0F0401C37E094
:10DA1000A4F86A007548B4F93020B4F93210801DBA
:10DA2000F2F734FCB4F96A1027E134F86A0F401EAB
:10DA300020806E4834F93A2C34F9381C10F1060075
:10DA4000F2F724FCB4F900104FEA080002F03FFF9F
:10DA500087F82650F4E297F82600401CC0B287F8F9
:10DA60002600B4F96A10322806D2052091FBF0F0A6
:10DA7000401E00EB8000CBE7322091FBF0F0401E0F
:10DA800032214843C4E74FF48978EF2806D06F2845
:10DA900008D0F72827D0772830D0D1E234F86C0F9F
:10DAA000401C23E097F82600401CC0B287F82600EF
:10DAB000B4F96C10322804D2052091FBF0F0401C20
:10DAC0002AE0322091FBF0F0401C2CE0A4F86C001E
:10DAD0004648B4F93020B4F932100830F2F7D6FBDA
:10DAE000B4F96C10C9E034F86C0F401E20803F4838
:10DAF00034F93C2C34F93A1C0830A1E797F8260099
:10DB0000401CC0B287F82600B4F96C10322806D247
:10DB1000052091FBF0F0401E00EB8000D6E732209C
:10DB200091FBF0F0401E32214843CFE74FF48A7852
:10DB3000EF2807D06F2809D0F72828D0772832D0CF
:10DB40007EE2B8E034F86E0F401C23E097F8260020
:10DB5000401CC0B287F82600B4F96E10322804D2F7
:10DB6000052091FBF0F0401C2BE0322091FBF0F0FF
:10DB7000401C2DE0A4F86E001C48B4F90A20B4F94A
:10DB80000C100A30F2F782FBB4F96E1075E034F82D
:10DB90006E0F401E2080154834F9642C34F9621C45
:10DBA0000A304DE7F0E097F82600401CC0B287F835
:10DBB0002600B4F96E10322806D2052091FBF0F051
:10DBC000401E00EB8000D5E7322091FBF0F0401EB4
:10DBD00032214843CEE74FF48B78EF2808D06F28E6
:10DBE0000AD0F7281DD0772825D029E2D4010010CB
:10DBF00034F8700F401C17E097F82600401CC0B2A4
:10DC000087F82600B4F97010322805D2052091FB60
:10DC1000F0F0401C1DE050E0322091FBF0F0401C81
:10DC20001EE034F8700F401E208034F9662C34F961
:10DC3000641CF94804E797F82600401CC0B287F836
:10DC40002600B4F97010322806D2052091FBF0F0BE
:10DC5000401E00EB800005E0322091FBF0F0401EFA
:10DC600032214843A4F87000B4F90A20B4F90C102A
:10DC7000E948F2F70BFBB4F97010404602F027FEBA
:10DC8000FBF7E7BF82E008293FF444A8D8E1E34866
:10DC9000FB2900F18002B2F9422008D00746FD2995
:10DCA0000BD04C464FF49770F2B34BB111E005988E
:10DCB00088F80100CAB3022216E50698FFF744BBB4
:10DCC000F72901D077293FD1A4F84250002102F072
:10DCD000FEFD98F80100012832D1B87F3D464FF48F
:10DCE0009879EF2806D06F2804D0F7280CD0772831
:10DCF0000AD023E0B4F84410491C09B2A4F8441037
:10DD00006F280CD1091D08E0B4F84410491E09B26F
:10DD1000A4F84410772802D1091FA4F8441044F64F
:10DD200020620121BC4801E00FE067E0AC38F2F767
:10DD3000ADFAB4F94410484602F0C9FD85F82360F5
:10DD400098F80100022808D07AE1E3BBEF2901D05E
:10DD50006F296FD1A9F84260BDE0B87FFEF790BA95
:10DD6000AE48FB2900F18002B2F9462008D00746F0
:10DD7000FD290BD04C464FF49970F2B34BB111E032
:10DD8000059888F80100CAB30422ADE40698FFF7AD
:10DD900013BBF72901D077294CD1A4F846500021B4
:10DDA00002F095FD98F80100012823D1B87F3D4687
:10DDB0004FF49A79EF2807D06F2805D0F72807D0BD
:10DDC000772805D014E0BDE0B4F84800401C02E01C
:10DDD000B4F84800401EA4F848008F4864220A2185
:10DDE000A838F2F753FAB4F94810484602F06FFD2C
:10DDF00085F8236098F8010001E065E083E00228DF
:10DE00002CD1B87F3D464FF49C79EF2806D06F287F
:10DE100004D0F7280FD077280DD01DE0B4F84C10AF
:10DE2000491C09B2A4F84C106F2809D1091DA4F8A7
:10DE30004C1005E0C7E0B4F84C00401EA4F84C00BC
:10DE400075484FF47A720121A438F2F71FFAB4F939
:10DE50004C10484602F03BFD85F8236098F801001D
:10DE600003282BD1B87F3D464FF49D79EF2806D08B
:10DE70006F2804D0F7280ED077280CD01CE0B4F817
:10DE80004E10491C09B2A4F84E106F2808D1091D84
:10DE9000A4F84E1004E0B4F84E00401EA4F84E0062
:10DEA0005D484FF47A720121A238F2F7EFF9B4F924
:10DEB0004E10484602F00BFD85F8236098F80100EB
:10DEC00004283FF44AAFBBE0E3BBEF2901D06F2940
:10DED00079D1A9F84660012102F0F9FC75E04F4ABA
:10DEE000FB2902F18000B0F9500006D01746FD2949
:10DEF0000BD04C4638B363B115E0059988F8011092
:10DF000008B10322D8E60122D6E6069888F8010077
:10DF1000F7E7F72901D0772955D1A4F8505000210F
:10DF20004E2002F0D4FC98F80100012822D1B87FDD
:10DF30003D46EF2808D06F2806D0F72808D077286C
:10DF400006D015E041E03FE0B4F85200401C02E08A
:10DF5000B4F85200401EA4F852002F4814220521A4
:10DF60009E38F2F793F9B4F95210502002F0AFFC4A
:10DF700085F8236098F8010002281FD1B87F3D463C
:10DF8000EF2806D06F2804D0F72806D0772804D0D1
:10DF900012E034F8540F401C02E034F8540F401ED5
:10DFA00020801D481E2203219C38F2F76FF9B4F936
:10DFB0000010522002F08BFC85F8236098F80100D5
:10DFC00003283FF4CAAE3BE023B198F801000128D2
:10DFD000F7D035E0EF2901D06F2931D10121A9F81F
:10DFE00050604E2078E700BF4FF47A70F2F725F9C1
:10DFF0000A48807FFEF74ABF4FF47A70F2F71DF9A6
:10E00000064CA07FFD2802D0FB2809D015E098F827
:10E010000100401E07E00000E00100107000001049
:10E0200098F80100401C88F80100B4F8560000215F
:10E0300042B208F10100F2F71EF9A07FFE2806D0D7
:10E04000FF49002081F8250031B0BDE8F08F98F934
:10E0500001000028FEF65EAEB4F956108842BEF606
:10E0600059AE002298F8013011467E20F2F7C5FC27
:10E07000FEF76ABBF349C805416000210161032135
:10E080000170AA210172552101727047AA21480727
:10E0900001725521017270472DE9F041E84C0126CB
:10E0A000E9482673E17D39B1016A41F0806101627E
:10E0B000416B81F080614163B4F84410491C09B29E
:10E0C000A4F8441002296FDB0025A4F84450E6723E
:10E0D0004069DB4FC0F3C0602077617F80378842A2
:10E0E00004D0B7F86C10491CA7F86C106077D748BB
:10E0F000D74AD84B0178B2F90020914207DA01F1F2
:10E100000101C9B20170914204DB1E7002E001DD21
:10E1100005701D70B4F84600401C00B2A4F846001B
:10E12000142802DBA4F84650A673608F401C00B28E
:10E1300060870A2865DB65876673B7F86E00401C48
:10E1400000B2A7F86E00B0F5FA7F05DB07F16A07A9
:10E15000BD80788838807D80A08F42F21077401C87
:10E1600000B2A0870A2809DBA587E67301F092FEBA
:10E17000B4F93200B84201DA401C6086A08F05284D
:10E1800006D1E07E401CC0B2E076062800D3E576DA
:10E19000E08F401C00B2E08714280EDBE587267470
:10E1A000607D10B1657501E02BE06675207D401C37
:10E1B000C0B22075062800D32575B4F84000401C75
:10E1C00000B2A4F84000322807DBA4F8405066747F
:10E1D000A07D08B1A57500E0A675B4F84200401C0A
:10E1E00000B2A4F8420064280BDBA4F84250A674E5
:10E1F000B4F93400B84201DA401CA086207E10B188
:10E200002576BDE8F0812676FBE72DE9F04F92A157
:10E2100087B0D1E90001CDE9040101F06BFDDFF821
:10E2200020828F48012588F8175001684FF4FA6959
:10E23000B1FBF9F14FF0E020491E41610721016176
:10E24000814C206820F000602060206C40F080004D
:10E250002064206C40F48070206401F094FE8148BA
:10E26000401EFDD1212001F09FFE0D2001F09CFEFB
:10E27000112001F099FE442001F096FE7A4947F6FC
:10E28000FF7048808880C880088148818881C88163
:10E29000088248828882C882088348838883C8832A
:10E2A00048848884C884088548858885C885088608
:10E2B00048868886C886088748878887C8876B49C4
:10E2C0000880488002F027F902F06DF902F053F956
:10E2D000674911200872DFF89CA100268AF80060C7
:10E2E00000F064FE644803F00CFB644803F031FB6B
:10E2F0004FF4C571012003F051FB4FF4C7710020AA
:10E3000003F04CFBAAF14C00062201788DF81510A1
:10E3100041788DF8141080788DF8130004A95848BE
:10E3200009F03EFD40F6DE0002F014FA554F387059
:10E330004FF40E6002F00EFA10F0FF00787001D07A
:10E34000202800D17E7040F6E20002F003FA10F0BF
:10E35000FF00B87001D0202800D1BE7040F6E40064
:10E3600002F0F8F910F0FF00F87001D0202800D179
:10E37000FE7040F6E60002F0EDF910F0FF00387193
:10E3800001D0202800D13E7140F6E80002F0E2F909
:10E3900010F0FF00787101D0202800D17E7140F686
:10E3A000EA0002F0D7F910F0FF00B87101D0202880
:10E3B00000D1BE7140F6EC0002F0CCF910F0FF0085
:10E3C000F87101D0202800D1FE7140F6EE0002F075
:10E3D000C1F910F0FF00387201D0202800D13E7240
:10E3E0007E72484602F0B6F9012811D1264B27A2C9
:10E3F0002CA11846F2F715FBF4F76DFE2F4802F03A
:10E40000DAF809F0AFFA2D4802F0D5F8F4F7EBFC92
:10E41000F2F7EEFB0C48016841F40061016081698C
:10E4200041F4006181614FF41651002003F0D3FBE9
:10E430003A2788F82D50EC2002F08CF940E00000DB
:10E440007000001080841E0000C0092062240010AB
:10E450006424001055240010007304323C46000070
:10E460005024001080A90300F4F50720EEE00720F7
:10E47000004002404402001018009C001800940064
:10E4800000C0072006C00720004A000020202020EE
:10E49000202045746865726E65742020202020203D
:10E4A0000000000020202020C8EDE8F6E8E0EBE8BE
:10E4B000E7E0F6E8FF20202000000000DCEF072066
:10E4C000DFF8A093012809F5807B78D1022188F834
:10E4D0002D10D02002F077F988B3B9F83E104846E5
:10E4E00002290BD1B0F8401021B1B9F87C00012805
:10E4F0003FD003E0B9F97C00401C3BD0032188F8F1
:10E500002D10D02002F05FF9CBF844005C46D820F3
:10E5100002F059F9616C401AA06454468AF8006010
:10E52000EA2002F017F958B1EA2002F013F90228A4
:10E5300006D0EA2002F00EF9032803D004E008E038
:10E54000257101E00320207188F80350042188F828
:10E550002D10D42002F037F988B3B9F83E104846A0
:10E5600002290DD1B0F8401031B1B9F87C00012872
:10E5700006D1002007B068E5B9F97C00401CF9D04D
:10E58000D42002F020F9CBF844005C46DC2002F0F5
:10E590001AF9616C401AA06454468AF80060EA20B7
:10E5A00002F0D8F801280ED0EA2002F0D3F80228B1
:10E5B00006D0EA2002F0CEF8032804D004E006E0FA
:10E5C0000320207100E02571022188F80310A5497D
:10E5D000B2468031A1F85E60B9F93A0040F6B83130
:10E5E00091FBF0F001B2A0484E460229018001DA09
:10E5F0000221018089B2891C0180FFF73BFD0820C0
:10E6000002F0A8F8401C01B2002902DBB1F57A7FC4
:10E6100000DD0021082002F05AF9944B0A22002163
:10E6200001200AF097FC444688F82F0018B14FF4F7
:10E63000FB710AF0D3FCB6F93A00A0F57F41FF392F
:10E6400002D14FF470607087B6F93A10F62002F0EC
:10E650003EF98749A846DFF81C9281F88850554654
:10E66000DFF814A2E57509F06DFB99F8001019B1F7
:10E6700089F8005004F0B6FC8048017811B10570AB
:10E6800003F0C7FCA07A00B1A572207B38B17C48AA
:10E69000B0F90010C82901DA491C01802573E07A1D
:10E6A00010B1E572F2F730FB607B40B16573A07882
:10E6B00008B9FAF7ADFEFAF731FFFAF761FCA07B73
:10E6C00010B1A573F4F7E6FBE07B90B30AF0EAFF24
:10E6D000CBF81880E573002604E03046F3F723FFFB
:10E6E000761CF6B2B4F956008642F6DBF3F7E1F891
:10E6F000F4F746FDF4F7EFFCA07810B9614801F09B
:10E700005AFF5F480580F1F79BFDF1F71DFDF1F71A
:10E7100097FDF3F70DF8F4F78DF8F3F7DDFFF2F757
:10E720006AFEF3F7D9FFF4F719F9F4F7CBF9F2F72A
:10E730009DFA207CA8B32574A07828B901F0A6FC26
:10E74000A07808B900F032FC4F48016A41F08061BE
:10E750000162F2F7C9F900F09FF8F4F745FC41486F
:10E7600094F82E20D03046780378801C41788DE8CC
:10E770004E000378001F42780178212002F0A9FBA7
:10E780003848D4304278017808384378CDE90035EC
:10E79000CDE902120378801E42780178222002F02F
:10E7A00098FB607C80B139486574032280F8008052
:10E7B000427085700522C270057180F805800621BF
:10E7C00003F084FC32490880A07C98B3A574A0783B
:10E7D00008B9FFF75BFC01F099FB94F828007F1C57
:10E7E000401CFFB284F828003C2F06D3002701F01C
:10E7F00092FE01F0D8FE01F0BEFE94F829000A282E
:10E8000002D2401C84F82900F2F7BBFC1548803086
:10E81000B0F95E10B1F57A7F02DA491CA0F85E10FB
:10E82000F2F731FCF2F762FCF2F739FBF2F7B2FED5
:10E8300003F048F9E07C00B1E5749AF80010002973
:10E840003FF410AF8AF80050124803F05AF84FF422
:10E85000C571012003F0A2F84FF4C771002003F046
:10E860009DF8FFE6F000001064240010F540010060
:10E87000DCE307205524001004E1072015E1072000
:10E8800020000010DCEF072000C009202E700010CF
:10E8900028E1072018009C002DE9F04FFF48008870
:10E8A000FF4E3C210127B085FE480088F085FE48D8
:10E8B00000687065FD4800883086FD4800887086D5
:10E8C000FC4800887080FC480088B0FBF1F0B08004
:10E8D000FA4800210088F080F94800883081F94822
:10E8E00000887081F8480078B081F84800780128E5
:10E8F00064D0F181F648DFF8F0A3DFF8F0930088E8
:10E9000026F8100FF3480AF13C0505F13C0CB0F96C
:10E91000000005F1780800EB800040003064EE480C
:10E9200005F1B40B028872854288B2858088F08533
:10E93000EA4802883286428872868088B086E84833
:10E9400000683065E7480088F086A6F110064FF0B1
:10E95000000000EB4004431C09EB44122AF810307D
:10E96000946925F81040146A2CF81040546A28F86D
:10E97000104054782BF81040D8B21E28E9D3DC4858
:10E9800000887082DB480088B082DB480088F08213
:10E99000DA4800883083DA480088012810D0D94846
:10E9A0000068B065D848008801280BD0D7480068B7
:10E9B000F065D74805783DB1718306E0F78199E7A6
:10E9C000B165EFE7F165F4E77783D248008808B1D5
:10E9D000B78300E0B183D048D64CDFF85CC3008831
:10E9E000F083CE4804F10C0300883084CC480088C2
:10E9F0007084CC480088B084CB480088F084CB4831
:10EA000000883085CA48008870850020421C225446
:10EA10001CF80080B8F1000F16D01F54D0B20C289B
:10EA2000F4D3C64ADFF878C200200CF1680CB2F9C2
:10EA300000400CF10803421C2CF8102023F81010A1
:10EA4000002C03DD1F8002E01954E7E71980D0B2E3
:10EA50000428F0D3BA48A6F848100078032801D05B
:10EA600035B902E0B748007810B121F0010001E0AB
:10EA700041F00100A6F84800B34800780028B6F835
:10EA8000480021D040F00200A6F84800AF480078C6
:10EA90000028B6F848001AD040F00400A6F8480054
:10EAA000AB4800780028B6F8480013D040F00800C2
:10EAB00026F8480FA7480078002830880DD040F08D
:10EAC00010003080BDE8F08F20F00200DCE720F07D
:10EAD0000400E3E720F00800EAE720F01000F0E788
:10EAE000012805D16E48416D4FF4AC7001F029BF8B
:10EAF0007047012805D16A48B0F90210982001F04A
:10EB0000E6BE7047012808D16548B0F90400C0EBA3
:10EB100000108100E02001F014BF7047012805D1EA
:10EB20005F48B0F90610E42001F0D1BE704701281B
:10EB300005D15B48B0F90810E62001F0C8BE704767
:10EB4000012805D15648B0F90A10E82001F0BFBEEF
:10EB50007047012807D15248B0F90C10032902D898
:10EB6000EA2001F0B4BE704701280AD14C48C1899F
:10EB70004FF48170012901D0012100E0002101F052
:10EB8000A6BE7047012808D14548B0F91010481EAC
:10EB9000FD2802D8F42001F09ABE704701280ED15A
:10EBA0003F484DF65042006DA0F59661914206D85F
:10EBB0000A2190FBF1F001B2F62001F088BE704707
:10EBC00010B5012811D16448B0F900206348B0F9AC
:10EBD000001033481230F1F759FB3148B0F91210E8
:10EBE000BDE81040222001F072BE10BD10B5012812
:10EBF00011D15B48B0F900205A48B0F900102848FC
:10EC00001430F1F743FB2648B0F91410BDE810406A
:10EC1000202001F05CBE10BD10B5012811D14E4876
:10EC2000B0F900204D48B0F900101D481630F1F73A
:10EC30002DFB1B48B0F91610BDE81040762001F0FE
:10EC400046BE10BD10B5012811D14548B0F90020CD
:10EC50004448B0F9001012481830F1F717FB10487B
:10EC6000B0F91810BDE81040782001F030BE10BD9A
:10EC700010B5012878D10A48214C816D1E2979DB15
:10EC80000D4A1288914278DD521C8265806D01B276
:10EC9000DC2001F01CFE2088012868E058010010EB
:10ECA000480400105A010010F80100105201001031
:10ECB00054010010C60000109A0100109C010010C1
:10ECC0009E010010A40100109B0000109C00001089
:10ECD000280100102A0100105A02001060020010E2
:10ECE000280200107401001024F40720DCE3072040
:10ECF0008C01001086010010920100109401001098
:10ED00009801001030020010960100102C02001033
:10ED100075000010D2010010D4010010D6010010BF
:10ED2000D8010010DA010010DC010010DE01001033
:10ED3000E0010010B4F50720FAF307206C01001081
:10ED400073000010220400101C0400100E000010BC
:10ED50000D0000100C0000107A0100107C01001062
:10ED6000A0010010A201001015E003E005E012D0A0
:10ED700001210AE01D21816588E709B2DC2001F04C
:10ED8000A6FD2088002806D000212180BDE8104083
:10ED9000F02001F09CBD10BD10B5012825D17D48A3
:10EDA0007D4CC16D1E290FDB7C4A128891420EDD1D
:10EDB000521CC265C06D01B2D82001F088FD2088C8
:10EDC000012812D001210AE01D21C165F2E709B234
:10EDD000D82001F07CFD2088002806D00021218069
:10EDE000BDE81040EE2001F072BD10BD70477047C5
:10EDF000704770477047704770477047704770475B
:10EE00007047012805D16348B0F94C108C2001F0FF
:10EE10005EBD704770477047012805D15D48B0F965
:10EE20004E10962001F053BD70477047704701287F
:10EE300006D15848B0F91C104FF4847001F047BD5A
:10EE40007047012806D15348B0F91E104FF4857061
:10EE500001F03DBD7047012806D14E48B0F92010A1
:10EE60004FF49F7001F033BD7047012806D1494827
:10EE7000B0F922104FF4877001F029BD70470128C6
:10EE800006D14448B0F924104FF4887001F01FBD3A
:10EE90007047012806D13F48B0F926104FF4897019
:10EEA00001F015BD7047012806D13A48B0F9281085
:10EEB0004FF48A7001F00BBD7047012806D1354828
:10EEC000B0F92A104FF48B7001F001BD70472DE9A5
:10EED000F041012822D12F48324C314AB0F94A5032
:10EEE000314B0026B4F9004045F25551802D31D008
:10EEF00008DC032D14D0042D18D0052D1CD0062DB0
:10EF00000AD13FE00127812D1CD0264C822DB4F977
:10EF100002402FD0832D25D0A0F84A20BDE8F081F3
:10EF2000A0F84A10BDE8F041F2F7EFBAA0F84A1095
:10EF3000BDE8F041F2F7B1BAA0F84A10BDE8F041DF
:10EF4000F2F71CBBA0F84A20062CE7D1A0F84A1023
:10EF50001F70E3E7A0F84A20062CDFD1A0F84A1082
:10EF60001E70DBE7A0F84A20062CD7D1A0F84A1083
:10EF70005F70D3E7A0F84A20062CCFD1A0F84A1042
:10EF80005E70CBE7A0F84A10F2F700FBBDE8F04155
:10EF9000F2F71ABB48040010960100109A01001005
:10EFA000EEEEFFFF32000010300000102DE9F05FA0
:10EFB000182001F0CFFBFF4908801A2001F0CAFB9E
:10EFC000FD4908801C2001F0C5FBFC4908801E207B
:10EFD00001F0C0FBFA490880262001F0BBFBF9498B
:10EFE0000880282001F0B6FBF749DFF8E483DFF85A
:10EFF000E4A30880F548007848B3F7480188F7484B
:10F00000A8F800100188AAF80010422001F0A2FB25
:10F01000F3490880442001F09DFBF2490880462016
:10F0200001F098FBF0490880482001F093FBEF497C
:10F030000880762001F08EFBED490880782001F0F1
:10F0400089FBEC490880EC48008890B116E0EB4859
:10F05000008820B9202001F07DFBA8F80000E848D6
:10F0600000880028D1D1222001F074FBAAF800000A
:10F07000CBE7D82001F0A7FBE2490860DFF888B3AE
:10F08000BBF8000020B9DC2001F09DFBDF490860DF
:10F09000E02001F098FBDE490880E42001F05AFBF3
:10F0A000DC490880E62001F055FBDB490880E820B8
:10F0B00001F050FBD9490880EA2001F04BFBD84908
:10F0C0000870EC2001F046FBD6490870EE2001F0F4
:10F0D0007AFBD5490880F02001F075FBD349088000
:10F0E000F42001F037FBD2490880F62001F032FB12
:10F0F000D04C20800B2001F02DFBCF4D288040F616
:10F10000B43001F027FBCD4900B20880B4F90020EB
:10F11000B5F900108A4204D0824202D0814200D167
:10F1200021804FF4917001F015FBC54908804FF420
:10F13000927001F00FFBC3490880FA2001F00AFB2E
:10F14000C1490880FC2001F005FBC04908804FF44C
:10F15000937001F0FFFABE4908804FF4947001F0FB
:10F16000F9FABC490880FE2001F0F4FABA49088097
:10F170004FF4807001F0EEFAB84908804FF49570B2
:10F1800001F0E8FAB64908804FF4967001F0E2FA0F
:10F19000B44908804FF4837001F0DCFAB24908806A
:10F1A0004FF4847001F0D6FAB04908804FF48570AE
:10F1B00001F0D0FAAE4908804FF49F7001F0CAFA0E
:10F1C000AC4908804FF4877001F0C4FAAA4908805E
:10F1D0004FF4887001F0BEFAA84908804FF4897096
:10F1E00001F0B8FAA64908804FF48A7001F0B2FA2B
:10F1F000A44908804FF48B7001F0ACFAA249088052
:10F200004FF4977001F0A6FAA04908804FF4987067
:10F2100001F0A0FA9E4908804FF4997001F09AFA23
:10F220009C4908804FF49A7001F094FA9A4908803A
:10F230004FF49B7001F08EFA984908804FF49C704F
:10F2400001F088FA964908804FF49D7001F082FA27
:10F250009449088040F61C4001F07CFA924908600D
:10F260004A2001F077FA914908804C2001F072FAA7
:10F270008F490880142001F06DFA8E49086016202D
:10F2800001F068FA8C490880242001F063FA8B4968
:10F290000880A62001F05EFA894C2080A82001F0A9
:10F2A00059FA6080AA2001F055FAA0807A2001F076
:10F2B00051FA844908807C2001F04CFA8249088088
:10F2C000A02001F047FA81490880A22001F042FA0B
:10F2D0007F490880942001F03DFA7E490880C620CD
:10F2E00001F038FA7C490880C82001F033FA7B49E4
:10F2F0000880822001F02EFA79490880842001F0EC
:10F3000029FA78490025088077480580882001F08F
:10F3100021FA764908808C2001F01CFA7449088093
:10F320008E2001F017FA73490880902001F012FA3C
:10F3300071490880922001F00DFA704908809620EA
:10F3400001F008FA6E490880982001F003FA6D492F
:10F3500008804FF48C7001F0FDF96B4908804FF480
:10F360008E7001F0F7F9694908804FF48D7001F053
:10F37000F1F9674908804FF48F7001F0EBF9654CA3
:10F3800020804FF4907001F0E5F960804FF4416007
:10F3900001F0E0F9604C208040F6124001F0DAF90B
:10F3A0005E4E308040F61A4001F0D4F95C49088086
:10F3B0002088B7E07A0100107C0100107E01001067
:10F3C000800100108201001084010010A0000010D4
:10F3D000860100108C0100108CC007201004001062
:10F3E000880100108A0100108E01001090010010A9
:10F3F00092010010940100108AC0072088C00720E5
:10F400000C0400102C0200100E040010300200103A
:10F410009A0100109C0100109E010010A401001030
:10F420009B0000109C000010960100109801001035
:10F43000280100102A010010F803001074C00720F2
:10F44000A6010010A8010010AA010010AC010010D4
:10F45000AE010010B0010010B2010010B4010010A4
:10F46000B6010010B8010010D0010010D201001048
:10F47000D4010010D6010010D8010010DA010010EC
:10F48000DC010010DE010010E0010010320100106C
:10F490003401001036010010380100103A0100104C
:10F4A0003C0100103E01001040020010B8000010A6
:10F4B0005001001084C007200A040010BA03001095
:10F4C000B403001046010010480100104A0100106A
:10F4D0004C0100104E0100102CC00720C00000108D
:10F4E0002EC00720BE03001030C00720C00300104C
:10F4F00032C00720C203001034C00720C40300102C
:10F50000BA000010C60000102C01001030010010DD
:10F510002E01001032000010CA000010C8000010B8
:10F52000CC00001031880844FF490880802001F099
:10F5300011F9FE490880BC2001F00CF9FC49087063
:10F54000BE2001F007F9FB490880C42001F002F950
:10F55000F9490880CA2001F0FDF8F8490880CC205C
:10F5600001F0F8F8F6490880CE2001F0F3F8F549EB
:10F57000088040F6184001F0EDF8F34908804E206D
:10F5800001F0E8F8F1490880502001F0E3F8F04973
:10F590000880522001F0DEF8EE4908804FF4426006
:10F5A00001F0D8F8EC4908804FF4D07001F0D2F89F
:10F5B000EA4C20704FF4DF7001F0CCF8C2B2E8489A
:10F5C0006270002101802378552B01D1491C0180F4
:10F5D000552A02D189B2491C01804FF4D17001F043
:10F5E000B9F8E04C20804FF4D27001F0B3F8DE4D52
:10F5F00028804FF4D37001F0ADF8DC4E30804FF42A
:10F60000D47001F0A7F8DFF86893A9F800004FF470
:10F61000D87001F09FF8D74908804FF4D57001F0F9
:10F6200099F8D54F38804FF4E07001F093F860807E
:10F630004FF4E17001F08EF868804FF4E27001F051
:10F6400089F870804FF4E37001F084F8A9F80200A3
:10F650004FF4E87001F07EF8C64948804FF4E4703A
:10F6600001F078F878804FF4E97001F073F8C3493D
:10F6700008804FF4EA7001F06DF8C14908804FF43A
:10F68000EB7001F067F8BF4908804FF4EC7001F0AF
:10F6900061F8BD4908804FF4ED7001F05BF8BB499B
:10F6A00008804FF4EE7001F055F8B9490880A420A5
:10F6B00001F050F8B7490880C02001F04BF8B64976
:10F6C0000880C22001F046F8B44908804FF49E70CB
:10F6D00001F040F8B24908804FF4AC7001F073F8C3
:10F6E000B04908604FF4A37001F034F8AE490880C7
:10F6F0004FF4A47001F02EF8AC4908804FF4A570C7
:10F7000001F028F8AA4908804FF4A67001F05BF8D0
:10F71000A84908604FF4A77001F055F8A6490860A1
:10F720004FF4A87001F016F8A44908804FF4A970AE
:10F7300001F010F8A24908804FF4AA7001F00AF80D
:10F74000A04908804FF4AB7001F004F89E4908808E
:10F750004FF4A07000F0FEFF9C4908804FF4A170A8
:10F7600000F0F8FF9A4908804FF4A27001F02BF8DE
:10F770009849086040F6B83000F0ECFF96490880E0
:10F7800040F6BA3000F0E6FF9449088040F6BC30FD
:10F7900000F0E0FF9249088040F6BE3000F0DAFF4A
:10F7A000904908804FF43C6000F0D4FF8E490880F7
:10F7B00040F6C23000F0CEFF8C49088040F6C430DD
:10F7C00000F0C8FF8A49088040F6C63000F0C2FF4A
:10F7D0008849088040F6E83000F0BCFF864F38804A
:10F7E00040F6EA3000F0B6FF844D288040F6EC3059
:10F7F00000F0B0FF824E308040F6EE3000F0AAFFFD
:10F80000804C20804FF43F6000F0A4FFDFF8F891B7
:10F81000A9F8000040F6F23000F09CFF788040F636
:10F82000F43000F097FF688040F6F63000F092FF69
:10F83000708040F6F83000F08DFF608040F6FA30BE
:10F8400000F088FFA9F8020040F6FC3000F082FFCB
:10F85000B88040F6FE3000F07DFFA8804FF4406095
:10F8600000F078FFB08040F6024000F073FFA08007
:10F8700040F6044000F06EFFA9F8040040F6064090
:10F8800000F068FFF88040F6084000F063FFE88071
:10F8900040F60A4000F05EFFF08040F60C4000F0B9
:10F8A00059FFE080BA2000F055FF58490870B02099
:10F8B00000F050FF56490880B22000F04BFF554938
:10F8C0000880B42000F046FF53490880B62000F0BD
:10F8D00041FF52490004000C088001D00D2801D3DB
:10F8E00000200880B82000F035FF4D49088040F620
:10F8F000144000F02FFF4B49088040F6164000F0FE
:10F9000029FF494908804FF4FA6000F023FF474976
:10F91000088040F2D27000F01DFF4549088040F297
:10F92000D47000F017FF85E03CC00720BC03001036
:10F9300070C00720DE000010BE000010C6030010DB
:10F9400038C00720C80300103AC00720400100104B
:10F950004201001044010010E2010010CE0000102E
:10F96000CA0300100C020010100200101402001054
:10F97000CE030010180200101C020010E401001059
:10F98000E6010010E8010010EA010010EC0100108F
:10F99000EE010010CC030010BC00001036C00720A0
:10F9A0003EC00720F8010010D203001040C007201D
:10F9B000D4030010D803001048C007204CC0072013
:10F9C000DC0300104EC00720DE03001042C00720F9
:10F9D000D603001044C0072050C00720E0030010E9
:10F9E00056C00720E60300105CC00720EC0300109F
:10F9F00062C00720F2030010660200106E020010C1
:10FA0000760200107E02001068C0072089000010F6
:10FA1000D2000010D4000010D6000010D800001052
:10FA2000DA0000107201001072C00720E000001020
:10FA3000E20000108749088040F2D67000F08AFE8C
:10FA4000854908804FF4FB6000F084FE83490880FC
:10FA500040F2DA7000F07EFE8149088040F2DC70EE
:10FA600000F078FE7F49088040F2DE7000F072FE00
:10FA70007D4908804FF4FC6000F06CFE7B490880F3
:10FA800040F2E27000F066FE794908804FF40160B0
:10FA900000F060FE7749088040F6120000F05AFE40
:10FAA0007549088040F6140000F054FE7349088040
:10FAB00040F6160000F04EFE7149088040F2E470F6
:10FAC00000F048FE6F49088040F2E67000F042FE08
:10FAD0006D4908804FF4FD6000F03CFE6B490880E2
:10FAE00040F2EA7000F036FE6949088040F2EC709E
:10FAF00000F030FE6749088040F2EE7000F02AFE08
:10FB0000654908804FF4FE6000F024FE63490880D8
:10FB100040F2F27000F01EFE6149088040F2F4707D
:10FB200000F018FE5F49088040F2F67000F012FE07
:10FB30005D4908804FF4FF6000F00CFE5B490880CF
:10FB400040F2FA7000F006FE5949088040F2FC705D
:10FB500000F000FE5749088040F2FE7000F0FAFD08
:10FB6000554908804FF4006000F0F4FD53490880C7
:10FB700040F6020000F0EEFD5149088040F6040016
:10FB800000F0E8FD4F49088040F6060000F0E2FD75
:10FB90004D49088040F6080000F0DCFD4B49088024
:10FBA00040F60A0000F0D6FD4949088040F60C00F6
:10FBB00000F0D0FD4749088040F60E0000F0CAFD75
:10FBC0004549464E0024088040F6DE0505EB44001A
:10FBD00000F084FD3055641CE4B20A2CF6D3404892
:10FBE000B0F9001041B1491E09B2018021B9B8F93C
:10FBF0000010202000F06BFE3A48B0F9001041B12F
:10FC0000491E09B2018021B9BAF90010222000F082
:10FC10005EFE3548B0F9001041B1491E09B20180BD
:10FC200021B932480168D82000F08BFEBBF90010E2
:10FC300000290CD0491E09B2ABF80010002906D1EA
:10FC40002B480168BDE8F05FDC2000F07ABEBDE81B
:10FC5000F09F0000E4000010E6000010E800001033
:10FC6000EA000010EC000010EE000010F0000010A0
:10FC7000F2000010200100102201001024010010E9
:10FC800026010010F4000010F6000010F80000102B
:10FC9000FA000010FC000010FE000010000100102F
:10FCA00002010010040100100601001008010010FC
:10FCB0000A0100100C0100100E01001010010010CC
:10FCC000120100101401001016010010180100109C
:10FCD0001A0100101C0100101E01001006C00720B0
:10FCE00088C007200C0400108AC007202C020010D6
:10FCF0003002001030B54E482021C0F8A01100BFDE
:10FD0000D0F8A0114906FBD500F180000322C0F80D
:10FD100084204FF40031C0F828114FF00001C0F8E2
:10FD20002C114FF00103C0F88C30424C446003604A
:10FD30004FF0AA03C3604FF05504C460A0F18000E7
:10FD4000D0F888506D01FBD540F8802FC360C460A7
:10FD5000C0F88810384A4264C0F848118168A0F1A0
:10FD600080006FEA11618A073449D0F80C2102F053
:10FD7000030207D092B3012A46D0022A4AD0032AAE
:10FD800051D13BE02AB1012A11D0022A27D0032AFF
:10FD900049D150F8882FC2F30E02521C530002685A
:10FDA000C2F30742521CB3FBF2F2254B0CE050F8B1
:10FDB000882FC2F30E02521C53000268C2F307429E
:10FDC000521CB3FBF2F21F4B5A43C36FA0F18800E1
:10FDD000DBB203F10103B2FBF3F223E00EE050F8D3
:10FDE000882FC2F30E02521C53000268C2F307426E
:10FDF000521CB3FBF2F24FF4FA43E5E7D0F80421CA
:10FE00000F4BD2B2521C0BE0D0F804210D4BD2B2F2
:10FE1000521C05E0D0F804214FF4FA43D2B2521C30
:10FE2000B3FBF2F20A6043F23A01016030BD000018
:10FE300000C00F404F0003004AF100405024001062
:10FE400000093D00809698004FF040210120086095
:10FE50000C480168491C01600B49002008700B48E0
:10FE6000016821F0FF01091D0160016841F0807106
:10FE70000160704706490120086002484168491C3A
:10FE800041607047D0E007200000001000400340B0
:10FE9000008000402B48016A41F0004101622A497C
:10FEA0004A68D30709D0294B1B8833B1836B43F0D1
:10FEB000004383630620887003E0C36B43F0004374
:10FEC000C363500848604878401E10F0FF00487037
:10FED00003D12020487088684860704710B51A4ADE
:10FEE000002320244F2908D0412909D052290BD0C2
:10FEF000532908D15360936004E0C2E9010301E093
:10FF000050609060547010BD906010BD30B50E4CC4
:10FF100000252078401CC0B22070092800D9257027
:10FF20000B48006828B152214FF03330FFF7D6FF5D
:10FF300005E053210020FFF7D1FF06480560E5707A
:10FF400030BD000000C00920D8E0072030C00720E5
:10FF500058000010000400107D48016841F0404145
:10FF60000160416821F003014160416841F00C01EA
:10FF70004160416841F03001416076481421C16020
:10FF80003821016070477448016C41F400510164EC
:10FF9000C16D41F40051C1657049491EFDD1416DEB
:10FFA00041F400514165704710B56B4C0246206822
:10FFB00040F400602060606940F400606061FFF719
:10FFC000CBFF0021606920F400606061491CC9B268
:10FFD0000529F7D3104600F015FB0020616921F4D4
:10FFE00000616161401CC0B20528F7D3002061693F
:10FFF00041F400616161401CC0B20528F7D3BDE83F
:020000040001F9
:10000000104000F01DBB70B5534C0246206840F410
:1000100000602060606940F400606061FFF79CFF51
:100020000021606920F400606061491CC9B20529A3
:10003000F7D34B4D0020012AE88002D0022A05D0D8
:100040000EE0002000F0DEFAE88009E0002000F079
:10005000D9FA434DAD1D6870002000F0D3FA287026
:100060000020616921F400616161401CC0B2052873
:10007000F7D30020616941F400616161401CC0B2A6
:100080000528F7D3BDE8704000F0DABA2DE9F04159
:100090000820FFF789FF0120FFF7B5FF304CE0880B
:1000A000C00753D120783830C0B2FFF77DFF02205F
:1000B000FFF7A9FF208904F10A02401C2081217862
:1000C000284889B16178E38800EB4105491C2B84FD
:1000D000A3800023C9B223706170102900D363701C
:1000E0006178C90708D019E06378E18820F8131017
:1000F00061800120207011E000252B4600EB4116A5
:1001000036F813705B1CDBB23D44102BF8D32B097F
:1001100022F81130491CC9B20229EDD36088108041
:10012000207878B15FF02100FFF73EFF0D20FFF748
:100130003BFF207840B11120FFF736FFBDE8F041CA
:10014000442031E72020EFE71020F5E7BDE8F081FB
:1001500000C002400000024000C00920C0D40100DD
:10016000E4E00720F4F50720FE48016A21F07F5102
:100170000162816B41F40011816300BF00BF00BFC9
:1001800000BF00BF00BF00BF00BF00BF00BFC16B0A
:1001900041F48021C16300BF00BF00BF00BF00BFAA
:1001A00000BF00BF00BF00BF00BF816B41F4002152
:1001B0008163416B8900FCD47047EA48016A21F0F1
:1001C0007F510162816B41F40011816300BF00BF68
:1001D00000BF00BF00BF00BF00BF00BF00BF00BF27
:1001E000C16B41F48021C16300BF00BF00BF00BFED
:1001F00000BF00BF00BF00BF00BF00BF816B41F464
:1002000080118163416B8900FCD47047D54A00B5E9
:100210000346106A40F430101062FFF7A5FF00BFDC
:1002200000BF00BF00BF00BF00BF00BF00BF00BFD6
:1002300000BFD06B40F48020D06300BF00BF00BF80
:1002400000BF00BF00BF00BF00BF00BF00BFD06B3A
:1002500040F40010D06300BF00BF00BF00BF00BF6C
:1002600000BF00BF00BF00BF00BF106A40F07F505A
:100270001062906B40EA83509063D06B6FEA030189
:10028000C9B240EA8150D06300BF00BF00BF00BFC9
:1002900000BF00BF00BF00BF00BF00BFD06B40F475
:1002A0000020D06300BF00BF00BF00BF00BF00BF81
:1002B00000BF00BF00BF00BF00BDAA4A00B5034693
:1002C000106A40F480201062106A40F440101062FE
:1002D000FFF773FF00BF00BF00BF00BF00BF00BF3C
:1002E00000BF00BF00BF00BFD06B40F48020D063D0
:1002F00000BF00BF00BF00BF00BF00BF00BF00BF06
:1003000000BF00BFD06B40F40010D06300BF00BF3F
:1003100000BF00BF00BF00BF00BF00BF00BF00BFE5
:10032000106A40F07F501062906B40EA83509063F7
:10033000D06B6FEA0301C9B240EA8150D06300BFBD
:1003400000BF00BF00BF00BF00BF00BF00BF00BFB5
:1003500000BFD06B40F48010D06300BF00BF00BF6F
:1003600000BF00BF00BF00BF00BF00BF00BF00BD97
:100370007C4A00B50346106A40F440201062106ABF
:1003800040F400101062FFF7EFFE00BF00BF00BF97
:1003900000BF00BF00BF00BF00BF00BF00BF906B29
:1003A00040F48020906300BF00BF00BF00BF00BFCB
:1003B00000BF00BF00BF00BF00BFD06B40F4001003
:1003C000D06300BF00BF00BF00BF00BF00BF00BFC1
:1003D00000BF00BF00BF106A40F07F501062906BFA
:1003E00040EA83509063D06B6FEA0301C9B240EAE0
:1003F0008150D06300BF00BF00BF00BF00BF00BF7F
:1004000000BF00BF00BF00BFD06B40F40020D0632E
:1004100000BF00BF00BF00BF00BF00BF00BF00BFE4
:1004200000BF00BF184600BD4E4A00B50346106A23
:1004300040F480201062106A40F440101062FFF710
:10044000BCFE00BF00BF00BF00BF00BF00BF00BFB9
:1004500000BF00BF00BF906B40F48020906300BFDE
:1004600000BF00BF00BF00BF00BF00BF00BF00BF94
:1004700000BFD06B40F40010D06300BF00BF00BFCE
:1004800000BF00BF00BF00BF00BF00BF00BF106AB9
:1004900040F07F501062906B40EA83509063D06BC5
:1004A0006FEA0301C9B240EA8150D06300BF00BFC8
:1004B00000BF00BF00BF00BF00BF00BF00BF00BF44
:1004C000D06B40F48010D06300BF00BF00BF00BFFE
:1004D00000BF00BF00BF00BF00BF00BF00BD10B520
:1004E00040F0B8042046FFF791FE2046BDE81040DA
:1004F000E3E610B50446FFF789FE2046BDE810404C
:10050000DBE610B540F0C0042046FFF77FFE204632
:10051000BDE81040D1E61348016A41F07F51016205
:10052000016A41F470110162016841F0C04101604B
:100530000021C26942F08042C261491C6429F8DB93
:1005400009494FF0000200BF521C8A42FBDB002227
:10055000836943F080438361521C322AF8DB4FF0F9
:10056000000003E000C009207088020000BF401CAA
:100570008842F6DB704730B500242046FFF7AFFF16
:100580000020FFF7B6FF00250020FFF7F1FE002056
:10059000FFF74AFF6D1CEDB23C2DF5D9641CE4B2A7
:1005A000032CEAD930BD00B5AF20FFF72FFEAF20F6
:1005B0005DF804EB81E6F0B584460020FFF7A1FF6B
:1005C0005FF0000606EB4600C0EB86100CEB400423
:1005D00004F13D053046FFF782FF0020FFF789FF59
:1005E00000272078FFF7C4FE2878FFF71DFF7F1C47
:1005F000641C6D1CFFB23D2FF3D3761CF6B2032EA4
:10060000E0D9F0BDFF49886048680006FCD58868DD
:10061000C0B27047FC48016841F040410160416848
:1006200021F003014160416841F00C0141604168E3
:1006300041F030014160F3482021C1600160704702
:10064000F148016821F040410160416821F0030157
:100650004160416821F00C014160416821F03001A6
:100660004160E84900200860704700B5FFF7D2FFFD
:10067000E64A106840F480101060D06940F48010A1
:10068000D0610620FFF7BEFF106840F480101060B4
:10069000906940F4801090615DF804EBD0E700B5FC
:1006A000FFF7B8FFD94A106840F480101060D06995
:1006B00040F48010D0610520FFF7A4FFFF20FFF772
:1006C000A1FF0346106840F480101060906940F468
:1006D00080109061FFF7B4FF184600BD2DE901407E
:1006E000FFF7DDFFC007FBD1FFF794FFC74A106893
:1006F00040F480101060D06940F48010D061106820
:1007000040F480101060D06940F48010D061032064
:10071000FFF778FF9DF80100FFF774FF9DF80000D8
:10072000FFF770FFFF20FFF76DFF0346106840F4EE
:1007300080101060906940F480109061106840F45F
:1007400080101060906940F480109061FFF778FF8E
:10075000184608BD2DE90140FFF7A1FFC007FBD1F6
:10076000FFF758FFA94A106840F480101060D06964
:1007700040F48010D0610320FFF744FF9DF8010092
:10078000FFF740FF9DF80000FFF73CFFFF20FFF759
:1007900039FF0346FF20FFF735FF03EB0023106806
:1007A00040F480101060906940F4801090611068EF
:1007B00040F480101060906940F480109061FFF761
:1007C0003FFF184608BD31B5FFF769FFC007FBD1F1
:1007D000FFF720FF8D4A106840F480101060D06948
:1007E00040F48010D0610320FFF70CFF9DF801005A
:1007F000FFF708FF9DF80000FFF704FFFF20FFF759
:1008000001FF0346FF20FFF7FDFE0446FF20FFF730
:10081000F9FE0546FF20FFF7F5FE05EB002004EB8F
:10082000002003EB0023106840F4801010609069F2
:1008300040F480109061106840F48010106090695E
:1008400040F480109061FFF7FBFE184638BD13B5E9
:100850004FEA0104FFF723FFC007FBD1FFF7DAFEE1
:100860006A4A106840F480101060D06940F480102B
:10087000D0610320FFF7C6FE9DF80100FFF7C2FE1E
:100880009DF80000FFF7BEFEFF20FFF7BBFE2070C3
:10089000FF20FFF7B7FE6070FF20FFF7B3FEA070E8
:1008A000FF20FFF7AFFEE070106840F4801010608A
:1008B000906940F480109061106840F480101060DE
:1008C000906940F480109061BDE81C40B8E603B523
:1008D000FFF7E5FEC007FBD1FFF7C7FEFFF79AFE63
:1008E0004A4A106840F480101060D06940F48010CB
:1008F000D0610220FFF786FE9DF80100FFF782FE1F
:100900009DF80000FFF77EFE9DF80400FFF77AFED9
:100910009DF805301846FFF775FE106840F480100A
:100920001060906940F480109061106840F480106D
:100930001060906940F480109061FFF781FE1846C6
:100940000CBD03B5FFF7ABFEC007FBD1FFF78DFE73
:10095000FFF760FE2D4A106840F480101060D069E7
:1009600040F48010D0610220FFF74CFE9DF801009A
:10097000FFF748FE9DF80000FFF744FE9DF80400D5
:10098000FFF740FE9DF80500FFF73CFE9DF80600CE
:10099000FFF738FE9DF807301846FFF733FE106862
:1009A00040F480101060906940F4801090611068ED
:1009B00040F480101060906940F480109061FFF75F
:1009C0003FFE18460CBD13B54FEA0104FFF767FE62
:1009D000C007FBD1FFF749FEFFF71CFE0B4A10686A
:1009E00040F480101060D06940F48010D061022083
:1009F000FFF708FE9DF80100FFF704FE9DF80000D8
:100A000006E000000000024000C0024000C00920D3
:100A1000FFF7F8FD2078FFF7F5FD6078FFF7F2FDAE
:100A2000A078FFF7EFFDE3781846FFF7EBFD1068BD
:100A300040F480101060906940F48010906110685C
:100A400040F480101060906940F480109061FFF7CE
:100A5000F7FD18461CBD00002DE9F04FDFF808A493
:100A60004FF09E0C9AF80220531CDBB29946FF4DC2
:100A7000002605F1400B05F1600E0EEB82030BEB37
:100A80008204082924D84FF4702707EA014145F869
:100A9000221005F12001D04641F822C007780BF85A
:100AA0002270417861708178A170C178E170047919
:100AB0000EF822404179597081799970C079D870C7
:100AC00088F80290B9F1080F01D38AF802608FE12B
:100AD0004FF40027102956D8DFF890C345F822704C
:100AE0009E270CF1200CB9F1080F4CF8227090F8F9
:100AF00000800BF8228090F8018084F8018090F843
:100B0000028084F8028090F8038084F8038090F8D3
:100B100004800EF8228042795A7082799A70C279E4
:100B2000DA705F46744653468AF8029000D39E708E
:100B300008394FF4702202EA01429AF802100BEBD6
:100B4000810345F821209E224CF82120027A07F8E3
:100B50002120427A5A70827A9A70C27ADA70027BC5
:100B600004F821200EEB8102437B5370837B93704A
:100B7000C07BD070491CC8B251468AF802000828D0
:100B8000A5D38E7034E118297ED8DFF8E08245F8CD
:100B9000227008F120084FF09E0C48F822C090F80F
:100BA00000800BF8228090F801C084F801C090F812
:100BB00002C084F802C090F803C084F803C090F823
:100BC00004C00EF822C042795A7082799A70C279B4
:100BD000DA70744653468AF80290B9F1080F00D3D0
:100BE0009E709AF80220DFF884920BEB820345F89E
:100BF000227009F120099E2749F8227090F808C058
:100C00000BF822C090F809C083F801C090F80AC020
:100C100083F802C090F80BC083F803C0037B04F88C
:100C2000223004EB820C437B8CF80130837B8CF800
:100C30000230C37B521CD0468CF80330D2B24346FC
:100C400088F80220082A00D39E7010394FF47022D1
:100C500002EA014398F80210424645F8213049F86B
:100C60002170077C0BF821700BEB8103477C5F70D0
:100C7000877C9F70C77CDF70037D04F821300EEB0A
:100C80008104437D637000E007E0837DA370C07D35
:100C9000E070491CC8B29070A6E020297DD8DFF82A
:100CA000CC8145F8227008F120084FF09E0C48F8DE
:100CB00022C090F800800BF8228090F801C084F8E0
:100CC00001C090F802C084F802C090F803C084F814
:100CD00003C090F804C00EF822C042795A7082799D
:100CE0009A70C279DA7053468AF80290B9F1080F07
:100CF00000D39E709AF802205C4B4FF09E0C20337C
:100D000045F8227043F822C0047A0BF822400BEB1E
:100D10008203447A5C70847A9C70C47ADC70047BB1
:100D20000EF822400EEB8203447B5C70847B9C7047
:100D3000C47B521CD046DC70D2B2D946434688F8F8
:100D40000220082A00D39E7098F80220474B45F8ED
:100D5000227020330EEB820743F822C0047C09F88E
:100D6000224009EB8203447C5C70847C9C70C47CD0
:100D7000DC70047D0EF82240447D7C70847DBC7064
:100D8000C47D521CFC70D2B27346444688F80220DF
:100D9000082A00D3A670183900E029E04FF4702229
:100DA00002EA014298F80210444645F821202F4AF1
:100DB000203242F821C0077E09F8217009EB810238
:100DC000477E5770877E9770C77ED770027F03F883
:100DD00021200EEB8103427F5A70827F9A70C07F80
:100DE000D870491CC8B2A070082801D388F80260E6
:100DF0009AF800105046002919D0C1781C4A55F8BD
:100E000021301363194B203353F8213053635BF8BF
:100E1000213093635EF82130D36321235360491C52
:100E2000C9B2C170082900D3C6708AF80060BDE855
:100E3000F08F2DE9F04F09AC0C4FB4E8004D0A4C8F
:100E40004FF4002607F12009A5784FF09E0C47F8D3
:100E5000256007F1400649F825C006F8250006EB95
:100E600085004170827005E0F4E007209C6E001060
:100E700000400440C37006F1200000EB850200F83A
:100E8000258082F801A082F802B082F803E06D1C90
:100E9000E9B20022A170082900D3A27021780029AC
:100EA000C5D0E178FF4B57F821501D6359F8215008
:100EB0005D6356F821509D6350F82100D8632120CE
:100EC0005860491CC8B2E070082800D3E270227054
:100ED000ADE72DE9F04F09ACF34FB4E8004DF34C0A
:100EE0004FF4002607F1200925794FF4C77C47F815
:100EF000256007F1400649F825C006F8250006EBF5
:100F0000850041708270C37006F1200000EB8502FD
:100F100000F8258082F801A082F802B082F803E090
:100F20006D1CE9B200222171082900D32271617879
:100F3000002916D06179DE4B57F821501D6359F80E
:100F400021505D6356F821509D6350F82100D8630D
:100F500021205860491CC8B26071082800D3627112
:100F6000627064E72DE9F04FD04889B04FF0000B74
:100F7000C07900287ED0CF490878401C0870CA4844
:100F8000A43003782D2B76D0DFF838C30A24CA4A60
:100F9000BCF90000C94990FBF4F77D1C05EB850501
:100FA0006D00DFF81C93B2F90020B1F900104FF486
:100FB0007A7A0FFA85F83D2B71D066460A25B6F984
:100FC000006096FBF5F56D1E05EB85056D002DB2F5
:100FD0003E2B7ED03F2B7DD0402B7CD0BA48BB4AE5
:100FE000BB49BC4FB0F90050B2F90020B1F9001074
:100FF000472B71D0482B70D006460A25B6F9006001
:10100000492B96FBF5F569D04A2B68D0B348B24915
:10101000DFF8D0E20578B24800953C2200780290D3
:1010200028430190B1F90000DFF8C4A28046DEF841
:101030000000039090FBF2F00490DAF80050AA4808
:1010400095FBF2F2A949B0F800C04FF00109B1F9DF
:101050000010CDE90525A74A0CF10100332BB2F9A8
:10106000002073D075464FF416762D6895FBF6F781
:10107000079701E0ABE013E00A2795FBF7F5089529
:101080005546352B2D6895FBF6F695FBF7F576D092
:10109000342B75D0362B74D05A2B73D093E123E0C8
:1010A000954C964D40782070297888420FD00128C1
:1010B00018D00021EA20FFF70AFC9148B0F900009F
:1010C000032804DD854981F800B0EFF7D1FF2078CF
:1010D00006E010E01DE020E026E027E029E02AE01D
:1010E000287070E10121E5E7504501DA401C05E078
:1010F000ACF8008007E0504503DA401EACF8000071
:1011000001E0ACF800506F48EFF7C0F8A9F80040D4
:1011100059E15045ECDB7F1D02E05045F1DB7F1FBC
:1011200007EB87004000E9E76D1C00E06D1E0580BD
:1011300006E06D1C00E06D1E05EB85035B0003807F
:101140006148EFF7A3F83C803DE1FFE7019B1BB14D
:10115000029901291ED036E1B8F1000F02D0049B9C
:101160005B1C5BE0039B5B1CCEF800307BE000BFA8
:10117000CEF800005D48012929D0494607E027E064
:1011800041E060E0D2E05948002920D05946018072
:10119000EE201AE00099002919D1B8F1000F02D011
:1011A000059B5B1C48E0691CCAF8001077E000BF93
:1011B000CAF800004F48012A09D0494603E04D48CB
:1011C000002A04D059460180F020FFF780FBFAE0A6
:1011D000019B1BB10299012909D0F4E0B8F1000F7D
:1011E00002D0079A521C39E0089B5B1C48E000992A
:1011F00071BBB8F1000F01D0761C4BE06D1C91E083
:10120000CAF800304BE0019B1BB1029901290CD0B8
:10121000D9E0B8F1000F05D0049B5B1EC3EB0313AC
:101220009B00A1E7039B5B1E9EE7009981B9B8F183
:10123000000F05D0059B5B1EC3EB03139B00DFE78C
:10124000069B5B1EDCE7019B1BB1029901291BD0A9
:10125000B9E0B8F1000F11D0079A521E4FF416757D
:101260006A43CEF80020274A1480DEF80030634538
:101270003FF77EAF1E2B86DA1D2079E7089B5B1EA9
:1012800003EB83035B006FE70099F9BBB8F1000F34
:1012900047D0761E4FF416735E43CAF800601A49B1
:1012A0000C8034E0004004401C6F0010F4E0072084
:1012B000008004408EC00720A0010010A201001091
:1012C00088C00720860100108C0100107A010010F0
:1012D0007C0100100C0400109E010010730000102F
:1012E0009B0000102C0200109A01001096010010C3
:1012F000300200109801001029C00720B30300102D
:10130000CE0100108AC007200E04001056E0DAF863
:10131000003063453FF74CAF1E2BBFF650AF1D208A
:1013200046E76D1E05EB85035B0069E7FE4CFF4D4C
:10133000DFF8FC832078FF4EFF4F08BB0098FF4981
:10134000012819D0FE480088022809D140462A8881
:10135000B0F9000012B1012838D001E0401C35D0AE
:1013600081F80090C6F800B003993960F54981F81A
:1013700004B0F0F78AF803E081F800B0EFF778FEE8
:10138000207801281FD1ED480178022917D029883B
:1013900021B1B8F80010012918D003E0B8F9001005
:1013A000491C13D002210170C6F800B0DAF8001011
:1013B0003960E44981F804B0F0F76BF803E080F895
:1013C00000B0EFF755FEE04981F807B009B02EE50F
:1013D0002DE9F05FDD490025A1F150044878DA4F8E
:1013E000401C4870D748217890F90220914212D1D0
:1013F000617891290FD1A178DD294DD1E178DD29DE
:101400004AD14078062847D10A230022D921D72083
:10141000EEF7B6FEBD826078CD4E4FF003084FF078
:1014200002094FF0050A4FF00A0BDA282DD1C749FF
:101430000A31087B401C0873217801F01F004A091B
:101440002BD0B9EB511F05D100EB400206EB421245
:1014500082F800A000EB400106EB4111A2788A71EE
:10146000E278CA7122790A7262794A72A2798A7222
:10147000E279CA72CD7081F834B04978090703D592
:1014800000220321F1F77AFBBD826078DB280BD0C4
:10149000DD2832D0D52864D056E000EB400206EBC0
:1014A000421282F80080D5E7217801F01F004A0936
:1014B0001CD0B9EB511F05D100EB400206EB4212E4
:1014C00082F800A000EB400006EB4010A178017309
:1014D000E1784173217981736179C173A1790174D4
:1014E000E1794174C57080F834B02CE000EB400223
:1014F00006EB421282F80080E4E7217801F01F0039
:101500004A0927D0B9EB511F05D100EB400206EB89
:10151000421282F800A0E178A27800EB400006EBCE
:10152000401001EB022120F85A1F6179227901EB6A
:1015300002214180E179A27901EB0221818000F84A
:10154000575C00F826BCBD82207800F01F02082AF4
:1015500035D043E000EB400206EB421282F80080F7
:10156000D9E7217801F01F004A0921D0B9EB511FBA
:1015700005D100EB400206EB421282F800A0E178B0
:10158000A27800EB400006EB401001EB022120F8AE
:10159000541F6179227901EB02214180E179A2791E
:1015A00001EB0221818000F8515C00F820BCCAE701
:1015B00000EB400206EB421282F80080DFE7607821
:1015C000DE280BD1634861880180A1884180E188D1
:1015D00081806148018061480570BD82092A0DD172
:1015E0006078DE280AD15E49A07808805D49E078FD
:1015F00008700A2801D25C480570BD825B4B5C4EC6
:101600000A2A07D16078DE2804D1608818806068D3
:101610003060BD825748142A13D16178DE2910D179
:10162000A1780170E1784170217981706179C17090
:10163000A1790171E1794171618819806168316036
:10164000BD824D49152A11D16378DE2B0ED1A378C6
:101650008371E378C3712379037263794372A37949
:101660008372E379C372C3888B81BD82162A15D138
:101670006378DE2B12D1A3780373E3784373237965
:1016800083736379C373A3790374E37943748389A0
:101690000B80C3894B80038A8B80BD82172A15D1AA
:1016A0006278DE2A12D1A2788274E278C27422793A
:1016B000027562794275A2798275E279C275428AB1
:1016C000CA80828A0A81C08A4881BD823D72BDE893
:1016D000F09F70B51D48294C74380188491C018061
:1016E000216A274A114268D14188491C4180206AF9
:1016F000226AC0F3090000EB40011448683800EB8F
:101700008101204B1A40204B1A43636AC3F30A033A
:101710001343A26A4A60E26A8A6043F040720A6038
:101720004168CAB2084931E029C0072030010010E1
:101730006C01001034020010380200107300001019
:101740002E01001044020010F4E007201070001079
:10175000DCE307204E0200107EC007209900001035
:10176000060400100404001028C0072074010010B3
:101770002802001006F40720866E00100040044086
:10178000000400C000000FC000200001302A08D073
:101790008A79521C8A7102C8D54BC1F303420021D9
:1017A00007E00022F6E700BF10F8015B5D54491C1A
:1017B000C9B29142F8D3FFF70BFE0420606070BD00
:1017C00010B5CC4C206ACC4908423BD1206AC849AC
:1017D000C0F3090000EB4000183901EB8000216ADA
:1017E000C64A1140C64A1143626AC2F30A020A435A
:1017F000A16A4160E16A816042F040710160A06AC3
:10180000C049C0B2302820D08879401C8871A26AB3
:10181000B7480270A26A120A4270A26A120C827061
:10182000A26A120EC270E26A0271E26A120A427180
:10183000E26A120C8271E26A120EC2710120C87152
:10184000FFF790FB0420606010BD0020DEE7AD4A8A
:10185000507A401C5072A64824384189491C418165
:101860009378D078A84983421CD0A84B53F82030F5
:101870000B63A64B203353F820304B63A34B40330C
:1018800053F820308B63A14B603353F82030CB6387
:1018900021234B60401CC0B2D070082804D3002024
:1018A000D07001E001201070C8687047954A9149D6
:1018B000D08A401CD0821379507983421DD0934B3B
:1018C000803353F820300B63894B843B53F820302E
:1018D0004B63874B643B53F820308B63844B443B12
:1018E00053F82030CB6321234B60401CC0B25071B1
:1018F000082804D30020507101E001205070C8680E
:101900007047834910B50A6842F400520A60814961
:101910000A6822F00F020A600A6842F005020A60B3
:10192000784A4FF0000151827B4B4FF001021A6060
:10193000754C22602161A160606121604FF06E00F2
:10194000A0614FF0190000F0C7F8072020610120C6
:1019500010BD6F4910B50A6842F480420A606D49B3
:101960008A6822F470328A600A6942F4A0320A61FD
:10197000644A4FF000015182674B4FF001021A6038
:101980005C4C22602161A160606121604FF0190010
:1019900000F0A2F803202061012010BDF0B55E4CDC
:1019A00001222260574B5D8A514A183A15B943F219
:1019B000FF751560B3F91250022D01DB0020F0BD58
:1019C000C1F30A0141EA4035002007E000EB400185
:1019D00052F8211089B2A94204D8401CB3F9121060
:1019E0008842F3D300EB400652F8261042F8265006
:1019F0005D8A6D1C5D8207E0401C00EB400652F8DA
:101A0000265042F826102946B3F91250A842F3D3C3
:101A100000206060414D01460DE000BF01EB410731
:101A200052F8376002EBC707FF68001DBFB207EB33
:101A3000064640C5491CB3F91260761C06EBD67603
:101A4000B1EB660FEAD3A060E06020616061002026
:101A500020600120F0BD2C4810B5C068294CE06121
:101A6000E069C00705D0FFF734FE207B00F10100DC
:101A70002073E069800705D5FFF7E9FE607B00F180
:101A800001006073E069400701D501202074194806
:101A9000C068E061E07A401CE072E069C00708D0ED
:101AA000FFF78EFEA07B00F10100A0734FF0000055
:101AB000A072E069800704D5FFF7F8FEE07B401CC8
:101AC000E07310BD0F48018B491C09B20183052941
:101AD00001DB00210183704700F01F0201219140CA
:101AE00040094FF0E02202EB8000C0F8001170477F
:101AF000C06F001000800440000400C000000FC050
:101B000000200001F4E00720004004409C6E00101B
:101B1000C4C00F4000C0024000C00340008003402A
:101B200030B503780122FE4C06E000BF10F8015FDB
:101B3000E35C6B40521CD2B28A42F7D3184630BDE8
:101B400030B503780122F74C06E000BF10F8015FC2
:101B5000E35C6B40521CD2B28A42F7D3184630BDC8
:101B600030B5F1494FF48064CA89A242FDD032B940
:101B7000EE4B1D7D15F0600F01D0187030BDEC4D9F
:101B80004B89E8545B1C98B24881A04201D10020E7
:101B90004881521CCA8130BD70B58DB000221346F9
:101BA0006C4604E0C55CE5546A405B1CDBB28B42CA
:101BB000F8D3601861544A4042700A2200258270AE
:101BC000CE1C04E0605DFFF7CBFF6D1CEDB2B542AB
:101BD000F8D30DB070BD2DE9F047D84AD54ED64F99
:101BE00012684FF00309930854084FF0830C4FF02C
:101BF0000708D50820B1012828D00020BDE8F087CB
:101C0000306820F0F0003060306840F05000306004
:101C1000D7F8A801C0F38110012808D0022803D00A
:101C2000032803D01A4602E0224600E02A46BF4EAF
:101C300086F80CC01009B0FBF1F0010A3171307068
:101C400086F80C9086F80880052024E0306920F0A2
:101C50000F003061306940F00A003061D7F8A80108
:101C6000C0F30120012808D0022803D0032803D0A4
:101C70001A4602E0224600E02A46B14E86F80CC021
:101C80001009B0FBF1F0010A3171307086F80C9048
:101C900086F80880062000F004FAC6F804800120C7
:101CA000ACE72DE9F043DFF88482D8F80800A54EB0
:101CB000C0F342059C4801274FF4806981880A4699
:101CC000491C8BB20189491C8CB20021032D1CD008
:101CD000022D33D0062D47D0012D14D198F81420B1
:101CE00092063FD50770C289002A0CD0521EC281CD
:101CF0008F4B82899B5C88F80030521C92B28281A3
:101D00004A4500D18181BDE8F08398F8145015F060
:101D10009E0F03D0056198F80000F4E7ED07F2D0BC
:101D200098F80050B554477083804B4500D18180AE
:101D300004814C45E7D101818770E4E798F80050B1
:101D4000B554477083804B4500D1818004814C4558
:101D500001D1018187707D4A7B4B10781D54401C56
:101D600010707B480170CEE7016941F48071016118
:101D7000C9E7F0B5734C7226643C6527207889B0BA
:101D8000722867D1607865287ED1A07861287BD1E0
:101D9000E078642878D106212046FFF7C1FEA179BA
:101DA000884257D106212046FFF7CAFEE1798842D2
:101DB00050D12079617900EB012080B2ADF8140098
:101DC0000546FEF700FD0790281DFEF7FCFC069077
:101DD0008DF800608DF8017061208DF8020064209C
:101DE0008DF803009DF814008DF804009DF815008F
:101DF0008DF805009DF81C008DF806009DF81D006B
:101E00008DF807009DF81E008DF808009DF81F0052
:101E10008DF809009DF818008DF80A009DF819004A
:101E20008DF80B009DF81A008DF80C009DF81B0032
:101E30008DF80D000E216846FFF772FE8DF80E003A
:101E40000E216846FFF77CFE8DF80F0010216846D2
:101E5000FFF7A2FE207877287CD16078722813D112
:101E6000A078692810D1E07874280DD120796528F0
:101E70000AD134480F216438FFF752FEE17B8842D3
:101E800071D10F212F4800E08EE06438FFF758FE33
:101E9000217C884267D16079A17900EB012085B26D
:101EA000ADF81850E0798DF81C00207A8DF81D00EF
:101EB000607A8DF81E00A07A8DF81F00E07A8DF808
:101EC0002000207B8DF82100607B8DF82200A07B14
:101ED0008DF8230028460799FEF733FD281D089941
:101EE000FEF72FFD77208DF800008DF80160692046
:101EF0008DF8020074208DF803008DF804709DF8B1
:101F000018008DF805009DF819008DF806000721CE
:101F10006846FFF705FE8DF80700072168461AE0BE
:101F2000A8A00100A8A1010014E1072000C0004002
:101F300098FA072000C0024000C00F405024001053
:101F40000000014098F6072042700010562400104F
:101F50006224001007E0FFF7F3FD8DF80800092167
:101F60006846FFF719FE2078672801D047281BD163
:101F70006078652801D0452816D1A078742801D052
:101F8000542811D14D4801788DF8001040788DF813
:101F900001004B4801788DF8021040788DF803005D
:101FA00004216846FFF7F8FD09B0F0BD084400B20F
:101FB000B0F5806F02DBA0F5806000B2002802DA85
:101FC00000F5806000B2704770B53E4B06460022B7
:101FD000985D0A281BD1911E3046FFF7E7FF1D5C74
:101FE000002408E0511B891E3046FFF7DFFF185C14
:101FF0004440521CD2B2AA42F4D94FF0FF313046CD
:10200000FFF7D4FF185CA04201D1012070BD002071
:1020100070BD2DE9F0412C4C0025A07828B1A58099
:10202000E5802581A570BDE8F08120890028FAD0DF
:10203000A0884FF0FF32114600B2FFF7B7FF214FE3
:10204000385C0A28EFD1A0886FF0020100B2FFF7D8
:10205000ADFF3E5C642EE6D2A088114600B2FFF7C9
:10206000A5FFFFF7B1FF0028DDD0F01C4142A0889A
:1020700000B2FFF79BFFE0800022A7F1640308E0B5
:10208000E088114600B2FFF791FF385C9854521C6B
:10209000D2B2B242F4D3A088E0802581BDE8F041FD
:1020A00067E600F01F020121914040094FF0E02255
:1020B00002EB8000C0F800117047000052010010D0
:1020C0005401001098F6072014E1072070B504466B
:1020D0004FF6FF7000224AF201050DE0A35C584064
:1020E0000823C6074FEA500000D068405B1E1BB2B1
:1020F000002BF6D1521C12B28A42EFDB70BD2DE9E3
:10210000F04F99B082468B46FF484FF461294FF457
:102110006168B0F90010C81701EB1064FB48251284
:1021200005704170FA49B1F90010CC1701EB146445
:1021300025128570C170F749B1F90010CC1701EB79
:102140001464251205714171F349B1F90010CC17DF
:1021500001EB146425128571C171F0493C240D68AE
:1021600095FBF4FC04FB1C51CE1701EB16673E12E5
:10217000067241729CFBF4F104FB11C1CE1701EB16
:1021800016673E128672C17295FBF9F1017395FBD9
:10219000F8F14173E2490D6895FBF4FC04FB1C5116
:1021A000CE1701EB16673E128673C1739CFBF4F1E8
:1021B00004FB11C1CC1701EB1464261206744174A0
:1021C00095FBF9F1817495FBF8F1C1740021D54CB0
:1021D0000175417525780124022D00D14475817562
:1021E000C175012D00D1C475CF4D017641762D7892
:1021F00005B944768176C176CC49098801B1C476A7
:10220000CB4909880C0A00F81C4F4170C94909885C
:102210000C0A8470C170C849B1F90010CC1701EBE9
:102220001464251205714171C449B1F90010CC172D
:1022300001EB146425128571C171C149B1F9001017
:10224000CC1701EB1464251205724172BD49B1F936
:102250000010CC1701EB146425128572C172BA49C3
:10226000B1F90010CC1701EB14642512057341730A
:10227000B649B1F90010CC1701EB1464251285732F
:10228000C173B349B1F90010CC1701EB14642512E6
:1022900005744174AF49B1F90010CC1701EB146417
:1022A00025128574C174AC49B1F90010CC1701EB4B
:1022B0001464251205754175A849B1F90010CC17B1
:1022C00001EB146425128575C175A549B1F900109B
:1022D000CC1701EB1464251205764176A149B1F9BA
:1022E0000010CC1701EB146425128577C1778DF8A7
:1022F00000A08DF801B0100A8DF80200180A8DF8C0
:1023000004008DF803208DF8053006216846FFF79C
:10231000DDFE8DF80600000A8DF8070000246D46EA
:10232000285DFFF71DFC641CE4B2082CF8D30024E0
:10233000285DEDF7CBFF641CE4B2082CF8D319B08C
:10234000BDE8F08F2DE9F04F834687488E469246D0
:10235000B0F90010B3B0C81701EB10626B481C460F
:102360001312DDF8F0C00370417080494FF4612909
:102370004FF46168B1F90010CA1701EB1262131231
:102380008370C1707A493C220B6893FBF2F502FB23
:102390001531CE1701EB16673E120671417195FBA0
:1023A000F2F102FB1151CD1701EB15652E1286716A
:1023B000C17193FBF9F1017293FBF8F141726D4920
:1023C0000B6893FBF2F702FB1731CD1701EB156594
:1023D0002E128672C17297FBF2F102FB1171CA17BD
:1023E00001EB126215120573417393FBF9F18173CE
:1023F00093FBF8F1C1736049B1F90010CA1701EB02
:1024000012621312037441745C49B1F90010CA17C7
:1024100001EB126213128374C1745949B1F90010AF
:10242000CA1701EB12621312037541755549B1F9D0
:102430000010CA1701EB126213128375C1750022D6
:102440005149027642760B78012103B141764F4B18
:102450008276C2761B7803B1C1764D498B691D1215
:1024600000F82A5F43700B6A1D128570C3704B6AB7
:102470001D120571437182714B78C3718B6F1D12F0
:1024800005724372D1F880301D128572C372D1F883
:1024900084301D1205734373827391F86130C373E6
:1024A00051F8D83F1D12057443748B681D12857452
:1024B000C374CB6801F150011D1205754375827517
:1024C00011F8673CC3750B694FEA232505764376FF
:1024D0008B694FEA23258576C376CB694FEA23259E
:1024E00005774377827711F8073CC3770B6F4FEA84
:1024F000232580F8205080F821308B6F4FEA232568
:1025000080F8225046E00000860100107E70001026
:102510008C01001092010010940100102C02001098
:10252000300200107300001075000010D20100107E
:10253000D4010010D6010010D8010010DA010010FB
:10254000DC010010DE010010E0010010E4010010C9
:10255000E6010010E8010010EA010010EC01001093
:10256000EE010010D00100105201001054010010C3
:102570003402001038020010F00100109EC0072045
:1025800020040010A0C007200C0000100D00001057
:10259000DCE3072080F82330CB6F4FEA232580F857
:1025A000245080F8253080F8262091F8593080F8A2
:1025B000273051F8D03F4FEA232580F8285080F883
:1025C00029308B684FEA232580F82A5080F82B3079
:1025D000CB6801F12C014FEA232580F82C5080F8BC
:1025E0002D3080F82E2011F8433C80F82F304B6BB3
:1025F0004FEA232580F8305080F83130CB6B4FEA1A
:10260000232580F8325080F833300B6C4FEA2325B5
:1026100080F8345080F8353080F836204B7F80F8D1
:10262000373051F8943F4FEA232580F8385080F82E
:1026300039308B684FEA232580F83A5080F83B30D8
:10264000CB68A1F194014FEA232580F83C5080F833
:102650003D3080F83E2091F87D3080F83F3051F8D1
:10266000F43F4FEA232580F8405080F841308B68D2
:102670004FEA232580F8425080F84330CB68A1F11F
:1026800010014FEA232580F8445080F8453080F847
:10269000462011F8073C80F847300B6F4FEA23259E
:1026A00080F8485080F849308B6F4FEA232580F836
:1026B0004A5000F84B3FCB6F01F1C0014FEA232590
:1026C0004570837000F8032F11F8673C43700B6965
:1026D0004FEA23258570C3708B694FEA2325057166
:1026E0004371CB694FEA23258571C371027211F8DA
:1026F000073C43720B6F4FEA23258572C3728B6FC1
:102700004FEA232505734373CB6F4FEA2325857367
:10271000C373027491F85930437451F8D03F4FEAB3
:1027200023258574C3748B684FEA2325057543758B
:10273000CB6801F12C014FEA23258575C37502761C
:1027400011F8433C43764B6B4FEA23258576C376DD
:10275000CB6B4FEA2325057743770B6C4FEA232594
:102760008577C37780F820204B7F80F8213051F89F
:10277000943F4FEA232580F8225080F823308B685D
:102780004FEA232580F8245080F82530CB68A1F14A
:1027900094014FEA232580F8265080F8273080F8EE
:1027A000282091F87D3080F8293051F8F43F4FEA25
:1027B000232580F82A5080F82B308B684FEA232598
:1027C00080F82C5080F82D30CB6801F150014FEA91
:1027D000232580F82E5080F82F3080F8302011F813
:1027E000673C80F831300B694FEA232580F832507E
:1027F00080F833308B694FEA232580F8345080F815
:102800003530CB694FEA232580F8365080F83730D1
:1028100080F8382011F8073C80F839300B6F4FEA08
:10282000232580F83A5080F83B308B6F4FEA232500
:1028300080F83C5080F83D30CB6F4FEA232580F87C
:102840003E5080F83F3080F8402091F8593080F8B1
:10285000413051F8D03F4FEA232580F8425080F8AC
:1028600043308B684FEA232580F8445080F8453088
:10287000CB68A1F110014FEA232580F8465080F87B
:10288000473080F8482011F8073C80F849300B6F3A
:1028900016464FEA232580F84A5080F84B308B6F5C
:1028A0004FEA232580F84C5080F84D30CB6F01F172
:1028B000C0014FEA232580F84E5000F84F3F427088
:1028C00011F8673C83700B694FEA2325C5700371CB
:1028D0008B694FEA232545718371CB694FEA232524
:1028E000C5710372427211F8073C83720B6F4FEA95
:1028F0002325C57203738B6F4FEA232545738373BA
:10290000CB6F4FEA2325C5730374427491F8593095
:10291000837451F8D03F4FEA2325C57403758B6843
:102920004FEA232545758375CB6801F12C014FEAE9
:102930002325C5750376427611F8433C83764B6BAD
:102940004FEA2325C5760377CB6B4FEA23254577DE
:1029500083770B6C4FEA2325C57780F8203080F809
:1029600021204B7F80F8223051F8943F4FEA2325F5
:1029700080F8235080F824308B684FEA232580F8B4
:10298000255080F82630CB68A1F194014FEA232529
:1029900080F8275080F8283080F8292091F87D3081
:1029A00080F82A3051F8F43F4FEA232580F82B5065
:1029B00080F82C308B684FEA232580F82D5080F862
:1029C0002E30CB6801F150014FEA232580F82F50BB
:1029D00080F8303080F8312011F8673C80F83230D0
:1029E0000B694FEA232580F8335080F834308B6927
:1029F0004FEA232580F8355080F83630CB694FEA0E
:102A0000232580F8375080F8383080F8392011F8C5
:102A1000073C80F83A300B6F4FEA232580F83B5093
:102A200080F83C308B6F4FEA232580F83D5080F8CA
:102A30003E30CB6F4FEA232580F83F5080F840307E
:102A400080F8412091F8593080F84230D1F8D030E8
:102A50004FEA232580F8435080F84430D1F8D8302D
:102A60004FEA232580F8455080F84630D1F8DC3015
:102A7000BCF1000F4FEA232580F8475080F848301A
:102A800080F8492091F8B92080F84A20D1F8302107
:102A90004FEA222380F84B3000F84C2FD1F8382130
:102AA000A1F6C8114FEA222343708270D1F8042B9B
:102AB0004FEA222300F8033F4270867091F8E11A32
:102AC000C170FE4901EB4A0107D0BCF1010F02D1F0
:102AD000FB48891E016033B032E48DF800B08DF8F8
:102AE00001E062006D468DF80220891EE81C03F0AB
:102AF00039F8032000EB440001B26846FFF7E6FA1C
:102B000005EB44010026C870000A0871052000EB9F
:102B1000440704E0A85DFFF723F8761CF6B2B7423D
:102B2000F8D8002404E0285DEDF7D0FB641CE4B283
:102B3000A742F8D8CFE72DE9FF4FB3B082469346BE
:102B40001D462020DDF80091FDF704FEC117DB4C87
:102B500000EB1160001220702020FDF7FBFD60707B
:102B60002220FDF7F7FDC11700EB11600012A070E5
:102B70002220FDF7EFFDE070D2484FF461284FF4BA
:102B8000616CB0F90000C11700EB11610A122271EB
:102B90006071CD48B0F90000C11700EB11610A1255
:102BA000A271E071C9483C21026892FBF1F701FB78
:102BB0001720C31700EB13631E122672607297FB77
:102BC000F1F001FB1070C31700EB13631E12A67225
:102BD000E07292FBF8F0207392FBFCF06073BC484B
:102BE000026892FBF1F701FB1720C31700EB136398
:102BF0001E12A673E07397FBF1F001FB1070C11772
:102C000000EB11610B122374607492FBF8F0A07456
:102C100092FBFCF0E0744FF0000CAE4884F814C056
:102C200084F815C00178AC4A0120022902D113783A
:102C300003B9607584F816C084F817C0012902D161
:102C4000137803B9E075A54B84F818C084F819C04F
:102C50001B7803B96076A24B84F81AC084F81BC0B5
:102C60001B8803B1E0769F4B1B881E0A04F81C6F7B
:102C700063709D4B1B881E0AA670E3709B4BB3F9D3
:102C80000030DE1703EB16673E1226716371984B16
:102C9000B3F90030DE1703EB16673E12A671E3713D
:102CA000944BB3F90030DE1703EB16673E12267221
:102CB0006372914BB3F90030DE1703EB16673E12D7
:102CC000A672E3728D4BB3F90030DE1703EB166783
:102CD0003E12267363738A4BB3F90030DE1703EBA1
:102CE00016673E12A673E373864BB3F90030DE1706
:102CF00003EB16673E1226746374834BB3F90030FE
:102D0000DE1703EB16673E12A674E3747F4BB3F92C
:102D10000030DE1703EB16673E12267563757C4B99
:102D2000B3F90030DE1703EB16673E12A675E375A4
:102D3000784BB3F90030DE1703EB16673E122676A8
:102D40006376754B04F81CCF1B786370734BB3F933
:102D50000030DE1703EB16673E12A670E370704B6F
:102D6000B3F90030DE1703EB16673E12267163716C
:102D70006C4BB3F90030DE1703EB16673E12A671F9
:102D8000E371694B4FF42066B3F9003093FBF6F61C
:102D900026720A2693FBF6F36372644BB3F9003094
:102DA000DE1703EB16673E12267604F8193F604BD8
:102DB000B3F90030DE1703EB16673E126670A3709E
:102DC00084F803C084F804C0A4F15104022903D19B
:102DD00013780BB184F8550084F856C084F857C0B6
:102DE000012903D1117809B184F85700334A02EB65
:102DF0004B016439B9F1000F07D0B9F1010F01D1CE
:102E00002F48016037B0BDE8F08F8DF800A03498EE
:102E10008DF801006A006C468DF80220E01C02F07B
:102E2000A1FE032000EB450001B26846FFF74EF912
:102E300004EB45010026C870000A0871052000EB6C
:102E4000450704E0A05DFEF78BFE761CF6B2B742A4
:102E5000F8D8002504E0605DEDF738FA6D1CEDB29E
:102E6000AF42F8D8CEE770B50646324890B0B0F918
:102E700000008DF82400C11700EB116108128DF8D5
:102E800025002D48B0F900008DF82600C11700EB91
:102E9000116108128DF82700284800788DF8280065
:102EA00000208DF829002648B0F900008DF82A008E
:102EB000C11700EB1161081244E000007E700010A1
:102EC0007824001092010010940100102C020010D0
:102ED0003002001073000010A000001075000010F8
:102EE000D2010010D4010010D6010010D80100104A
:102EF000DA010010DC010010DE010010E00100101A
:102F0000E4010010E6010010E8010010EA010010E1
:102F1000EC010010EE01001076000010D00100104E
:102F200038040010BCC007203A0400108CC00720F1
:102F300010040010BE010010C20100109E0000101D
:102F4000C00100108DF82B00FF4872006C46B0F9EC
:102F500000008DF82C00C11700EB116108128DF8EC
:102F60002D00FA4800888DF82E00000A8DF82F00F9
:102F7000F748B0F900008DF83000C11700EB11617F
:102F800008128DF83100C9208DF8000004208DF85A
:102F900001008DF8022009A9E01C02F0E3FD0320E6
:102FA00000EB460001B26846FFF790F804EB4601DB
:102FB0000025C870000A0871052000EB460604E0F1
:102FC000605DFEF7CDFD6D1CEDB2AE42F8D8002578
:102FD00004E0605DEDF77AF96D1CEDB2AE42F8D811
:102FE00010B070BD2DE9F04FDA4CDB498BB0A27800
:102FF00001F11E00164602F0B5FDE6700025D64828
:10300000A5706570B11E1E30FFF760F800B28146F2
:10301000DFF84483E07808F11E084044CF4F30F9D0
:10302000020CCF4C82463D8098F800004FF0050B13
:1030300072287DD10121398098F801103846652920
:1030400077D10221018098F802106129F8D103217B
:10305000018098F803106429F2D1A7F800B098F81D
:10306000040098F8051000EB012080B2ADF81400C0
:103070000646FDF7A8FB0990301DFDF7A4FB08905C
:1030800072208DF8000065208DF8010061208DF818
:10309000020064208DF803009DF814008DF80400F0
:1030A0009DF815008DF805009DF824008DF80600A8
:1030B0009DF825008DF807009DF826008DF8080082
:1030C0009DF827008DF809009DF820008DF80A0072
:1030D0009DF821008DF80B009DF822008DF80C0062
:1030E0009DF823008DF80D000E216846FEF718FDAF
:1030F0008DF80E000E216846FEF722FD8DF80F00B8
:103100008DF8115025706E462078305CEDF7DEF8B2
:1031100020789DF81110325C401C5140C0B28DF8EF
:10312000111020701028EFD31020EDF7CFF801E038
:1031300009E08AE09DF8110080F01000EDF7C6F874
:103140000A20EDF7C3F898F8000077287DD1012018
:10315000388098F801003E46722876D102203080EF
:1031600098F80200692870D10320308098F8030095
:1031700074286AD10420308098F80400652864D14E
:103180007548A6F800B00F211E30FEF7C9FC98F86C
:103190000F10884259D1062030806F480F211E3011
:1031A000FEF7CEFC98F81010884277D107203080C7
:1031B00098F8050098F8061000EB012086B2ADF8EB
:1031C000206098F807008DF8240098F808008DF822
:1031D000250098F809008DF8260098F80A008DF867
:1031E000270098F80B008DF8280098F80C008DF84F
:1031F000290098F80D008DF82A0098F80E008DF837
:103200002B0030460999FDF79CFB301D0A99FDF70C
:1032100098FB77208DF8000072208DF8010069205E
:103220008DF8020074208DF8030065208DF80400ED
:103230009DF820008DF805009DF821008DF806000E
:1032400007216846FEF76CFC00E027E08DF80700D8
:1032500007216846FEF774FC8DF808008DF80A50C7
:1032600025706E462078305CEDF730F820789DF8B8
:103270000A10325C401C5140C0B28DF80A10207018
:103280000928EFD30920EDF721F89DF80A0080F016
:103290000900EDF71BF80A20EDF718F898F801007F
:1032A000039098F8030098F80210D14500EB012034
:1032B00087B298F8050098F8041000EB012084B25A
:1032C0002448C4F3062204F00F0142710171828187
:1032D0004181027802817BD1212A00D101701E49EF
:1032E000204E1E3181460978C1804FF03C0AC82922
:1032F00004D10398042802D0062804D09FE20720B6
:10330000FFF7B1FD9BE20720FFF7ADFDDFF8588026
:10331000DFF858B0E00B88F800009BF800108842F6
:103320000DD0012855D00021EA20FDF7D0FA104831
:10333000B0F90000032802DD3570EDF799FEC646AE
:1033400098F800C016E00000BA010010BC0100109F
:10335000C40100105424001042700010B8C00720AF
:103360000DC007207300001029C00720B303001010
:10337000CE0100108BF800C099F805304846DFF800
:103380000C844FF47A714FF00A093D2B23D03E2B69
:1033900039D03F2B48D0402B54D0DFF8F483472B53
:1033A00062D0482B69D0492B74D04A2B6FD0F94991
:1033B000F94ADFF8E8B3DFF8E883332B68D0352B20
:1033C00067D0342B72D0362B71D0012B70D036E2FF
:1033D00048E20121A8E783460279007882428DD035
:1033E000F048B0F900208A4201DA521C16E092FB44
:1033F000F9F1491C33E0EC48B0F90020EB48B0F992
:103400000010E8486BE08346027900788242DED003
:10341000E448B0F900208A4202DA521E0280EAE74C
:1034200092FBF9F1491E1AE0834602790078824244
:10343000CDD0DC48B0F900208A42D8DB92FBF9F10C
:10344000491D0CE08346027900788242BFD0D548FE
:10345000B0F900208A42E3DB92FBF9F1491F01EB4E
:10346000810149000180C6E78346017900788142E5
:10347000ADD0CF480188491C29E083460179007806
:103480008142A4D0CA480188491E20E002E010E031
:103490002EE07CE0834601790078814297D0C448D1
:1034A000B0F9002092FBF9F1491C0DE0B1E0F1E028
:1034B0003FE1834601790078814288D0BC48B0F969
:1034C000002092FBF9F1491E01EB810149000180C6
:1034D000B848B0F90020B848B0F90010B448ECF78B
:1034E000D5FEA8F800909BF804108BF80010A6E118
:1034F000037990F800C06345F9D0037098F8000094
:10350000337850EA030C02D001281ED097E10888D6
:1035100040B1AA490B6893FBFAF0401CC0EB0010C5
:1035200080004FE0A5480168491C8FE00160A44875
:1035300001880129DBD0012104E0A148018800298C
:10354000D5D029460180EE201EE0002BCFD108887F
:1035500000289C4807D0026892FBFAF1491CC1EB95
:103560000111890001E00168491C016047E09648AB
:1035700001880129BBD0012104E09348018800297A
:10358000B5D029460180F020FDF7A1F957E1037974
:1035900090F800C0634508D0037098F800003378B5
:1035A00050EA030C02D0012812D048E10888834970
:1035B0000B6848B14FF4167093FBF0F0401C4FF4C9
:1035C0001673584308608AE093FBF9F35B1C82E0B2
:1035D000002B2CD108887B490A6848B14FF416703B
:1035E00092FBF0F0401C4FF416725043086006E066
:1035F00092FBF9F2521C02EB820252000A607148FF
:103600007249ABF80090026809888A4271DD491C52
:103610003EE0037990F800C0634508D0037098F845
:103620000000337850EA030C02D0012810D006E1E4
:1036300008880028614807D0036893FBFAF1491E07
:10364000C1EB0111890001E00168491E016046E0FB
:1036500073BB088848B15B490A6892FBFAF0401EC8
:10366000C0EB00108000086003E056480168491E66
:1036700001605448554AABF80090016812889142A5
:1036800002DD521C026072E71E29BFF676AF1D21D3
:1036900001606CE7037990F800C0634508D00370BF
:1036A00098F80000337850EA030C02D0012826D0A5
:1036B000C5E0088850B141484FF41671036893FB88
:1036C000F1F1491E4FF416735943BFE73B490B68AC
:1036D00093FBF9F35B1E03EB83035B000B6037483E
:1036E0003A49A2F80090026809888A4202DD491C22
:1036F0001CE71BE01E2ABFF620AF1D2116E79BBB6F
:10370000088800282F48026808D04FF4167192FBF1
:10371000F1F1491E4FF41672514326E792FBF9F27C
:10372000521E02EB82025200026068E71E2AAEDBE4
:1037300023E701790278914216D0DFF89480017076
:10374000F146BCF1000F52D1307801284CD021480D
:10375000008802280DD12048008800281F4804D086
:10376000008801287ED004E065E0B0F90000401C2C
:10377000F8D0012030701A480560104801681948D7
:10378000016088F80450EDF780FE30E088C0072023
:103790000C0400109E0100108AC007200E040010C7
:1037A0009B00001086010010A0010010A201001073
:1037B0008C0100107A0100107C0100102C02001016
:1037C0009601001030020010980100109A010010BC
:1037D000440200102E010010300100106C01001096
:1037E00034020010380200103570EDF741FC99F8F2
:1037F0000000012823D1307802281DD0FA48008823
:1038000002280CD1F94800880028F94803D0008824
:103810000128A7D003E0B0F90000401CA2D002208C
:103820003070F4480560F4480168F448016088F895
:103830000450EDF72EFE02E03570EDF719FCF0486C
:103840000178F048B0F9000081426DD10399032955
:103850005FD004296BD0062966D1322F6ED0332F6A
:1038600078D000E060E0342F7BD0352F6DD04FF45E
:103870006160362F6AD0372F69D0382F68D0392F42
:1038800067D03A2F72D03B2F71D0DF483C2F6FD0DA
:103890003D2F6ED03E2F6DD03F2F6CD0402F6BD080
:1038A000412F6AD0422F69D0432F68D0442F67D070
:1038B000452F7ED0462F7DD0DFF850B342F20F72F5
:1038C000472F78D0DFF84883482F75D0DFF844A31E
:1038D000492F72D0D0494A2F70D0D04B4B2F6ED089
:1038E000DFF83C934C2F6BD04D2F6AD0502F69D00E
:1038F000512F68D0522F67D0CA4942F210785A2F00
:103900007AD0C94A5B2F78D05C2F77D05D2F76D0E4
:1039100012E3A7F13201322906D223463A46009536
:10392000C0B20399FFF707F90BB0BDE8F08F23464B
:103930003A46C0B20095FEF705FDF5E7BB4821B257
:10394000018020200AE005E00BE01AE01EE042E0E2
:1039500058E06CE0B64821B201802220FCF7B7FFA6
:10396000CAE0B44821B20180762010E277E088E016
:103970009FE0B2E0C3E0CAE0DFE0EEE0FEE00CE191
:103980001DE1AD4821B20180782000E2DFF8ACC231
:103990005146DCF8002092FBF1F393FBFAF692FB20
:1039A000F0F00AFB16314FF461625043C1EB011194
:1039B0000BE05DE16EE17FE183E187E18CE190E185
:1039C00094E198E174E275E277E200EB810001197D
:1039D000CCF8001014E0994A116891FBFAF691FBBB
:1039E000F0F00AFB16134FF461614843C4EB041175
:1039F00000EB8100C11818E065E266E269E2A9E225
:103A0000D82053E08D4A5146106890FBF1F393FBA8
:103A1000FAF60AFB16310AFB13004FF461636343A5
:103A2000C1EB011103EB810101441160E8E7DFF80C
:103A3000C8C15146DCF8002092FBF1F393FBFAF683
:103A400092FBF0F00AFB16314FF461625043C1EB78
:103A5000011100EB81000119CCF8001025E0664A45
:103A6000136893FBFAF693FBF0F00AFB16314FF460
:103A700061635843C4EB041300EB830001441160FD
:103A800013E05D485246016891FBF2F393FBFAF6AE
:103A90000AFB16320AFB13114FF461636343C2EB56
:103AA000021203EB820211440160DC20FCF749FFA3
:103AB00042E205702020FCF74DFE5C490880222080
:103AC000FCF748FE5A49012C088002D1EDF71DFD94
:103AD00012E08CB9EDF778FD0EE005702020FCF7C0
:103AE00039FE524908802220FCF734FE5049012C4F
:103AF0000880EED1EDF7D1FC514805801CE230780A
:103B0000002803D14F49C4B3012C6BD014E23078A4
:103B1000002866D14C480088002862D04B4A4FF4F8
:103B20008470012C03D02CB1B2F900102FE10121D7
:103B300011802CE11580294629E13078002850D1E8
:103B4000434E44481E21348002883046ECF7B4FBD3
:103B5000308801B24FF4857019E13078002840D1E7
:103B60003D4E3C481E21348002883046ECF7A4FBD1
:103B7000308801B24FF49F7009E18BE1307880BB4F
:103B8000364E4FF41672022134803046ECF77EFB3D
:103B9000B6F900104FF48770F9E0307808BB304E6A
:103BA00030483480B0F900202F48B0F9001030467A
:103BB000ECF76CFBB6F900104FF48870E7E0307852
:103BC00078B92A4E27483480B0F900202648B0F949
:103BD00000103046ECF75AFBB6F900104FF489702C
:103BE000D5E078E051E100002E0100103001001016
:103BF0006C01001034020010300200103802001076
:103C00006070001028010010A0000010E4010010F6
:103C1000E6010010E8010010EA010010EC010010BC
:103C2000EE0100108CC00720100400108601001067
:103C30008C01001092010010940100102C02001061
:103C40003604001075000010D0010010D2010010E1
:103C5000D40100109A010010D6010010D801001004
:103C6000DA010010A0010010A2010010DC01001018
:103C7000307880BBFF4E3480FF48B0F90020FF4809
:103C8000B0F900103046ECF701FBB6F900104FF424
:103C90008A707CE03078F0B9F94EF7483480B0F99A
:103CA0000020F648B0F900103046ECF7EFFAB6F90C
:103CB00000104FF48B706AE0307860B9ABF80040C8
:103CC0005DE0307838B9A8F8004070E0307810B97D
:103CD000AAF8004082E038E03078B0BB0E460C8095
:103CE00091E0307888BB1E461C80AAE0307860BB2B
:103CF000A9F80040BCE0112C28D0122C29D0132C9C
:103D00002AD0142C2BD0212C2CD0222C30D0312C8A
:103D100040D0322C44D0412C52D0422C57D0512C80
:103D200065D0522C69D0612C7FD0622C75D0712C5B
:103D300074D0722C73D0D348D349802C70D0812C8E
:103D40006FD0822C6ED0832C6DD0F5E0EDF716FC91
:103D5000F2E0EDF717FCEFE0EDF718FCECE0EDF723
:103D600025FCE9E0307888BBBBF80000401C04E08B
:103D7000307858BBBBF80000401EABF800000A21A9
:103D8000C248ECF783FABBF900104FF4E970FCF776
:103D90009EFDD1E03078C8B9B8F80000401C04E0BE
:103DA000307898B9B8F80000401EA8F800000A2141
:103DB000B748ECF76BFAB8F900104FF4EA70E6E791
:103DC000307818B9BAF80000401C05E02CE03078D3
:103DD00050BBBAF80000401EAAF800000A21AD4806
:103DE000ECF754FABAF900104FF4EB70CFE73078E3
:103DF000D0B908880E46401C04E03078A0B9088885
:103E00000E46401E30800A21A348ECF73FFAB6F96F
:103E100000104FF4EC70BAE707E00CE01BE020E084
:103E200030E034E039E03DE030E0307870BB1888B5
:103E30001E46401C04E0307840BB18881E46401ED9
:103E40003080642201219548ECF720FAB6F9001081
:103E50004FF4ED709BE73078C0B9B9F80000401C12
:103E600004E0307890B9B9F80000401EA9F80000CD
:103E7000962201218A48ECF709FAB9F900104FF4AB
:103E8000EE7084E70088062856D10D7054E0008853
:103E9000062851D1012008704EE0408806284BD1F9
:103EA0004D7049E04088062846D10120487043E023
:103EB0007C4800E07C4804803EE07C4904EB8400C0
:103EC0004000088038E00C8000E01480012101707F
:103ED0002FE00123037076480988012C0180754882
:103EE0001188018001D00CB323E03078022820D063
:103EF0007148008802280DD1704800880028704859
:103F000004D0008801283FF418AD03E0B0F90000A8
:103F1000401CF8D0022030706A4805606A48016889
:103F20006A480160EDF7B5FA012142E030780228D5
:103F30001FD06749A1F80080664EDFF89C81316888
:103F4000B8F80000814201DC1E2946DA814234DDE6
:103F5000401C37E00123037055480988012C01807B
:103F600054481188018008D0002CE2D13078012813
:103F7000DFD13570EDF77CF8DBE730780128D8D059
:103F80004D48008802280CD14C48008800284C4835
:103F900003D000880128B6D003E0B0F90000401C2F
:103FA000B1D04848337005604A480168474801600D
:103FB0000021EA20FCF78BFCBBE71E2901DB3068FF
:103FC00001E01D20306001B2D820FCF780FC43489E
:103FD00001210180EE20FCF77AFCB8F8000031687E
:103FE000814207DC1E2905DB3C4829460580EE207E
:103FF000FCF76DFC344EB8F800103068884201DCE4
:104000001E2813DA884202DD491C316003E01E28B5
:1040100001DA1D203060306801B2DC20FCF757FC6B
:104020002F4801210180F020FCF751FCB8F8000076
:104030003168814207DC1E2905DB294829460580B5
:10404000F020FCF744FC274823463A4600880399B1
:10405000C0B2FEF754F85A2F9DD05B2F9BD05C2F37
:1040600099D05D2F97D0204800880BB0401C01B23A
:104070004C203BE0DE0100107A0100107C010010B2
:10408000E00100103200001030000010E4010010C8
:10409000E6010010E8010010EA010010EC01001038
:1040A000EE01001038040010BCC007203A040010D4
:1040B000860100108C0100102E010010300100104C
:1040C0006C010010340200103002001038020010A1
:1040D000360400102C0200109A0100109601001006
:1040E000980100102801001050010010BDE8F04FA9
:1040F000FCF7EDBB2DE9F04FB3B01446FF4A127840
:1041000090427ED100297DD00129FCD00529F8D12B
:10411000FB482178FB4D417061788170A178C170B6
:10412000E17801712179417161798171A179C17160
:10413000E1790172217A4172617A8172A17AC17248
:10414000E17A0173E1792970A7796F70607A227A38
:1041500000EB022002B26A80E07AA37A00EB03202F
:1041600003B2E748AB8014300688761C0680418095
:104170008280C380E448B0F900008742C1D14FF08B
:10418000030A4FF009084FF00109032934D19BB20B
:1041900092B2C0B2CDF80090FEF7CDFCA98808EB32
:1041A000410080B204F0CEFE064620783070607880
:1041B0007070A078B070E078F070B5F904200AEB68
:1041C0004201C81701EB10631F1237710846707166
:1041D0006878B0712878F0715200327206F10900E7
:1041E000A96803F0DDFDA98808EB410082B2C3484D
:1041F0003146007805F0C4F8297804290DD0C34E63
:1042000001E0FEE3FEE3DFF808A3DFF808B30027D0
:1042100006293DD010297ED0F3E3CDF80090A88880
:1042200083B2688882B2B8480088C0B2FEF78AF8C4
:10423000A888474608EB400080B204F083FE06469B
:104240002078307060787070A078B070E078F0708E
:10425000B5F904200AEB4201C81701EB10631812EC
:104260003071084670716878B0712878F07152002A
:10427000327206F10900A96803F092FDA888314660
:1042800007EB400082B29D48007805F079F8C3E75B
:104290006888322806D1A048B5F904100180202092
:1042A000FCF715FB6888332806D19C48B5F9041043
:1042B00001802220FCF70BFB6888342806D198483F
:1042C000B5F9041001807620FCF701FB68883528D9
:1042D00006D19448B5F9041001807820FCF7F7FA6C
:1042E0006888A84636281DD1DAF800203C2092FBC9
:1042F000F0F393FBF0F500FB15334FF4616092FB94
:10430000F0F04FF461625043C3EB0312B8F90410AC
:1043100000EB820000E0FEE30144D820CAF8001060
:10432000FCF70FFBB8F80200372818D1DAF80000C4
:104330003C2290FBF2F302FB13024FF4616590FB09
:10434000F5F0B8F904306843C3EB031300EB8300C6
:1043500010440146CAF80000D820FCF7F2FAB8F879
:10436000020038281AD1DAF800203C2392FBF3F03F
:1043700090FBF3F503FB102203FB1503B8F90400CF
:104380004FF461656843C3EB031300EB83001044F3
:104390000146CAF80000D820FCF7D3FAB8F80200AA
:1043A00039281BD1DBF800203C2092FBF0F393FB73
:1043B000F0F500FB15334FF4616092FBF0F04FF421
:1043C00061625043B8F90410C3EB031200EB8200A2
:1043D0000144DC20CBF80010FCF7B3FAB8F8020077
:1043E0003A2817D1DBF800103C2291FBF2F302FBD4
:1043F00013124FF4616591FBF5F1B8F9043069438C
:10440000C3EB031301EB83011144DC20CBF8001054
:10441000FCF797FAB8F8020045463B2819D1DBF8BB
:1044200000103C2291FBF2F090FBF2F302FB101122
:1044300002FB1302B5F904004FF461635843C2EB69
:10444000021200EB82000144DC20CBF80010FCF7E4
:1044500078FA68883C2827D1A888012810D13078BC
:1044600002280DD0022030702F4807602F48DBF85B
:1044700000100160EDF70DF80121EA20FCF727FAA2
:10448000A88828B93078022802D13770ECF7F0FDFF
:10449000274807702020FCF75DF91F49088022207B
:1044A000FCF758F91D49088068883D2825D1A8885F
:1044B00001280ED1307801280BD01B4886F80090D7
:1044C00007601A48DAF8001001600021EA20FCF7C2
:1044D000FEF9A88828B93078012802D13770ECF7A6
:1044E000C7FD134807702020FCF734F90A490880FB
:1044F0002220FCF72FF9094908801BE09F000010DB
:1045000098FE07207024001028010010730000108E
:104510002C02001030020010860100108C010010E7
:1045200092010010940100103402001038020010B3
:10453000A0000010B5F902003E280BD1317849B92E
:10454000B5F9041011B9FF4A82F80090012901D190
:10455000FC490F703F2815D1307898B9FA48008887
:1045600080B1B5F90400012802D1F849A1F8009002
:1045700008B9F6480780F548B0F900104FF4847088
:10458000FCF7A5F96888A846402811D1307878B999
:10459000EF4DB8F804001E212880EE480288284616
:1045A000EBF78AFE288801B24FF48570FCF78FF98B
:1045B000B8F80200412811D1307878B9E64DB8F842
:1045C00004001E212880E34802882846EBF774FE89
:1045D000288801B24FF49F70FCF779F9B8F802000F
:1045E000422811D1307878B9DC4DB8F804004FF486
:1045F0001672288002212846EBF748FEB5F9001014
:104600004FF48770FCF763F9B8F80200432814D11F
:10461000307890B9D24DB8F804002880D148B0F96C
:104620000020D148B0F900102846EBF72FFEB5F96D
:1046300000104FF48870FCF74AF9B8F802004428DB
:1046400014D1307890B9C94DB8F804002880C54815
:10465000B0F90020C448B0F900102846EBF716FE68
:10466000B5F900104FF48970FCF731F9B8F8020081
:10467000452814D1307890B9BD4DB8F80400288091
:10468000BC48B0F90020BC48B0F900102846EBF750
:10469000FDFDB5F900104FF48A70FCF718F9B8F871
:1046A0000200462814D1307890B9B44DB8F804000F
:1046B0002880B048B0F90020AF48B0F90010284673
:1046C000EBF7E4FDB5F900104FF48B70FCF7FFF841
:1046D000B8F80200472811D1307878B9A84DB8F859
:1046E000040042F20F7228800A212846EBF7CEFD23
:1046F000B5F900104FF4E970FCF7E9F8B8F80200DA
:10470000482811D1307878B99E4DB8F8040042F2AB
:104710000F7228800A212846EBF7B8FDB5F9001082
:104720004FF4EA70FCF7D3F8B8F80200492811D129
:10473000307878B9944DB8F8040042F20F722880AE
:104740000A212846EBF7A2FDB5F900104FF4EB70F3
:10475000FCF7BDF8B8F802004A2811D1307878B9D2
:104760008A4DB8F8040042F20F7228800A212846C8
:10477000EBF78CFDB5F900104FF4EC70FCF7A7F8DF
:10478000B8F802004B2810D1307870B9804DB8F8D5
:1047900004006422288001212846EBF777FDB5F953
:1047A00000104FF4ED70FCF792F8B8F802004C28B6
:1047B00010D1307870B9774DB8F80400962228806F
:1047C00001212846EBF762FDB5F900104FF4EE70B9
:1047D000FCF77DF87048B0F902104D2912D050292D
:1047E0007ED051297DD052297CD0DFF8B08142F2B1
:1047F00010755A2977D05B2976D05C2975D05D2950
:1048000074D00AE2DFF89881634DB8F80010491CB3
:10481000A8F80010B5F90410A8F80210112901D168
:10482000ECF7ACFEA888122801D1ECF7ABFEA88803
:10483000132801D1ECF7AAFEA888142801D1ECF7BF
:10484000B5FE55488088212811D1307878B94C4D73
:1048500042F20F720A212888401C28802846EBF774
:1048600015FDB5F900104FF4E970FCF730F84A482F
:10487000B0F90410222918D1B8F80420521CA8F865
:104880000420A8F80610307878B93D4D42F20F7236
:104890000A212888401E28802846EBF7F7FCB5F946
:1048A00000104FF4E970FCF712F83B48808831287B
:1048B00011D1307878B9334D42F20F720A2128882D
:1048C000401C28802846EBF7E1FCB5F900104FF4B6
:1048D000EA70FBF7FCFF30488088322819D106E0E7
:1048E00034E136E138E13EE140E146E16FE1307824
:1048F00078B9244D42F20F720A212888401E288080
:104900002846EBF7C3FCB5F900104FF4EA70FBF74B
:10491000DEFF21488088412811D1307878B91A4DBE
:1049200042F20F720A212888401C28802846EBF7A3
:10493000ADFCB5F900104FF4EB70FBF7C8FF16485B
:1049400080882FE075000010D0010010D201001007
:10495000D40100109A010010D6010010D8010010F7
:10496000DA010010A0010010A2010010DC0100100B
:10497000DE0100107A0100107C010010E00100103F
:10498000E4010010E6010010E8010010EA01001047
:10499000EC010010EE01001070240010360400102D
:1049A0003C040010422811D1307878B9FF4D42F212
:1049B0000F720A212888401E28802846EBF766FCE3
:1049C000B5F900104FF4EB70FBF781FFF8488088D1
:1049D000512811D1307878B9F64D42F20F720A2180
:1049E0002888401C28802846EBF750FCB5F90010B9
:1049F0004FF4EC70FBF76BFFED488088522814D120
:104A000001E0F9E3F9E3307878B9EA4D42F20F7248
:104A10000A212888401E28802846EBF737FCB5F984
:104A200000104FF4EC70FBF752FFE14880886128DA
:104A300010D1307870B9E04D642201212888401CE3
:104A400028802846EBF722FCB5F900104FF4ED70F2
:104A5000FBF73DFFD6488088622810D1307870B9C6
:104A6000D54D642201212888401E28802846EBF776
:104A70000DFCB5F900104FF4ED70FBF728FFCC48A2
:104A80008088712810D1307870B9CC4D96220121E0
:104A90002888401C28802846EBF7F8FBB5F9001061
:104AA0004FF4EE70FBF713FFC14DA888722810D1A8
:104AB000307870B9C14E962201213088401E308076
:104AC0003046EBF7E3FBB6F900104FF4EE70FBF75E
:104AD000FEFEB5F90400BA4ABA4B80280AD1A8F8FC
:104AE000060015884146062D04D18D886D1CA8F856
:104AF00004501F7081280BD1A8F806001588414684
:104B0000062D05D18D886D1CA8F8045083F80090FF
:104B100082280CD100E00AE1A8F806005588414639
:104B2000062D04D18D886D1CA8F804505F70832871
:104B300073D1A8F806005088414606286DD18888B0
:104B4000401CA8F8040083F8019066E080889E4924
:104B500007E080889D4904E080889D4900EB800043
:104B60004000088059E080889A4901E080889A498D
:104B700008809A4981F800904DE0984A95498C4800
:104B800082F80090964A098811809349954A0988CD
:104B900011808088012810D1307802280DD00220A1
:104BA0003070914807609148DBF800100160ECF725
:104BB00070FC0121EA20FBF78AFE7D48808850BB0B
:104BC0003078022827D13770ECF752FA23E0834A75
:104BD000834B774882F800907E4A494612881A80B3
:104BE0007D4A804B12881A80808801280DD1307848
:104BF00001280AD07C48317007607C48DAF8001040
:104C000001600021EA20FBF762FE6948808810B944
:104C100030780128D7D0A8F80050754EDAF8001087
:104C200055463088814201DC1E2914DA814201DDBB
:104C3000401C04E01E2901DB286801E01D202860DB
:104C400001B2D820FBF743FE6A484946A0F800901D
:104C5000EE20FBF73CFE31882868884207DC1E28DE
:104C600005DB644839460780EE20FBF730FE3188CB
:104C7000DBF800005D46884201DC1E2814DA884219
:104C800002DD491C296003E01E2801DA1D2028608E
:104C9000286801B2DC20FBF71AFE57484946A0F805
:104CA0000090F020FBF713FE31882868884207DC6B
:104CB0001E2805DB504839460780F020FBF707FE29
:104CC0003B4ECDF8009001237088317882B24B487A
:104CD0000088C0B2FDF72FFF0B2004F033F9054622
:104CE0002078287060786870A078A870E078E87004
:104CF0002F71062068717078A8713078E871B6F964
:104D00000210C81701EB1062101228720846687270
:104D1000022205F10A00B16803F042F838480C227B
:104D20002946007804F02CFBB6F90200F2E30020DB
:104D3000B5F904100AE000BF04EB4002937B527BFC
:104D400003EB02222DF81020401CC0B28842F3DB96
:104D50004FF00008FAE31648B0F902004044322848
:104D600063D0332867D034286BD0352878D03628E4
:104D70007CD037286DD038286CD039286BD03A28B1
:104D80006AD03B2869D03C2868D03D2867D03E28AF
:104D90007ED03F287DD040287CD041287BD042283F
:104DA0007AD0432879D0442878D02BE0E80100104D
:104DB00070240010EA010010EC010010EE01001058
:104DC000320000103000001038040010BCC0072072
:104DD0003A0400108CC0072010040010A00000103E
:104DE000860100108C0100103402001038020010FF
:104DF0009A0100109601001098010010280100107F
:104E00009F000010452879D0462878D0472877D0D1
:104E1000482876D0492875D04A2874D04B2873D0BA
:104E20004C2872D04D2871D05AE3FD483DF9181036
:104E30000180202052E3FB483DF918100180222018
:104E40004CE3F9483DF918100180762046E307E06D
:104E50000CE02BE03CE05AE06FE07CE096E0B3E051
:104E6000F2483DF918100180782037E3DAF8001095
:104E70003C2091FBF0F292FBF0F300FB13224FF485
:104E8000616091FBF0F03DF818504FF4616106E06D
:104E9000B9E0C8E0E0E0F1E002E113E127E14843D6
:104EA000C2EB021100EB810041190DE0DAF80000BD
:104EB0003C2190FBF1F201FB12014FF4616390FB86
:104EC000F3F03DF8182010E0D820CAF800105AE09E
:104ED000DAF800103C2291FBF2F090FBF2F302FBB7
:104EE000101102FB13023DF818004FF461635843A0
:104EF000C2EB021200EB82000144E5E70CE120E185
:104F000034E145E156E166E179E1BDE1C3E1DBF879
:104F100000003C2190FBF1F292FBF1F301FB132125
:104F20004FF4616290FBF2F03DF818505043C1EB32
:104F3000011100EB8100411922E0DBF800003C2167
:104F400090FBF1F201FB12014FF4616390FBF3F06F
:104F50003DF818200CE0DBF800103C2291FBF2F049
:104F600090FBF2F302FB101102FB13023DF8180054
:104F70004FF461635843C2EB021200EB820001441C
:104F8000DC20CBF80010FBF7DCFCA9E23DF81800B0
:104F90006D46012810D130780228F6D002203070FA
:104FA000A3480760A348DBF800100160ECF771FA32
:104FB0000121EA20FBF78BFC35F818000028E4D12A
:104FC000307802281BD08BE23DF818006D4601288E
:104FD0000ED130780128D8D0954886F80090076027
:104FE0009448DAF8001001600021EA20FBF76FFC1A
:104FF00035F818000028C8D130780128C5D137709D
:10500000ECF736F86CE230780028BED13DF8180095
:1050100010B1012804D063E2874981F800905FE273
:10502000854807705CE230780028AED1834800885C
:105030000028AAD03DF81800012801D020B105E0D1
:105040007F49A1F8009001E07D4807807C48B0F9D5
:1050500000104FF4847041E23078002895D1794DEA
:105060003DF81810784829801E2102882846EBF761
:1050700023F9288801B24FF485702FE23078002898
:10508000A1D1724D3DF818106F4829801E21028869
:105090002846EBF711F9288801B24FF49F701DE202
:1050A000307800288FD16A4D3DF818104FF41672F1
:1050B000298002212846EBF7E9F8B5F900104FF4F2
:1050C00087700BE2307800289CD1624D62483DF831
:1050D00018102980B0F900206048B0F90010284667
:1050E000EBF7D4F8B5F900104FF48870F6E130789A
:1050F000002887D15A4D58483DF818102980B0F93A
:1051000000205648B0F900102846EBF7BFF8B5F973
:1051100000104FF48970E1E1307800286ED1514DD4
:1051200051483DF818102980B0F900204F48B0F9D7
:1051300000102846EBF7AAF8B5F900104FF48A7072
:10514000CCE13078002859D1494D47483DF8181036
:105150002980B0F900204548B0F900102846EBF747
:1051600095F8B5F900104FF48B70B7E1307800284E
:1051700044D1404D3DF8181042F20F7229800A21A7
:105180002846EBF783F8B5F900104FF4E970A5E174
:105190003078002832D1384D3DF8181042F20F72A5
:1051A00029800A212846EBF771F8B5F900104FF471
:1051B000EA7093E1307808BB304D3DF8181042F2A8
:1051C0000F7229800A212846EBF760F8B5F9001024
:1051D0004FF4EB7082E1307880B9294D3DF818101A
:1051E00042F20F7229800A212846EBF74FF8B5F9F1
:1051F00000104FF4EC7071E180E283E20FE0307850
:1052000068B9204D3DF818106422298001212846F4
:10521000EBF73CF8B5F900104FF4ED705EE174E087
:10522000860100108C010010920100109401001002
:10523000340200103802001075000010D001001078
:10524000D2010010D40100109A010010D601001004
:10525000D8010010DA010010A0010010A201001016
:10526000DC010010DE0100107A0100107C0100104A
:10527000E0010010E4010010E6010010E801001058
:10528000EA010010EC0100103078F0BB3DF8181076
:10529000FF4D298019E13DF818006D46112801D114
:1052A000ECF76CF935F81800122801D1ECF76AF91F
:1052B00035F81800132801D1ECF768F935F8180013
:1052C000142801D1ECF772F93DF81800212811D10A
:1052D0003078D0B9EF4D42F20F720A212888401C75
:1052E00028802846EAF7D2FFB5F900104FF4E9709C
:1052F000FBF7EDFA3DF81800222813D1307820B9D9
:10530000E44D2888401E288000E050E042F20F72F1
:105310000A212846EAF7BAFFB5F900104FF4E97000
:10532000FBF7D5FA3DF81800312811D13078F0BBE1
:10533000D94D42F20F720A212888401C2880284645
:10534000EAF7A4FFB5F900104FF4EA70FBF7BFFAD3
:105350003DF81800322811D1307840BBCE4D42F2D2
:105360000F720A212888401E28802846EAF78EFFFF
:10537000B5F900104FF4EA70FBF7A9FA3DF81800F0
:10538000412811D1307890B9C44D42F20F720A21F0
:105390002888401C28802846EAF778FFB5F90010D5
:1053A0004FF4EB70FBF793FA3DF8180000E042E091
:1053B000422811D13078F0BBB84D42F20F720A2169
:1053C0002888401E28802846EAF760FFB5F90010BB
:1053D0004FF4EB70FBF77BFA3DF81800512811D120
:1053E000307840BBAE4D42F20F720A212888401C33
:1053F00028802846EAF74AFFB5F900104FF4EC7010
:10540000FBF765FA3DF81800522811D1307890B9B1
:10541000A34D42F20F720A212888401E2880284698
:10542000EAF734FFB5F900104FF4EC70FBF74FFAD0
:105430003DF8180000E042E0612810D13078F0BB60
:10544000984D642201212888401C28802846EAF7CC
:105450001DFFB5F900104FF4ED70FBF738FA3DF879
:105460001800622810D1307848BB8E4D642201218B
:105470002888401E28802846EAF708FFB5F9001062
:105480004FF4ED70FBF723FA3DF81800712810D1A6
:105490003078A0B97E4D962201212888401C2880B2
:1054A0002846EAF7F3FEB5F900104FF4EE70FBF76B
:1054B0000EFA3DF81800722812D1307800E00FE0A3
:1054C00070B9734D2888401E2880962201217048AB
:1054D000EAF7DCFEB5F900104FF4EE70FBF7F7F9D0
:1054E0007148B0F9021001EB08025A2A06D05B2A73
:1054F00008D05C290FD05D2929D043E03DF8180081
:105500006A4902E03DF8180069490880694981F854
:10551000009037E0E3E005468088012810D130781C
:1055200002280DD002203070634807606348DBF822
:1055300000100160EBF7ADFF0121EA20FBF7C7F98E
:10554000A888F8B93078022819D01BE075E0054624
:10555000808801280ED1307801280BD0564886F873
:10556000009007605548DAF8001001600021EA2039
:10557000FBF7ADF9A88828B93078012802D1377037
:10558000EBF776FD4E4DDAF800102A88914201DCE7
:105590001E2916DA5046914202DD521C026003E0D9
:1055A0001E2901DA1D210160DAF8000001B2D820BD
:1055B000FBF78DF943484946A0F80090EE20FBF731
:1055C00086F92988DAF80000884207DC1E2805DB06
:1055D0003C4839460780EE20FBF779F92A88DBF84A
:1055E0000010914201DC1E2916DA5846914202DD74
:1055F000521C026003E01E2901DA1D210160DBF864
:10560000000001B2DC20FBF762F92F484946A0F800
:105610000090F020FBF75BF92988DBF80000884256
:1056200007DC1E2805DB284839460780F020FBF7F9
:105630004EF908F1010808F0FF081B48B0F9041002
:105640008845FFF688AB0B2003F07CFC01462078F0
:10565000087060784870A0788870E078C870124C44
:105660000F7106204871607888712078C871B4F98C
:105670000220D01702EB106318120872104648720D
:10568000B4F90420D01702EB10631D128D721DE0D7
:10569000EE010010E4010010E6010010E801001026
:1056A000EA010010EC010010702400108CC00720EB
:1056B00010040010A0000010340200103802001086
:1056C0009A01001096010010980100101046C8724F
:1056D0000D480C22007803F053FEB4F902005A285A
:1056E0000CD05B280AD05C2808D05D2806D007487B
:1056F0000088401C01B24C20FBF7E9F8002033B0D1
:10570000BDE8F08F0120FAE79F0000105001001063
:10571000C1F12002904010B5FC4A4FF400745315BB
:105720000EE0002801DA946500E0D46500BF00BFF8
:1057300000BF936500BF00BF00BFD3654000491E96
:105740000029EED110BD70B50546F148007801285A
:1057500013D04FF0A04045F4807181620121416275
:1057600000210213436BDB0702D0491C9142F9D39D
:1057700000214162056BA8B270BDE44C206C40F47E
:105780000070206420214FF0FF30FFF7C1FF04219B
:105790000620FFF7BDFF05210120FFF7B9FF052116
:1057A0002846FFF7B5FF00F0CBF94FF0000528467B
:1057B0004FF480714FEA4505A16500BF00BF00BFEF
:1057C000E165626D920501D545F00105401C102888
:1057D000F0D300F0B5F9CEE770B50546CC480C46DD
:1057E000007801280ED04FF0A04245F480709062FE
:1057F000D46200201113536BDB0702D0401C884297
:10580000F9D370BDC148016C41F4007101642021DD
:105810004FF0FF30FFF77CFF04210520FFF778FFF2
:1058200005210120FFF774FF05212846FFF770FFCF
:1058300002210846FFF76CFF10212046FFF768FFA2
:10584000BDE8704000F07CB92DE9FC47B04C002564
:105850003620257000906946626808469047019896
:105860002521B1EB106F01D101202070A9480168FA
:1058700041F080410160A948A74981602178002951
:1058800060D0016921F470210161A048016C41F4EC
:10589000807101644FF0A0444FF44F4020607820A5
:1058A000C4F800016420401EFDD14FF00208C4F886
:1058B0000080302060604001606143F20F70206121
:1058C0001227E7607801C4F800014FF40060A0617E
:1058D0006426761EFDD1A5614FF400410020FFF73C
:1058E0007BFF4FF480190020FFF72DFF10F4084FC5
:1058F00002D0761C4E45F6D30220FFF724FF064661
:105900000320FFF720FF4FF6F0710840844940EA7A
:10591000064088420DD14FF440510020FFF75CFF54
:1059200000260120FFF70FFF800602D4761C4E45AB
:10593000F7D300264FF480391020FFF704FFC1078A
:1059400009D105E0C16821F00F01491DC160A1E73F
:10595000761C4E45F0D341070CD5616841F001013A
:105960006160D4F8001141F48061C4F80011152180
:10597000A16000E0A760800701D5A56102E04FF4B7
:105980008070A061674881882164418861640088D3
:10599000A064654B654EA3F16401002001F1200273
:1059A00000EB400703EB472741F8307001EBC007DD
:1059B0007E6042F8305002EBC007401C7D60042836
:1059C000EED3C4F80811C4F80C210320C4F8100168
:1059D000C4F8185154490020554E243901F11802D9
:1059E00000EB400306EB432341F8303001EBC003EA
:1059F0005D6042F82050401C0328F1D304F1AC0450
:105A000021676267C4F87880E5674FF02600C4F824
:105A100054014FF08800C4F8380F4FF6FF70C4F8F7
:105A20003C0F606D40F00300606554F8AC0D40F031
:105A300001002060BDE8FC873E484FF080510160C6
:105A400070473D484FF0805101607047F0B54FF00E
:105A5000A045D5F82811344E0388243E021D56F87F
:105A60003140DB1C9B0803D080CA5B1E80C4FBD185
:105A7000008806EBC102401E40F04040491C5060C7
:105A8000032900D10021C5F82811F0BD70B54FF0F1
:105A9000A04533E0C5F8E80F00072FD5D5F8184129
:105AA00028E02148443850F8340041001CD5C0F3A8
:105AB0000A06F61E40F2EA518E4215D81F490842E6
:105AC00012D146F0004000F0FFFB68B1164A011DFC
:105AD000643AF61C52F83420B30803D040CA5B1E67
:105AE00040C1FBD102F056FD641C042C00D10024FF
:105AF000C5F81841D5F81401A042D2D1D5F8E00F6D
:105B0000D5F8E41F0840C5D170BD000000C00920D1
:105B10007C240010C4C00F400501155000C0024095
:105B2000905C002000C0072024FF0720FF050080B4
:105B30002417082000E100E080E100E00000901B55
:105B40000748016C21F4007101644FF48071816594
:105B500000BF00BF00BFC16500BF00BF00BF7047EE
:105B600000C0092040EA01039B0703D009E008C9EF
:105B7000121F08C0042AFAD203E011F8013B00F812
:105B8000013B521EF9D2704710B5002200E0521CB2
:105B9000835C8C5CA34201D1002BF8D1D8B2E1B276
:105BA000401A10BD70B5064600F038F90468054685
:105BB0000A220021304600F018F82C6070BD30B584
:105BC0000B46014600202022012409E021FA02F5BB
:105BD0009D4205D303FA02F5491B04FA02F5284455
:105BE000151EA2F10102F1DC30BD2DE9F0470F4690
:105BF000914680460446002614F8015B2DB100F062
:105C00003FF80068405DC007F6D12B2D02D02D2D46
:105C100018D0641E4A463946204600F035F827B1B0
:105C20003968A14201D1C7F8008071054FF0020424
:105C30000BD54042002803DD00F0F0F80460A00717
:105C4000BDE8F08746F48066E4E70028F8DA00F063
:105C5000E5F804606FF00040F2E70000064C074DE5
:105C600006E0E06840F0010394E80700984710342C
:105C7000AC42F6D3EAF72EFAF8A7010038A80100E3
:105C80000048704770A701002DE9F05F8246044686
:105C900000780027641C8B461546B946302801D091
:105CA0009DB113E014F8010B0127782803D0582880
:105CB00001D045B10AE00DB1102D07D10027102504
:105CC00014F8010B02E0082500E00A250026B04682
:105CD0000FE005FB080005FB06F101EB104601276C
:105CE00080B28046B6F5803F01D30120814614F88A
:105CF000010B294600F017F80028EADABBF1000F83
:105D000004D0641E07B95446CBF80040B9F1000F27
:105D100006D000F083F802210160C81EBDE8F09FA4
:105D200048EA0640FAE73A2800D2303820F020024C
:105D3000412A01D3A2F137004FF0FF32884200D24E
:105D400002461046704770B501EB020410F8015B83
:105D500015F0070301D110F8013B2A1106D110F804
:105D6000012B03E010F8016B01F8016B5B1EF9D108
:105D70002B0705D40023521E0FD401F8013BFAE78C
:105D800010F8013B02F10202A1EB030303E013F858
:105D9000015B01F8015B521EF9D5A142D6D3002068
:105DA00070BD00B5002200F007F8C04380B20102C8
:105DB00041EA102080B200BD05E000BF30F8023B90
:105DC000891E5BBA1A440129F8DC11B1007802EB94
:105DD000002290B200EB124000EB104080B27047FE
:105DE000084400EB104080B27047010241EA1020E5
:105DF00080B270470FB4084B10B504A902AA0398EB
:105E000000F020F8044602A9002000F0E1F9204645
:105E100010BC5DF814FB0000D16101000048704720
:105E200048E1072002E008C8121F08C1002AFAD181
:105E300070477047002001E001C1121F002AFBD10A
:105E4000704700002DE9FF4F8DB0054688460026BB
:105E500089E125287AD100246D1CC74AA146A346B2
:105E600001212B78203B01FA03F0104202D00443B9
:105E70006D1CF6E728782A2810D06FF02F022878BA
:105E8000A0F13001092918D809EB890102EB410181
:105E9000084444F0020481466D1CF0E7D8F8001075
:105EA00008F10400B1F10009804603DA484244F4E5
:105EB0000054814644F002046D1C28782E281BD122
:105EC00015F8010F44F004042A280ED06FF02F02B9
:105ED0002878A0F1300109290ED80BEB8B0102EBD9
:105EE0004101084483466D1CF2E7D8F8001008F120
:105EF00004008B4680466D1C28786C280FD006DC89
:105F00004C2817D068280DD06A2814D104E07428D2
:105F100010D07A280FD10DE044F400140AE044F4C4
:105F2000801401E044F440146978814202D16D1C70
:105F300004F580146D1C2878692874D007DC0028CB
:105F400070D0632829D0642807D16CE005E06E2862
:105F500008D0732830D075287BD0DDE90F12904728
:105F6000761CFFE0C4F3025002280AD003280ED0AA
:105F7000D8F8001004280ED00E6008F10400804606
:105F8000F0E0D8F80010F217C1E90062F5E7D8F8A0
:105F900000100E80F1E70E70EFE7D8F8001008F15E
:105FA000040080468DF800104FF000008DF80100CD
:105FB000EA464FF0010007E0D8F8001008F10400AD
:105FC00080468A464FF0FF3061074FF0000701D44A
:105FD0000AE07F1C5F450DDA8742FADB1AF80710EA
:105FE0000029F6D106E07F1C8742FCDB1AF8071077
:105FF0000029F8D1DDE90F23A9EB070081462146EE
:1060000000F0CFF83044C61907E09AF800000AF112
:1060100001018A46DDE90F1290477F1EF5D2214625
:1060200048469AE0A3E00A20074608F10401D8F8A0
:1060300000008846C4F30251032900D100B20429AC
:1060400000D140B2002805DAC0F100004FF02D0168
:1060500003E00EE0210504D52B218DF82C10012141
:1060600003E0E10714D02021F7E7099108A98A4647
:1060700019E00A20074608F10401D8F80000884614
:10608000C4F30251032900D180B2042900D1C0B267
:106090000021EAE73946FFF792FD01F13002AAF14B
:1060A00001018A460A700028F4D1ADEB0A0000F124
:1060B00020000890600702D524F4803401E001201C
:1060C0008346089A00205946934501DDA1EB020062
:1060D000834600EB020109980144A9EB01000A90F4
:1060E000E00306D4DDE90F2321460A9800F059F8B1
:1060F000064400270DF12C0906E0DDE90F1219F81E
:1061000007009047761C7F1C09988742F5DBE00367
:106110000CD5DDE90F2321460A9800F042F8064429
:1061200004E0DDE90F1230209047761CBBF100013E
:10613000ABF101008346F4DC08E09AF800000AF1B4
:1061400001018A46DDE90F129047761C0899481E26
:1061500008900029F1DC0A982146DDE90F2300F0C0
:106160000DF806446D1C287800287FF472AE11B03B
:106170003046BDE8F08F0000092801002DE9F0410C
:106180000446002517461E46880405D406E0394615
:106190002020B04705F10105641EF8D52846BDE86A
:1061A000F0812DE9F04104460025302790461E4637
:1061B000C80300D42027880405D506E041463846A8
:1061C000B04705F10105641EF8D52846BDE8F08109
:1061D0000A68531C0B6010707047000070B50D46C4
:1061E00009890E18374902EB420001EBC004302048
:1061F00030706078A11C001D70700620B07060784F
:10620000F0706278301D01F0CBFD6078001DA88031
:10621000811CE980217801F07F01297031542878B0
:10622000402813D006DC022818D0042809D00628FC
:1062300027D10BE0412833D0422831D0432820D148
:106240002EE02069EAF752F882B200E0E27B6A8031
:10625000E8882169304401F0A3FD12E0E07B0022D0
:10626000012802D0022821D103E0206990F9002002
:1062700002E02069B0F900202946304602F024FCF3
:106280006880AA88701C69881154707869880844ED
:106290007070E88869882A8908441044288170BD94
:1062A000E07B0022012806D0022807D00428E3D191
:1062B00020690268E0E720690278DDE7206902884A
:1062C000DAE70000D00400102DE9F0470027DFF8DE
:1062D000909000280CDA2349D9F8002020F00040E3
:1062E0000968024401EB4101B2EB910F18D8012774
:1062F00005460F3020F003060FB9FFF7A2FB1A4C3A
:10630000D4E90002011B891AB1420CD2044600688C
:106310000028F5D127B9FFF78FFB0020E9F7EEFE43
:106320000020BDE8F08772B110192168016020607B
:1063300000F10808C0F80460D9F800103144C9F829
:10634000001027B105E004F108086660F4E7FFF7E4
:1063500073FBA8F800500020A8F802004046E0E7D0
:1063600044E10720C4990100982400102DE9F0476A
:106370000746894690460026284C294D0BE0207898
:1063800038B10422394604F10A0001F0F9FC012871
:1063900035D00E34761C28888642F0DB21493846F9
:1063A00001F0A8FCD0B91F4804220021001D01F013
:1063B0000DFD10B10020BDE8F0870026174C0AE063
:1063C000207830B106224946201D01F0D9FC012871
:1063D0001AD00E34761C28888642F1DB404600F045
:1063E00027F80028E7D00D49C0EBC00001EB4004BE
:1063F0000E3C0422394604F10A0001F0D1FC0622C9
:106400004946201D01F0CCFC07480088E070074891
:106410000078A070032020700120CCE760E1072005
:10642000CA990100A4290820CC990100CE99010045
:10643000F0B50546012116480E46164A03E00378DA
:1064400053B10E30491C13889942F8DD1248104BA5
:106450000488002001210DE0067045700846F0BD5B
:106460005F78012F04D1DF78A74201D83C46084667
:106470000E33491C1788B942F2DD0028EFD0044AD8
:10648000C0EBC00102EB410101F80E6D4D70F0BD93
:1064900060E10720CA990100CC9901002DE9F0477D
:1064A00081460F4600253D4C3D4E0BE0207838B12B
:1064B0000422494604F10A0001F062FC012815D0CB
:1064C0000E346D1C30888542F0DB3649484601F0B9
:1064D00011FCDFF8C880334D01284FF0040209D0C9
:1064E0000021281D01F072FCE8BB1DE02078032884
:1064F0004ED350E04946281D01F042FC012806D148
:1065000004220021281D01F061FC00B90027384653
:10651000FFF78EFF06003CD0C6EBC60108EB410436
:106520000E3C042249461DE000271C4C0BE020785D
:1065300038B10422291D04F10A0001F021FC0128D0
:10654000D4D00E347F1C30888742F0DB0020FFF768
:106550006FFF06001DD0C6EBC60108EB41040E3CE0
:106560000422291D00E013E004F10A0001F018FCE8
:1065700006220D49201D01F013FC0C480078A07084
:106580000B480078E070304600F012F902202070CD
:106590000020BDE8F0872046FBE7000060E107200F
:1065A000CA990100A429082072A30100CE99010014
:1065B000CF9901002DE9F0470026DFF8D480DFF8FD
:1065C000D490B246344F5DE0B9F80050691C89B2EE
:1065D000A9F800103A88914201D3A9F800A02F49E8
:1065E000C5EBC50001EB40042078C8B3E07820B1CA
:1065F000401E10F0FF00E07043D1607801280AD1FE
:106600000422274904F10A0001F0BAFB012806D050
:106610006078012818D010F0FF0F02D031E084F824
:1066200001A004221F4904F10A0001F0A9FB01287E
:1066300017D02078032818D0A07800B3401E10F09F
:10664000FF00A0701BD012E02078032817D0A0789C
:10665000A8B1401E10F0FF00A07010D0022005E08D
:106660000FE011480088E0700BE00420207098F8DB
:106670000000E070681CBDE8F04700F099B884F8AD
:1066800000A0761C388886429EDBBDE8F0870000BB
:10669000CF99010090240010CA99010060E1072001
:1066A000A829082078A30100CC9901002DE9F04128
:1066B00006460025134C00F10E08134F0DE020781C
:1066C00048B1012807D0042204F10A01404601F034
:1066D00057FB012806D00E346D1C38888542EEDB4E
:1066E000BDE8F081062206F10801201D01F058FBEB
:1066F00006480088E07006480078A07003202070EB
:10670000EEE7000060E10720CA990100CC99010082
:10671000CE9901002DE9F04105460E462A20FFF7EB
:10672000D3FD044605F1080106220F46001D01F0C5
:1067300037FB06221C4904F10A0001F031FB4FF43B
:10674000C16020824FF4807060820820A082062001
:10675000A0750420E075268304F124000622394642
:10676000064601F01DFB05F10E0104F12A0004228A
:10677000054601F015FB06220B4904F11A0001F051
:106780000FFB0422094904F1200001F009FB01225A
:1067900031462846FFF7EAFD2046FFF757F9204625
:1067A000BDE8F04100F004BA00C00720A429082089
:1067B00070B505462A20FFF787FD044606222349C7
:1067C000001D01F0EDFA0622214904F10A0001F052
:1067D000E7FA4FF4C16020824FF480716182082093
:1067E000A0820620A0750420E075218306221849A6
:1067F00004F11A0001F0D4FA0422164904F1200031
:1068000001F0CEFA4FF0060265B1002104F1240038
:1068100001F0D4FA1049C5EBC50001EB4001042298
:10682000091F06E0094904F1240001F0B9FA0949F9
:10683000042204F12A0001F0B3FA2046FFF706F91A
:106840002046BDE8704000F0B3B9000072A301001B
:1068500000C00720A429082060E10720F0B500232C
:106860001D461C4600268A5DA2F14107192F01D85A
:106870003A4618E0A2F16107192F01D8473A12E011
:10688000A2F13007092F01D8121D0CE02B2A04D0E9
:106890002F2A04D03D2A04D013E03E2203E03F22F9
:1068A00001E000226D1C761C42EA8313042EDAD329
:1068B0001A0C02701A0A42708370E41CC01C091D75
:1068C00015B1641B15B103E0392CCBD30021017045
:1068D0002046F0BD10B58A880C891346E31A9BB296
:1068E000921E4B80802B02D28418637011E0FF2B24
:1068F00006D8521E812483185C704C889C7008E076
:10690000921E831882245C704C88240A9C704C88E8
:10691000DC700B7883548A8010BD0020704770476C
:1069200070470020704700002DE9F04705460846F3
:106930006979072978D200EB0208040075D04FF07E
:1069400000094CA100F0CCF8012806D04DA120464A
:1069500000F0C6F801286AD072E00E344EA120463D
:1069600002F074FA012809D054A1204602F06EFA10
:106970000128264621D0A8F101073CE0687940F0C3
:1069800001005CE052A102F061FA012815D1342027
:10699000FFF79AFC342206F10901686200F079FFE2
:1069A0006A6A801E02F80090E880687940F0010071
:1069B0006871688840F4007034E04146304600F069
:1069C00053F90600DED13BE030783B2808D00D2893
:1069D00036D00A2834D02F2806D02B2804D009E03E
:1069E000707820282CD005E03CA1701C02F02EFA13
:1069F000012803D0761CBE42E6D321E04020FFF7F9
:106A000063FC40222146686200F043FF6A6A801EF0
:106A100002F80090E880687940F0010068716888A9
:106A200040F4006068800BE021E01FE0FFE71034D5
:106A30002046FFF7B7F8A860687940F00200687157
:106A40004146204600F0FCF808B1044679E720787A
:106A50000D280BD160780A2808D1687940F004002D
:106A60006871072802D1A01C404500D30020BDE872
:106A7000F0870000436F6E74656E742D54797065F5
:106A80003A200000436F6E74656E742D4C656E671E
:106A900074683A20000000006170706C6963617472
:106AA000696F6E2F782D7777772D666F726D2D75E4
:106AB000726C656E636F6465640000006D756C7464
:106AC00069706172742F666F726D2D6461746100FC
:106AD000626F756E646172793D000000786D6C00C4
:106AE00010B5DF220BE004785C40144201D0002096
:106AF00010BDFF222D2B00D1DF22401C491C0B783A
:106B0000002BF0D1012010BD06220249001D01F02A
:106B100037B9000000C0072070B5044600F1220517
:106B2000204E04222049284601F02AF938BB0422CD
:106B3000002104F11E0001F049F908B1002070BDE8
:106B400028780E21B1EB101F0ED1012020710020FA
:106B500060715E20A071687800F07F00E071A87815
:106B60002072E87860720FE0284601F0D5F830B95D
:106B700001212846FFF792FC0028E0D0061D0622DE
:106B80003146201D01F00CF90622084904F10A00E3
:106B900001F006F9082020822046FEF757FF012069
:106BA00070BD000072A3010078A3010000C007209F
:106BB00070B500282AD0A0F10806154C0025FEF774
:106BC00040FF09E0254624682068800703D0FEF7CF
:106BD00033FF022010E064B1B442F3D10D48616884
:106BE0000B4B0268511A01609C4209D10020606081
:106BF00008E0FEF721FF0120BDE87040E9F77EBA0A
:106C000020682860BDE87040FEF716BF70BD000028
:106C10009824001044E1072010B50346074C0846AD
:106C200000224FEA036301464FEA4000594000D575
:106C300060405B00521C082AF5D310BDB71DC1048B
:106C40000246491E06E003780D2B02D143780A2B39
:106C500002D0401C8842F6D3904201D0884201D134
:106C600000207047801C70470246491E07E00378E9
:106C70003B2B0CD00D2B08D00A2B06D0401C884291
:106C8000F5D3904201D0884205D100207047437867
:106C9000202BF6D0F2E7801C704701784278090675
:106CA00041EA02418278C07841EA022108437047F4
:106CB00010B50246CB880C7800201344022C03D177
:106CC0001A78120600D5401E0022498803E09C5C19
:106CD000521C44EA00209142F9DC10BD01207047AB
:106CE0002DE9F041067907460D46102E23D2DFE844
:106CF00006F008080A0C12121416181A1C220E1E8E
:106D0000200824A418E026A416E028A414E0FFF725
:106D100008FE040010D12CA40EE02EA40CE030A438
:106D20000AE033A408E035A406E037A404E03AA45E
:106D300002E041A400E046A44CA1284602F06EF80F
:106D40008046284454A102F069F8804405EB08000D
:106D5000214602F063F800EB0804012E15D00C2E3A
:106D600013D0F86948B128194FA102F057F804442C
:106D70002919F86902F096FD044428194EA102F081
:106D80004DF8204480B2BDE8F081281950A102F0EE
:106D900045F8F1E7746578742F68746D6C0D0A001E
:106DA000746578742F6373730D0A00006170706CE2
:106DB00069636174696F6E2F782D6A6176617363A0
:106DC000726970740D0A0000746578742F786D6CA8
:106DD0000D0A0000696D6167652F6769660D0A001D
:106DE000696D6167652F6A7065670D0A00000000B4
:106DF000696D6167652F626D700D0A00696D61676D
:106E0000652F706E670D0A00696D6167652F782DBB
:106E100069636F6E0D0A00006170706C6963617464
:106E2000696F6E2F782D73696C7665726C6967680F
:106E3000742D6170700D0A006170706C696361740B
:106E4000696F6E2F78616D6C2B786D6C0D0A000088
:106E50006170706C69636174696F6E2F6F637465C4
:106E6000742D73747265616D0D0A0000485454509E
:106E70002F312E3120323030204F4B0D0A536572A6
:106E80007665723A204B65696C2D455745422F3225
:106E90002E310D0A00000000436F6E74656E742D74
:106EA000547970653A2000004C6173742D4D6F6405
:106EB00069666965643A2000436F6E6E6563746944
:106EC0006F6E3A20636C6F73650D0A0D0A00000047
:106ED00043616368652D436F6E74726F6C3A206E08
:106EE0006F2D63616368650D0A0000002DE9F041B4
:106EF0004FF4987704460E46B94233D0A6F5807019
:106F0000913831D0032831D027A1204601F086FFE7
:106F1000054620442CA101F081FF0544BE4217D054
:106F200060192FA101F07AFF0544A6F58070913811
:106F30000ED1601931A101F071FF05446019384983
:106F400001F06CFF0544601936A101F067FF0544AC
:106F5000601935A101F062FF0544BE4208D1A8B214
:106F6000BDE8F08136A1D0E73CA1CEE742A1CCE755
:106F70006019484901F052FFA6F580760544913E1C
:106F80000DD0032E0DD04449601901F047FF054490
:106F90006019424901F042FF284480B2E0E74049CD
:106FA000F2E74049F0E70000485454502F312E31A9
:106FB00020353031204E6F7420496D706C656D65E1
:106FC0006E7465640D0A00005365727665723A202E
:106FD0004B65696C2D455745422F322E310D0A0005
:106FE000436F6E74656E742D747970653A207465A4
:106FF00078742F68746D6C0D0A0000005757572D78
:1070000041757468656E7469636174653A204261A4
:10701000736963207265616C6D3D20220000000081
:10702000E4990100220D0A00436F6E6E6563746976
:107030006F6E3A20636C6F73650D0A0D0A000000D5
:10704000485454502F312E3120333034204E6F7439
:10705000204D6F6469666965640D0A004854545098
:107060002F312E312034303120556E617574686FA8
:1070700072697A65640D0A00485454502F312E31DC
:1070800020343034204E6F7420466F756E640D0AC4
:107090000000000088A4010035A40100C3A4010081
:1070A0007CA30100DAA301007047002070470000B4
:1070B00070B504460078202804D1002070BD641CFF
:1070C0002E2805D0207830F02001F8D10B2070BD9B
:1070D0000A4E002505EB450006EB4001204601F075
:1070E000B5FE012803D06D1C102DF3D3EEE705EBA0
:1070F000450006EB4000407970BD000012A301007E
:1071000000207047002070470020704770B50025B0
:10711000044605704088400602D5E06AFFF7C4FFC8
:107120006088000602D5A06AFFF7BEFF6088C00530
:1071300004D5002211460320FFF7F1FB608800050B
:1071400004D5002211460420FFF7E9FB206A10B1A4
:10715000FFF72EFD2562606A10B1FFF729FD656219
:10716000E5602561A582658070BD00002DE9F05FB6
:10717000044615461E4600208246884A884B17E082
:1071800000EB400702EB071700F101007F78A742F0
:107190000ED110F0FF0736D007EB470002EB0014CA
:1071A000303C06292FD2DFE801F007161212181F13
:1071B0001F78B842E4DB26E0207808B9022020706E
:1071C00031462846FFF78AFD00281DD0E3E020461F
:1071D000FFF79CFFDFE003204CE0A18A2069084410
:1071E0002061A4F814A0D6E0052E0CD92078DFF891
:1071F000B4914FF0090B05EB0608032806D00828C8
:107200007ED009287DD00020BDE8F09F66A12846E9
:1072100001F01CFE01280DD065A1284601F016FEE4
:10722000012829D064A1284601F010FE012845D08C
:107230000A201FE06088324640F480606080294662
:10724000204600F059F92078072814D020223F2149
:10725000A81D00F011FB08B180F800A0AD1D284664
:10726000FFF726FF20712946204600F0A9F80120EB
:10727000E06065E020708EE032462946204600F04E
:107280003BF92078072876D020223F21681D00F0A6
:10729000F3FA060008D089F80070701CC9F8048061
:1072A000FFF73EFB86F800A06D1D2846FFF700FFA4
:1072B00020712946204600F083F835E03246294601
:1072C000204600F019F92078072864D084F805A03A
:1072D000324629462046FFF727FB06004FF0080AF2
:1072E0000BD0608880050AD489F8007031462046AA
:1072F000C9F8048000F048FA08B984F800A001E059
:1073000020E039E0A81DFFF7D3FE2071A91D20461B
:1073100000F056F8207808283DD06088800503D515
:1073200084F800B03EB328E06088C00708D0782019
:10733000FEF7CAFF2062204601F042F9052099E7D6
:10734000042097E7324629462046FFF7EDFA06006B
:1073500021D06088800502D584F800B00DE089F85E
:10736000007031462046C9F8048000F00DFA00286C
:107370003FF44AAFD8E70EE02E4689F80070A8EB3C
:107380000601C9F80480A9F802103146204600F031
:107390004FF90028C8D1012036E70000D46400105E
:1073A000DF99010034E1072048454144202F0000C7
:1073B000474554202F000000504F5354202F000009
:1073C0002DE9F0410446087800270D46202801D118
:1073D00041A501277820FEF777FFDFF808810646F0
:1073E0000020295C3154295C31B1202904D00D29B9
:1073F00002D0401C7728F4D3002131543046FFF7E7
:1074000081FE10B36188CA0704D12279012A0BD00A
:107410000C2A09D041F040016180E0624FF0004049
:10742000E060C80704D04CE041F08101618036E0A3
:107430003046FFF765FE30B1E169814203D16188D2
:1074400041F010016180E0613BE0304601F0F1FC69
:1074500002460020414602E0934205D0401C51F80C
:107460003030002BF8D126E02BB36188CA0704D155
:107470002279012A0DD00C2A0BD008EBC000CB07D3
:107480004268E262C2684068A2EB0000E06008D097
:1074900017E041F0010108EBC00061804068A06284
:1074A0000FE01148E26903689A4202D141F01001ED
:1074B00061800068C7E7012F08D0608840F00400B1
:1074C00060803046BDE8F041FFF772BB012007A5A0
:1074D0002071002784E70000696E6465782E687467
:1074E0006D000000DCA601004CA50100696E64651A
:1074F000782E6367690000002DE9F0470646408852
:10750000072592460F46400500D5012535480078ED
:1075100008B925F001054FF000080C464FF00709A7
:10752000C6F81C8055E0E80705D02FA12046FFF7DC
:10753000D7FA012810D0A80705D531A12046FFF7BA
:10754000CFFA012825D068073DD532A12046FFF7A4
:10755000C7FA012830D036E0153425F00105214660
:107560002046FFF77BF93049204601F06FFC0128E7
:107570000CD12D48E8F7BAFE044420783A2805D10A
:10758000601C04462949FEF7FFFAE0B186F8009036
:1075900019E0113425F0020500203218215C9175A4
:1075A000215C2C2904D00D2902D0401C0528F4D3DD
:1075B000304480F8168006E0133425F00405204698
:1075C00000F076F9F06107EB0A012046FFF738FB7F
:1075D00004460CB1002DA6D1E80701D086F8009032
:1075E000BDE8F087E0990100417574686F72697AAF
:1075F0006174696F6E3A2042617369632000000014
:107600004163636570742D4C616E67756167653A9F
:107610002000000049662D4D6F6469666965642D20
:1076200053696E63653A2000F89901004CE1072028
:107630002DE9F04105464079494E0C46C00652D42A
:107640007088E988884279D9421A2146686A01F02F
:107650000DFA002870D0E988001D0C187ED041A1D9
:107660002046FFF73DFA01280FD1153427460AE0DE
:1076700042A1384601F0EAFB01280DD03846716876
:10768000FFF7F2FA0746002FF2D120467168FFF7A4
:10769000D7FAD0B10446E2E70A370A222221384657
:1076A00000F0EAF80028F0D000210170C01B82B27F
:1076B00039460120FFF733F9688840F4807068800C
:1076C000687940F020006871DFE720780D2845D107
:1076D00060780A2842D16879A41C40F010006871D3
:1076E0007068A0423AD96979C1F30110032835D1F5
:1076F0007088AA684906A2EB0001A9600FD4E98846
:1077000088421CD9421A2146686A01F0AFF9B0B12B
:10771000801E001B82B221460220FFF700F9A868F4
:1077200004281BD2002211460320FFF7F8F86888CE
:1077300020F4807068800120BDE8F0810EE0EA88C6
:10774000A968706802F108039942E2D2511A401AFE
:107750006979083841F040016971DAE70020EBE708
:1077600034E10720436F6E74656E742D4469737045
:107770006F736974696F6E3A2000000066696C650A
:107780006E616D653D2200002DE9F041384D0446E3
:107790000F4668684FF00006A0EB010082B26A80D5
:1077A0006188607909051CD5010706D4A16891425A
:1077B0000ED940F0080060712661206910442061F4
:1077C000A168884204D239460520FFF7A8F840E0B6
:1077D00039460420FFF7A3F8608820F40060608039
:1077E00043E000071FD4A068904204D83946002027
:1077F000FFF795F83AE01F4980B2E0800A68B0EBE5
:10780000920F01D99008E08080B2FEF75DFD6062C2
:107810006A88394600F0C4FA68882061607940F0CF
:107820000800607115E0E088216981420AD2401A9F
:10783000824200D21046626A531802463946184600
:1078400000F0AEFA6988206908442061A168884286
:1078500002D20020BDE8F081E2880020616AFFF7D3
:107860005EF8606AFFF7A4F9666226610120F1E71D
:1078700034E10720C499010005E0934207D00D2BA5
:1078800005D023B1401C03788B42F6D1704700200D
:10789000704710B5002307E00C783CB15B1C047006
:1078A0000A2C03D0401C491C9342F5D398B210BD5A
:1078B0002DE9F04704460C30FEF774F9A0F2B275DA
:1078C000872D29D840F26D106843691CDFF8848049
:1078D00000EB9107002604F1080900BF08EB8601C0
:1078E000484601F0B3FA012802D0761C0C2EF5D3DD
:1078F0000C2E11D017484C30012E30F816000744DA
:1079000004D9A807B0F1004000D17F1C601DFEF72C
:1079100049F9401E1E2802D90020BDE8F0873D1815
:1079200004F11100FEF73EF905EB450100EBC1053E
:1079300004F11400FEF736F9C5EB051100EB8105E3
:1079400004F11700FEF72EF9C5EB051100EB8100DD
:10795000E3E70000AEA20100002800DAC0434000C7
:1079600001F096BF10B5FEF76CF800F06DF807480F
:1079700000213C22818006490988C18005490648CA
:1079800000F00EFABDE81040E8F7B9BB88240010FB
:10799000C899010084990100A429082030B500216C
:1079A00006480B460124064A03E0037044700E307B
:1079B000491C1588A942F8DB30BD000060E10720B2
:1079C000CA99010010B5FEF73CF8FDF73DFFFFF73F
:1079D000E5FF0448002101604160BDE81040FEF76A
:1079E0002BB800003CE107202DE9F0410126114CA5
:1079F0000025114F19E0E5602561A58265801048DA
:107A00002562656202880D4B0021052001F0A2FA73
:107A100060700121217030B10A49098801F0DEFA55
:107A2000012800D125703034761C38788642E2DD9A
:107A3000BDE8F081D4640010DF9901006D71010090
:107A4000DC990100E29901000649054809684218DD
:107A5000121F0021026011604160034801607047FD
:107A600098240010C499010044E1072070B5104C1F
:107A70001048002565700178C90701D001216170A7
:107A800000780D494008A0700948093001F0C6F996
:107A900020720A4A0321002001F012FE207018B162
:107AA0000749098801F030FE0648056070BD0000F6
:107AB000CC710010009A010006C00720018B010064
:107AC000FE99010084240010034802782C204243D0
:107AD0000021024800F072B9D1990100ECE10720C1
:107AE0000448007800EB400082000021024800F0CA
:107AF00065B90000D099010098640010F8B50446FB
:107B00000F46808AFEF771F9054621880E308142C2
:107B100045D3A07C0421B1EB101F40D1264907EBCF
:107B2000870001EB800104F122000422064600F0E8
:107B300027F958BB04222149304600F021F928BB1F
:107B40006FBB31780E223046B2EB111F04D1E8F73B
:107B5000F9FA012815D00EE004223146684600F0FB
:107B60001FF915480099026880684A40024202D114
:107B70000843401C05D02046FEF7C6FF78B1E07EE2
:107B800002E0E07E022801D0112808D104F11200A1
:107B900000F016F818B9208B30F0C00001D000209A
:107BA000F8BDA07C0007800E00F10E016180281A4C
:107BB00020800120F8BD0000A429082078A301003E
:107BC00001780907890EFEF7ECB800002DE9F041B5
:107BD000214C8046214F2078C0070AD020494046DA
:107BE00000F088F840BB0422FF21404600F0EEF888
:107BF00010BB1B4D20781435800704D5294640461C
:107C000000F078F800BB164E20782836400704D5DF
:107C10003146404600F06EF8D0B92078800702D592
:107C20002078000710D42078400702D52078C006BD
:107C30000ED42078C00704D0002038700848BDE872
:107C4000F0812078800703D5012038702846F6E7B8
:107C5000022038703046F2E7C099010092240010EB
:107C6000A42908202DE9F0410446DDF818800F46CC
:107C70001646012A08D0022E06D0062E04D0112E58
:107C800002D00020BDE8F081194D45216888401CD4
:107C900068802088A174143080B2E374FEF7A5F8E0
:107CA000A0826888FEF7A1F8E0820020208384F893
:107CB0001A80E676A0833846FFF788FF0146042243
:107CC00004F11E0000F06CF80422394604F1220091
:107CD00000F066F804F11200FFF772FFA08320881D
:107CE0002230208029782046BDE8F041E8F725BA07
:107CF0009224001018B50C4601460422684600F094
:107D00004FF8206800994840A168084201D000203F
:107D100018BD012018BD000038B5044601460422F4
:107D2000684600F03DF80648826800980243521CFD
:107D300001D0002038BD02492046FFF7DBFF38BDE7
:107D4000A42908200C4800218278012A04D001705F
:107D500080F80110E8F7E2B9817081880122491C9E
:107D60008BB28380C1888B4204D1044B1B88194499
:107D7000C18042700270EDE788240010C8990100AC
:107D800010B508E003780C78A34201D0002010BDA4
:107D9000401C491C521E002AF4D1012010BD0000D5
:107DA00030B5134606E000BF054611F8014B401CF4
:107DB0002C705B1E002BF7D1104630BD03E000BFD6
:107DC00000F8011B521E002AFAD170473AB103781D
:107DD0008B4201D000207047401C521EF6E7012064
:107DE000704700002DE9F04781460D461A4C0026E9
:107DF0001A4FDFF86C8029E06A886078824223D8C5
:107E0000E988A01C4944FFF7BBFFE8B198F80300DC
:107E10006178A128688802D0884215D30DE0884295
:107E200004D13968761C8E4213D0183461788142AF
:107E300003D9081AA9890844A881A889E17B0844C4
:107E4000A8813046BDE8F0871834761C3868864231
:107E5000D2DB4FF0FF30F5E7D004001098A001000E
:107E6000CC71001070B51E4B02EB420203EBC20452
:107E70000A78412A0BD006DC022A08D0042A1DD039
:107E8000402A2AD116E0422A01D0432A25D1FEF702
:107E90000FFFE17B012904D0022905D004291CD160
:107EA00005E02169087016E02169088013E0216966
:107EB000086010E04A88042A07D00EE04A88E37B75
:107EC0009A420AD825690023AB544A88C9880144DC
:107ED0002069FFF765FF012070BD002070BD000024
:107EE000D004001070B50A898A8002EB000302F109
:107EF00002001D7886B20D70CE80587802060FD52C
:107F000000F07F04042C1FDC3019C88000200246DA
:107F100004E006029818521C80783043A242F8DB35
:107F2000CB884C891A18A2420EDC48800B81302D78
:107F300006D0A02D04D0A12D02D0A32D00D00A81FF
:107F4000487818B1A84201D0002070BD012070BD52
:107F50007047000070B501882A2941D3418A4FF447
:107F6000807399423CD1818A082939D1817D0629C3
:107F700036D1C17D042933D1028B00F11204B2F550
:107F8000806F2DD00ADC4FF4007500F12A009A4270
:107F900017D0AA4224D10422124909E024304FF418
:107FA0001065B2F5006F0FD0AA4219D106220E4912
:107FB000FFF7E6FE002813D02046BDE87040FEF72C
:107FC00075BB0422074901E006220749FFF7D8FEE6
:107FD000002805D029462046BDE87040FEF79ABB30
:107FE00070BD0000A429082000C0072070472DE9BB
:107FF000F84304464188001D0E182588304629465E
:10800000FDF7CFFE28B9307848B3082801D1707841
:1080100010B10020BDE8F88305F12200FEF754F905
:1080200000F12607002139707970018580462A1FEA
:10803000311D381DFFF7B4FE29463846FDF7B1FE65
:108040007880A8F800508023009340460023012246
:1080500004F11E01FFF706FE4046FEF7A9FD0120D0
:10806000D8E700002DE9F05F428800F1040B02EB35
:108070000B050646287B6FF0030101EA90001428E7
:108080007ED3318881427BD30244081A1FFA80F8DC
:10809000728006F11201284600F0DEFF5FEA000A56
:1080A00006F11E076DD000220421381DFDF784FE65
:1080B000024604213846FDF77FFE0146F07EFDF7BB
:1080C0008FFE01463088FDF78BFE02463188284638
:1080D000FDF772FEC0430004000C51D10AEB4A01C7
:1080E00001EBCA00F9494FF0100901EB800414F8C4
:1080F0002C0D0B2879D2DFE800F04444C4F9F7F6E0
:10810000F5F4F3F20600687B410704D5A07840F04F
:108110000800A070CEE1810713D5C00630D5281D18
:10812000FEF7BBFDA169401C884229D105F108007A
:10813000FEF7B3FD6169884222D100BF84F8229026
:10814000B0E1D4E9041291423FD0C00618D505F140
:1081500008000746FEF7A1FD01466069814215D17E
:1081600020610021204601F059FAA078221D40F03C
:108170000800A070A76A238904215046B84701E08F
:108180007DE0CCE0A07820F008001DE0A07840075A
:108190001BD53846FEF781FD01466069001F81420C
:1081A00013D12061676A042238883918363107F103
:1081B0003A00FFF7F5FD3A21384600F051FA042065
:1081C0003880A07820F00400A070281DFEF765FD1F
:1081D000A16988420AD0281DFEF75FFDA169401CF5
:1081E0008842ABD1A08BE083A8E76AE1A178B8F11F
:1081F000000F41F00800A0700DD0E08958B17188DF
:10820000A66A01EB0B02434605215046B047A1691F
:1082100001EB0800A061687BC00717D0D4E9040116
:10822000884213D1221DA56A238902215046A847FE
:10823000A069401CA0616069401C6061112084F845
:108240002200504601F01EF908211BE1A178B8F187
:10825000000F21F00800A0700FD084F82290607801
:10826000000707D5E089404502D9A0EB080000E0EF
:108270000020E081504601F005F9A08BE083BDE8C5
:10828000F09F687B410701D50221FBE0C10601D4C4
:10829000800704D43946284601F080F9F4E7221D0E
:1082A000A66A238900215046B047C0B329465046EC
:1082B00001F02EF800F088FE2061401C6061281D4E
:1082C000FEF7EBFC401CA061122084F8220050460F
:1082D00001F0D8F8A07820F00100A07053E0E6E0AB
:1082E000BDE0A3E08FE062E036E0FFE7687B410796
:1082F0007AD4C10714D005F10800FEF7CEFC6169FD
:108300008842BCD1281DFEF7C8FC401CA0616069F2
:10831000206184F82290504601F0B4F811E040E06A
:10832000C10616D505F10800FEF7B7FC6169884261
:10833000A5D1281DFEF7B1FCA16988429FD16069D3
:108340002061221DA56A238901215046A8470A21E0
:1083500098E0800793D424E0687B410744D4122638
:1083600036EA000111D080071BD52946504600F09F
:10837000CFFF281DFEF791FC401CA06184F822600D
:10838000504601F07FF803217CE005F10800FEF77C
:1083900084FC61698842B4D12946504600F0B8FF98
:1083A000B0E739462846BDE8F05F01F0F7B8687BD2
:1083B00041077FD4C10718D005F108000646FEF733
:1083C0006CFC6169884205D03046FEF766FC216985
:1083D000884296D1281DFEF760FC404400F1010060
:1083E000A061606920611AE064E0C0067FF547AFD4
:1083F00005F10800FEF751FC01466069814297D102
:10840000062120613EE0687B410753D4C0073FF45A
:1084100036AF281DFEF741FC4044401CA06184F8A3
:108420002290504601F02EF809212BE0687B41078D
:1084300040D4C10609D505F10800FEF72EFC01461F
:1084400060698142A7D12061EEE7C007DFD0281D17
:10845000FEF723FC404400F10100A0616EE6687B5A
:10846000410727D4C10612D505F10800FEF715FC17
:108470000146606981428ED1206160780221C00787
:1084800000D101212046BDE8F05F01F0D1B8C0075E
:10849000BDD0281DFEF701FC4044401CA061112006
:1084A00084F822005046BDE8F05F00F0EBBF687B27
:1084B0004107CAD5221DA56A238903215046A84732
:1084C000DBE7BDE8F05F0520E7F718BEECE1072029
:1084D0002DE9F84305464188001D0C18A088FDF7DA
:1084E00084FC082848D30127284EDFF8A48047E001
:1084F0003078022842D16088FDF777FC7188884285
:108500003CD117F0FF0737D0717905F11E098907B3
:1085100024D5E08810B30022042105F12200FDF7E4
:108520004BFC024604214846FDF746FC0146E87E26
:10853000FDF756FC8046A088FDF757FC4146FDF745
:108540004FFC8046A088FDF750FC0146424620467D
:10855000FDF732FCC0430004000C0DD12088FDF76C
:1085600044FC024628884946083883B20093B5681F
:1085700004F108033846A847BDE8F8830C367F1C91
:1085800098F800008742B3DDF6E700009864001019
:10859000D0990100084A30B4D2E90034591C01F0E6
:1085A0001F01A14205D0054C44F82300116030BCE6
:1085B000704730BCFEF7FCBA3CE1072024290820B4
:1085C00070B5044640882E260025000623D5782263
:1085D000216AA06AFEF769FD0028206A0ED00078A3
:1085E0002328F4D020790C2814D1206AE7F77EFEE6
:1085F000216A421E8A5C0A2A04D00AE00670206AB8
:108600004570EFE70246921E401E8A5C0D2A00D19B
:10861000401E0D5470BDA06A226A0178012905D060
:10862000022905D0032905D0167070BD742102E01F
:10863000632100E069211170236A20220221401C7D
:108640005A700278042A06D3236A4E1C401C5A54DE
:108650003146772EF5D3226A5554A06270BD0000D2
:1086600070B50180A0F108040F31606821F00305A6
:10867000A8420CD9FDF7E5F96068411B044802687F
:10868000511A01606560BDE87040FDF7D5B970BD55
:1086900044E1072070B5FFF75BFC2748007801280C
:1086A00001D1FDF787FF2549D1E90020824241D061
:1086B000234A52F82040401C00F01F004860208AE6
:1086C000082806D0B0F5C16F2FD12046FFF742FC35
:1086D0002BE000212046FFF711FA10B304F11E0031
:1086E000042200210546FFF771FB28B9012204F19D
:1086F0000A012846FDF73AFEE07E012806D002284E
:1087000008D006280ED011280FD107E02046FFF729
:108710006EFC0AE02046FFF769FC06E02046E7F71A
:1087200008FD02E02046E7F706FD2046BDE8704060
:10873000FEF73EBA70BD0000892400103CE107201E
:10874000242908202DE9F05F002505274FF0010BB3
:10875000A946DFF8D882B64E3DE198F8001032788D
:108760004046914202D9594680F800B0C9B2B1489A
:1087700001EB410100EB011414F8300D0B2811D26C
:10878000DFE800F0061006101180FEFD1010FC005E
:10879000607800F003FC0228F1D2A74960780988CC
:1087A00000F01CFC11E16088410702D54FF4CA7546
:1087B00028E1C10602D54FF4987523E1A18A00296A
:1087C000F0D1D4E903128A4216D3C1070DD0410675
:1087D00005D520F040006080E06AFEF765FC204689
:1087E000FFF7EEFE2770BDE8F09F607800F068FBB1
:1087F0002046FEF78BFCD2E0607800F07DFC054659
:1088000000F0A0FB82466088002681070AD440F071
:108810000200608051462046FEF762FA06466088F4
:1088200040057ED461880AEB0600A5EB06054906E3
:1088300015D5E36A0146AAB21846FEF765FC07465D
:10884000A8420AD2E06AFEF72FFC608820F04000C0
:108850006080C4F80CB0C4F82C90B8B20AE0D4E937
:108860000321521AAA4200D92A46E36A1944FFF7A3
:1088700097FA80B2A082304482B26078514600F00C
:108880007FFD8CE0206A0078632815D004DC232863
:1088900077D02E2804D1A8E7692873D074280BD08C
:1088A000607800F0E1FA2046FEF730FC98F800000E
:1088B000401C88F8000096E7607800F01DFC064632
:1088C00000F040FB074660880025810717D440F080
:1088D0000200608039462046FEF702FA05460EE0A7
:1088E000701B216A82B2891C7819FEF7D2FF0544F9
:1088F00005F17800B0424AD82046FFF761FE206AB1
:1089000000787428ECD0632837D1DFF820A104F177
:10891000080B0AF1040A6088000701D4C4F8089023
:1089200000E079E098F800108AF80010701B82B21D
:10893000206A7919801C5B46FDF7EFFFC0F30D013B
:108940000D440104618802D541F0080101E021F0E5
:108950000801618040041AD405F1F000B04216D835
:108960000807E3D42046FFF72BFE206A007863282F
:10897000D1D0206A00787428B2D004E040E03CE016
:1089800021E01CE011E0608840F020006080AAB285
:10899000A2826078394600F0F3FC0620207098F837
:1089A0000010491C88F800101DE7216A2046891C28
:1089B000FEF706FD0420C4F81090207013E720464F
:1089C000FFF7FEFD5EE7A08A50B198F80010491C41
:1089D00088F800106D1C30788542FFF4BEAE02E7C7
:1089E0002770608810F0280F02D12046FFF7E8FDBD
:1089F000608820F020006080F5E640F2911501E0EB
:108A000040F2F515607800F077FB00F09BFA8246A3
:108A10002946FEF76BFA06466078B2B2514600F07E
:108A2000AFFC607800F04CFA3DE7000030E1072031
:108A3000DF990100D4640010E29901000848007831
:108A400001280BD10748084A817813680B4413604A
:108A50004278D20702D081F0010181707047000096
:108A600088240010CC7100108424001070B506001A
:108A70000C4615461CD019E060782D2814D12078BA
:108A80002D2803D0A0782D2808D00DE03146A01C59
:108A900000F0DCF9012807D1204670BD3146E01C0A
:108AA00000F0D4F9012805D0A41CAD1E012DE3D897
:108AB000002070BD601C70BD0A0E02700A0C42706E
:108AC0000A0A8270C170704770B5054608780E4674
:108AD0000228144610460FD000F0DAFEF188024654
:108AE00004202944904202DC230E01F8013B2402B9
:108AF000401EF7D1104670BDFEF72EFFEEE70000D6
:108B00002DE9FF4FC34D8FB098462A781C998242B9
:108B100044D1172942D30027ADF80C70ADF80E10E0
:108B20004FF0300AADF810708DF805A001A9184675
:108B3000FFF7D8F990B302268DF8056001A94046E9
:108B4000FFF7D0F950B301A94046FEF7B1F828BBB2
:108B500004208DF8050001A94046FFF7C3F9E8B1EC
:108B6000BDF80620287A824218D1BDF80A1001EB20
:108B7000080005F10901FFF703F978B18DF80570D8
:108B800001A94046FFF7AEF940B19DF80400E87036
:108B9000A02807D0A12805D0A32803D0002013B017
:108BA000BDE8F08FBDF8080001A960F31F448146BD
:108BB00002208DF805004046FFF794F90028EDD01B
:108BC00001A94046FEF774F8686001A94046FFF726
:108BD00089F90028E2D001A94046FEF769F800288B
:108BE000DCD1BDF80AB001A94046FFF77BF90028A7
:108BF000D4D001A94046FEF75BF80028CED1BDF8DD
:108C00000A608DF805A001A94046FFF76BF900281E
:108C1000C4D0002060F3070460F30F243DE000BFE0
:108C2000C4F30720401CC0B260F30F240090142846
:108C300048D88DF805A001A94046FFF753F9002850
:108C4000ACD006208DF8050001A94046FFF74AF98F
:108C50000028A3D001A94046FFF7C4F8071E01DA97
:108C600002206FE0009805A901EB400001A920F85F
:108C7000027C00208DF805004046FFF733F90028FC
:108C80008CD0E878A3283BD0634807EB470100EB82
:108C9000C100416909B100208847BDF80C00BDF84A
:108CA0000E108842BCD35B48C078A3280DD0BDF815
:108CB000100089B20844801D80B2ADF81000B0F5F4
:108CC000B86F42D9012060F30704002060F30F243D
:108CD000BDF80E0000F0ECFC0746BDF80E20414642
:108CE000FFF75EF8A22007F8090007F80B40C4F36D
:108CF0000720B855BDF80E30009328783B4682E037
:108D0000454907EB4700009011F830009DF804201A
:108D100000F07F039A4201D0032013E0000601D542
:108D200004200FE03A4601A94046FFF79BF840B106
:108D30003948009900EBC10041690029ADD00120FC
:108D4000AAE7052060F30704C2E700F0B1FC05467E
:108D500006F109001FFA80FBADF80CB00027C4F340
:108D6000072407E005A801A930F817202846FDF7D9
:108D700035FA7F1CBC42F5DC57468DF804A0ADF8EF
:108D800008B001A92846FDF7A5FD224C6068FEF752
:108D9000E3FD00F10802BDF80800B31A801A80B2A2
:108DA000ADF8080003EB0801491C2844FEF7F8FF62
:108DB000A2208DF8040001A92846FDF78BFD227A38
:108DC000BDF80800521D801A80B2ADF80800A9EB6A
:108DD000020303EB08012844FEF7E2FF8DF804705C
:108DE00001A92846FDF776FDBDF80C10BDF8080076
:108DF0000E1A20B1411932462846FEF7D1FFB3B210
:108E0000009320782B46DDE9101200F0BBFC012016
:108E1000C5E60000CC710010D004001000220B78D1
:108E200003700B781BB1401C491C521CF7E710461D
:108E3000704710B50446002004E001461046FDF7D7
:108E4000EBFE641C2278002AF7D110BD06E00378FF
:108E5000934201D000207047401C491C0A78002A28
:108E6000F5D101207047000010B510B31249097800
:108E700088421ED800EB4001104A01EBC00102EB12
:108E8000810414F82C1D0B2913D2DFE801F0120A1B
:108E9000060C0C0C0C0C0C060C000121204600F0FA
:108EA000C7FB012010BD042184F8221000F0EAFA6B
:108EB000F3E7002010BD0000D1990100ECE107208C
:108EC00010B578B31D490978884234D800EB4001C9
:108ED0001B4A01EBC00102EB8104112114F82C2D77
:108EE000921E092A27D2DFE802F01105111B1B1B75
:108EF0001B1B130084F822102169491C2161616940
:108F0000491C13E0204600F093FB09E00121F9E73A
:108F1000D4E904239A4206D0A07840F00100A07062
:108F2000012010BD07E084F82210591C616100F097
:108F3000A9FA0521E6E70020F3E70000D199010036
:108F4000ECE1072010B53630FDF7BEF9362141803F
:108F50003A3010BD2DE9F0410F2804D81BB101258E
:108F60000C4C0D4E06E00020BDE8F081277847B19B
:108F70002C346D1C3778BD42F8DD0420E7F7BEF8CD
:108F8000F1E7012626706070E170A362A283E8B267
:108F9000EAE70000ECE10720D199010018B1084987
:108FA0000978884201D9FF20704700EB400101EBAE
:108FB000C000044901EB800010F82C0C7047000041
:108FC000D1990100ECE1072003484FF6FF710088BA
:108FD00001EB0040704700008C24001010B5C0B1B8
:108FE0001B4A1278904214D899B100EB400202EB70
:108FF000C000184A02EB80002C384278D20708D013
:10900000826A32B10278012A05D0022A03D0092AE5
:1090100001D0002010BD0222027000228270028165
:10902000418140F2B451818141F21C11C181511E34
:10903000C0E90421826180F8222080F82320426266
:1090400004220021001DFEF7B9FE012010BD000022
:10905000D1990100ECE107202DE9F04105460127F7
:10906000234C01F10C08234E17E02078022812D07F
:109070002888FCF7BAFE218988420CD16888FCF761
:10908000B4FE6189884206D104224146201DFEF7C4
:1090900077FE012809D02C347F1C30788742E4DD2C
:1090A000687B10F0150F20D102E0F8B2BDE8F08126
:1090B00080071AD501270E4C14E0207802280FD122
:1090C0006888FCF792FE6189884209D104224146F2
:1090D000201DFEF765FE2888FCF787FE2081E4E767
:1090E0002C347F1C30788742E7DD0020DEE700006B
:1090F000ECE10720D199010000EB400101EBC00039
:10910000054901EB800040F2B45130F8200C884250
:1091100000D9084680B27047ECE107202DE9F047FE
:109120007448754B007898B1754A002173481478DB
:109130000BE0028C0AB1521E0284012C03D1C28BB7
:109140000AB1521EC2832C30491C1A789142F0DBBE
:1091500000264FF011084FF0020A6A4F6A4D9946F7
:10916000A8E0297899F80000814201D901202870EF
:109170002878624900EB400202EBC00001EB80045A
:1091800014F82C0D0B2877D2DFE800F0909090595E
:1091900059778677776C0600D4E90420A178A0EB94
:1091A0000200C90700D038B1E18B91B100287DD011
:1091B000208C00287AD120E0A07820F00100A07057
:1091C00084F822806069401C6061287800F05AF9B8
:1091D00011E084F822806069401C6061287800F00A
:1091E00051F9A078221D40F00800A070A66A2389DA
:1091F00002212878B047052175E094F82300A8B132
:1092000004F11C04401EE0714FF01800A071A16829
:109210004FF0000328780A88164600F045F9A06848
:1092200006803888A080208860805FE0002120468A
:1092300000F0F4F9A07840F00800A07042E0208C23
:10924000D0B994F82300E0B3401E84F823002878B6
:1092500000F018F921783888032901D02B480088BC
:10926000208443E0208C38B960785146C00700D193
:109270000121204600F0DCF918E0208CB0B994F808
:109280002300F0B1401E84F8230084F8228028785F
:1092900000F0F8F83888E3E7208C38B994F8230018
:1092A00078B1401E84F82300388820842878401C38
:1092B0002870761C99F800108E42FFF452AFBDE87A
:1092C000F087FFE7042084F82200287800F0DAF81D
:1092D000221DA66A238903212878B0476078514669
:1092E000C00700D10121204600F0A2F92878401CD7
:1092F0002870E4E788240010D1990100ECE10720F0
:1093000089240010D49901002AE10720D89901008E
:10931000F0B50A7B6FF0030303EA9204143C2BD0F0
:109320001431002240F2B45324E08D5C002D23D090
:10933000012D02D0022D18D101E0521C1AE08E1826
:109340007578042D11D100EB40050C4F05EBC005DD
:10935000768807EB85052C3D76BA9E4200D91E46DD
:10936000AE81AE7846F00206AE708D186D78002D95
:1093700002D02A44A242D8D3F0BD0000ECE107207D
:109380002DE9F047A1F13A060746708815463628C0
:1093900002D00020BDE8F087F7B336480078874256
:1093A0004CD807EB4700344900EBC70001EB8004C1
:1093B00014F82C0D0A2841D1D4E9041081423DD182
:1093C00055B3A189A94200D20D462844606105F138
:1093D00036013046FFF744F93146204600F01EF9C9
:1093E00060784FF0180A40072CD5042D2AD9A078B0
:1093F00040F00400A0703A20FCF766FF8046711927
:10940000363104223A30FEF7CBFC102084F82200DB
:109410000023281F82B200E010E091463146384612
:1094200000F042F884F822A04B4604224146384618
:1094300000F03AF84046FDF7BBFB0FE03046FDF781
:10944000B7FBA6E7A078002320F00400A07084F802
:1094500022A02A463146384600F026F807483580D3
:10946000008820840648007884F82300A08BE083DD
:1094700001208FE7D1990100ECE10720D499010088
:10948000D299010070B505463A20FCF71DFF04464D
:10949000002301461A46284600F006F82046BDE89B
:1094A0007040FDF785BB00002DE9F8430D461746D7
:1094B000984678B137490978491C88420AD800EBA8
:1094C000400101EBC000344901EB80042C3CA08931
:1094D000B84202D20020BDE8F88305F12606608973
:1094E000FCF783FC30802089FCF77FFC70802169C9
:1094F000301D4144FFF7E0FA06F10800A169FFF7CB
:10950000DBFA5020307394F822007073E089FCF786
:109510006CFCF081002030827082A07881070ED52B
:1095200020F00200A07040F20240688705F13A077F
:10953000A089FCF75AFC7880602030730427201D36
:10954000FEF744FB00220421FCF736FC024604210E
:10955000201DFCF731FC01460620FCF741FC0146CA
:109560001437B8B28046FCF73BFC02463946304619
:10957000FCF722FCC04380B2FCF737FC3082A5F830
:10958000008080230093E3780622211D2846FEF701
:1095900069FBA0E7D1990100ECE1072070B51D4EF1
:1095A00005461D4B3278407B02EB420404EBC202BD
:1095B00003EB820440072CD40422201DFEF7F0FBAD
:1095C0002888FCF712FC20816888FCF70EFC60817B
:1095D0000020E070697BC9060BD505F10800FDF796
:1095E0005CFB2061042084F82200281DFDF755FB58
:1095F00007E02061142084F82200281DFDF74DFBB0
:10960000401CA0613078BDE87040401CC0B2FFF73C
:1096100039BF70BDD1990100ECE1072070B5044657
:10962000406A0D4608B1FDF7C3FA656270BD0000DF
:1096300070B504460170164D00200B291BD2DFE8DF
:1096400001F01C1C1C200C151515150612001149E3
:109650000988218484F823000DE00F490F4A098806
:109660002184117805E0A08BE0830AE02A8801219B
:10967000228484F82310E08370BD00212046FFF788
:10968000CDFF074928882084087884F8230070BD1E
:10969000D4990100D6990100DA990100DE99010000
:1096A000D299010001490120887070478824001078
:1096B00010B52A30FCF708FE2A2141802E3010BD5B
:1096C00070B51AB101240E4B0E4D05E0002070BD9F
:1096D0001E7846B10C33641C2E78B442F8DD0320AA
:1096E000E6F70CFDF2E701251D705D7001F0030146
:1096F0005971187100205880E0B29A6070BD000066
:1097000098640010D0990100F0B518B11A4A137886
:10971000984201D90020F0BD184B00EB400003EB4C
:1097200080040C3C19BB164800254FF4806C4FF4A4
:109730007C4E0188491C89B20180614501D2A0F8A4
:1097400000C000210D4B068807E05F88B74202D1B8
:109750001F78012F04D80C33491C1778B942F4DB69
:109760001378994202D06D1C7545E2DBB1B261807D
:10977000022020700120F0BDD099010098640010F3
:109780002EE107202DE9F843A3F12E040546608859
:10979000089F894690462A2802D00020BDE8F88319
:1097A000002D52D03848007885424ED8042200213E
:1097B0004846FEF70BFBF0BBB8F1000F45D04FF465
:1097C000B860874200D90746304905EB450001EBF8
:1097D000800616F80C0D022837D1708858B304F1B2
:1097E0002605FCF702FB28804046FCF7FEFA68805D
:1097F00007F108081FFA88F00746FCF7F6FAA88078
:109800000020E8807079C00728D04846FEF7DEF9CE
:1098100000220421FCF7D0FA024604214846FCF756
:10982000CBFA01461120FCF7DBFA01463846FCF77B
:10983000D7FA024600E008E041462846FCF7BCFAA9
:10984000C0430004000C04D005E02046FDF7B0F949
:10985000A3E74FF6FF70FCF7C8FAE880278099F875
:10986000000080230E21B1EB101F00D1737800930C
:109870003379112249462046FEF7F4F90546204681
:10988000FDF796F9284689E7D09901009864001001
:1098900040F001010420820501E00902401E9142CE
:1098A000FBD370472DE9FC473C23B0FBF3F28A461B
:1098B000B2FBF3F103FB120903FB11281822B1FBE1
:1098C000F2F002FB1015C11C0722B1FBF2F302FB00
:1098D000131640F2B551B0FBF1F301FB13019A00EE
:1098E00000241D4801E0C91A641C30F814308B4272
:1098F000F9D9194F13190C2017F1520707EB400241
:10990000022832F8022C02D9022C00D1521C9142BA
:1099100001D2401EF2E7891A0F4A03F2B273921D78
:1099200002EB8002121F0C48CDE90023491C36309F
:1099300000EB86020B4609A15046FCF75BFA044691
:10994000504443462A4609A1CDF80090FCF752FA4C
:109950002044BDE8FC870000A8A2010025732C204C
:109960002530326420257320256400002025303204
:10997000643A253032643A2530326420474D540D24
:109980000A000000C0A8016CC0A801FEFFFFFF0094
:10999000C2190281C219028200000000000000000A
:1099A00000000000000000000000000000000000B7
:1099B00000000000000000000000000000000000A7
:1099C000390000000040000064000A009600040214
:1099D0000507050090011400C80064000500070693
:1099E00000005000456D626564646564205745421F
:1099F000205365727665720061646D696E00A10026
:109A000002000000000000000000007F3E1C080073
:109A100000080C0E0C080000000000000000000010
:109A20000000000000000000000000000000000036
:109A30000000000000000000000000000000000026
:109A40000000000000000000000000000000000016
:109A50000000000000000000000000000000000006
:109A600000000000000000000000000000000000F6
:109A700000000000000000000000000000000000E6
:109A800000000000000000000000000000000000D6
:109A900000000000000000000000000000000000C6
:109AA00000000000000000000000000000000000B6
:109AB00000000000000000000000000000000000A6
:109AC000000000000000000000000000005F000037
:109AD00000000000000000143E143E1400242A7F01
:109AE0002A120023130864620036495522500000F0
:109AF0000000060000003E410000000000413E0062
:109B00000014083E08140008083E08080000503001
:109B1000000000080808080800000060600000401D
:109B200020100804003E5149453E0000427F40009D
:109B3000004261514946002141454B310018141241
:109B40007F10002745454539003C4A49493000010E
:109B50007109050300364949493600064949291E5D
:109B600000003636000000005636000000000814E1
:109B7000220000141414141400002214080000021F
:109B80000151090600324979413E007E1111117ED2
:109B9000007F49494936003E41414122007F414111
:109BA000221C007F49494941007F09090901003E03
:109BB00041415172007F0808087F0000417F410049
:109BC000002040413F01007F08142241007F4040B7
:109BD0004040007F020C027F007F0408107F003E9F
:109BE0004141413E007F09090906003E4151215E85
:109BF000007F091929460046494949310001017F82
:109C00000101003F4040403F001F2040201F003F17
:109C10004038403F006314081463000708700807C9
:109C200000615149454300007F41000000040810D5
:109C30002040000000417F000004020102040040B7
:109C40004040404000000000000000205454547880
:109C5000007F484444380038444444200030484899
:109C6000507E00385454541800087E090102000840
:109C70005454543C007F100808700000447D40009C
:109C8000002040443D00007E102844000000417F39
:109C90004000007C04180478007C08040478003834
:109CA00044444438007C1414140800081414147C30
:109CB000007C0804040800485454542000043F4425
:109CC0004020003C4040207C001C2040201C003CE8
:109CD0004030403C004428102844000C5050503C78
:109CE000004464544C440000083641000000007FEA
:109CF00000000000413608000000000000000000E5
:109D00000000000000000000000000000000000053
:109D10000000000000000000000000000000000043
:109D20000000000000000000000406070604000018
:109D30000000000000000000000000000000000023
:109D40000000000000000000000000000000000013
:109D50000000000000000000000000000000000003
:109D600000000000000000000000000000000000F3
:109D700000000000000000000000000000000000E3
:109D800000000000000000000000000000000000D3
:109D900000000000000000000000000000000000C3
:109DA00000081C3E7F00000000000000007F3E1CF9
:109DB0000800081838180800000000000000000023
:109DC0000000000000000000000000000000000093
:109DD000000000000000000000000000001C3E3EEB
:109DE0003E1C000000000000000000000000000019
:109DF00000000000007C55544500000000000000F9
:109E00000000000000000000000000000000000052
:109E10000000000000000000000000000000000042
:109E2000000000000000060909060000242E24009E
:109E30000000000000000000000000000000000022
:109E40000000000000000000000000000000000012
:109E500000000000003855545518007C10207B0B82
:109E600000000000000000000000000000000000F2
:109E70000000000000000000000000000000203092
:109E800038302000007E1111117E007F4949493190
:109E9000007F49494936007F0101010300603E21EE
:109EA000217F007F494949410077087F08770041B9
:109EB00049494936007F2010087F007F2011087F24
:109EC000007F0814224100407E01017F007F020CC8
:109ED000027F007F0808087F003E4141413E007F2D
:109EE0000101017F007F09090906003E414141222D
:109EF0000001017F0101004728100807001C227F94
:109F0000221C006314081463007F404040FF0007D8
:109F10000808087F007F407F407F007F407F40FF30
:109F200000017F484870007F4438007F007F484828
:109F3000483000224149493E007F083E413E0046EC
:109F40002919097F002054545478003C4A4A493169
:109F5000007C54542800007C0404040C0060382465
:109F6000247C003854545418006C107C106C00444D
:109F700044545428007C2010087C007C2012087C6B
:109F8000007C1028440000403804047C007C081049
:109F9000087C007C1010107C003844444438007C5D
:109FA0000404047C007C1414140800384444440065
:109FB0000004047C0404000C5050503C0018247E23
:109FC0002418004428102844007C404040FC000035
:109FD0001C10107C007C407C407C007C407C40FC61
:109FE00000047C505020007C5020007C007C5050AD
:109FF0005020002844545438007C1038443800085D
:10A000005434147C20202000FFEDE200F4E5E2004F
:10A01000ECE0F000E0EFF000ECE0E900E8FEED003D
:10A02000E8FEEB00E0E2E300F1E5ED00EEEAF2002D
:10A03000EDEEFF00E4E5EA00202020202020202093
:10A040002020202020202020202020200020C2FBB3
:10A05000F5EEE42020202020202020202020202099
:10A0600020002030253A305E3A302620303C2F3E0A
:10A0700020202F307B200000616263646566000051
:10A0800000003031323334353637383941424344B9
:10A090004546004FDC000239500100000A00010073
:10A0A0004A02E90704001C00000E1C123836242A5C
:10A0B000707E6C624846545AE0EEFCF2D8D6C4CAB0
:10A0C000909E8C82A8A6B4BACEC0D2DCF6F8EAE4A0
:10A0D000BEB0A2AC86889A942E20323C16180A0490
:10A0E0005E50424C66687A74929C8E80AAA4B6B880
:10A0F000E2ECFEF0DAD4C6C8727C6E604A44565870
:10A10000020C1E103A3426285C52404E646A78765F
:10A110002C22303E141A0806BCB2A0AE848A98964F
:10A12000CCC2D0DEF4FAE8E62A243638121C0E003F
:10A130005A544648626C7E70CAC4D6D8F2FCEEE02F
:10A14000BAB4A6A8828C9E90E4EAF8F6DCD2C0CE1F
:10A15000949A8886ACA2B0BE040A18163C32202E0F
:10A16000747A68664C42505EB8B6A4AA808E9C92FF
:10A17000C8C6D4DAF0FEECE25856444A606E7C72EF
:10A180002826343A101E0C0276786A644E40525CDF
:10A1900006081A143E30222C96988A84AEA0B2BCCF
:10A1A000E6E8FAF4DED0C2CC002A547EA882FCD6BF
:10A1B0007A502E04D2F886ACF4DEA08A5C760822AF
:10A1C0008EA4DAF0260C7258C2E896BC6A403E149F
:10A1D000B892ECC6103A446E361C62489EB4CAE08F
:10A1E0004C661832E4CEB09AAE84FAD0062C52787F
:10A1F000D4FE80AA7C5628025A700E24F2D8A68C6F
:10A20000200A745E88A2DCF66C463812C4EE90BA5E
:10A21000163C4268BE94EAC098B2CCE6301A644E4E
:10A22000E2C8B69C4A601E34765C2208DEF48AA03E
:10A230000C265872A48EF0DA82A8D6FC2A007E542E
:10A24000F8D2AC86507A042EB49EE0CA1C3648621E
:10A25000CEE49AB0664C3218406A143EE8C2BC960E
:10A260003A106E4492B8C6ECD8F28CA6705A240EFE
:10A27000A288F6DC0A205E742C06785284AED0FAEE
:10A28000567C0228FED4AA801A304E64B298E6CCDE
:10A29000604A341EC8E29CB6EEC4BA90466C1238CE
:10A2A00094BEC0EA3C1668426D016D016E014A61C0
:10A2B0006E00466562004D617200417072004D6132
:10A2C00079004A756E004A756C00417567005365E8
:10A2D00070004F6374004E6F7600446563004D6FED
:10A2E0006E005475650057656400546875004672C9
:10A2F00069005361740053756E0000001F003B003D
:10A300005A0078009700B500D400F3001101300125
:10A310004E0168746D00000063677800000C63678D
:10A32000690000016373730000026A730000000398
:10A33000786D6C00000478736C0000056769660036
:10A3400000066A70670000076A7065670007626D43
:10A3500070000008706E6700000969636F00000AF2
:10A3600078617000000D78616D6C000E706870008F
:10A37000000FFFFFFFFFFFFFFFFFFFFF3C68323EC4
:10A380004854545020312E302034303120457272E0
:10A390006F722E20556E617574686F72697A65648C
:10A3A000204163636573733C2F68323E596F75209B
:10A3B000617265206E6F7420617574686F72697A5E
:10A3C000656420746F2061636365737320746869CA
:10A3D00073207365727665722E003C68323E485475
:10A3E000545020312E3020343034204572726F7238
:10A3F0002E2046696C65204E6F7420466F756E6422
:10A400003C2F68323E5468652072657175657374BF
:10A4100065642055524C20776173206E6F742066FE
:10A420006F756E64206F6E20746869732073657237
:10A430007665722E003C68323E4854545020312ECE
:10A440003020353031204572726F722E204E6F747D
:10A4500020496D706C656D656E7465643C2F683263
:10A460003E54686520726571756573746564204D2E
:10A470006574686F64206973206E6F7420737570E3
:10A48000706F727465642E003C686561643E3C7454
:10A4900069746C653E4B65696C20456D62656464EA
:10A4A000656420574542205365727665723C2F746F
:10A4B00069746C653E3C2F686561643E3C626F6404
:10A4C000793E003C68723E3C62723E3C693E4B65A0
:10A4D000696C20456D62656464656420574542205F
:10A4E0005365727665722056322E30302C20323011
:10A4F00031303C62723E3C6120687265663D687432
:10A5000074703A2F2F7777772E6B65696C2E636F97
:10A510006D3E207777772E6B65696C2E636F6D3C8F
:10A520002F613E202D20456D626564646564204482
:10A530006576656C6F706D656E7420546F6F6C73AB
:10A540003C2F693E3C2F626F64793E00B76E174C1A
:10A550003C686561643E3C7469746C653E4B65693A
:10A560006C20456D626564646564205745422053E4
:10A5700065727665723C2F7469746C653E3C2F6819
:10A580006561643E3C626F6479207374796C653DEB
:10A59000226261636B67726F756E642D636F6C6F9F
:10A5A000723A2023623765346666223E3C68323E4A
:10A5B000456D626564646564205745422053657249
:10A5C0007665723C2F68323E3C703E546869732059
:10A5D0006973207468652064656661756C742070A9
:10A5E0006167652E20546865204854545020536597
:10A5F00072766572206973203C623E6E6F742063D0
:10A600006F6E666967757265642E3C2F623E3C62B0
:10A61000723E506C65617365207265616420746878
:10A620006520646F63756D656E746174696F6E200B
:10A63000686F7720746F20636F6E666967757265E7
:10A6400020746865204854545020536572766572B2
:10A650002E203C2F703E3C68723E3C693E4B656943
:10A660006C20456D626564646564205745422053E3
:10A6700065727665722056322E30302C20323030A2
:10A6800039203C62723E3C6120687265663D6874A8
:10A6900074703A2F2F7777772E6B65696C2E636F06
:10A6A0006D3E207777772E6B65696C2E636F6D3CFE
:10A6B0002F613E202D20456D6265646465642044F1
:10A6C0006576656C6F706D656E7420546F6F6C731A
:10A6D0003C2F693E3C2F626F64793E005DDDC19185
:10A6E00050A5010000000000DBA601000040404032
:10A6F0004040404040404141414141404040404055
:10A700004040404040404040404040404005020200
:10A7100002020202020202020202020202202020BF
:10A72000202020202020200202020202020290901B
:10A730009090909010101010101010101010101019
:10A74000101010101010101002020202020288886D
:10A750008888888808080808080808080808080879
:10A760000808080808080808020202024000000061
:10A77000EDA601002B0601040182831F0050726FB9
:10A780007665726B6120737669617A692E20CFF0ED
:10A79000EEE2E5F0EAE020F1E2FFE7E82E00554BBB
:10A7A000553230334C414E00536B7970653A6461D9
:10A7B0006E696C6F765F6161004E6F766F73696270
:10A7C0006972736B2C2052757373696100466972EC
:10A7D00073742041524D20534E4D50206167656E79
:10A7E0007420666F722053696250726F6D41757488
:10A7F0006F6D6174696B610038A801000000001082
:10A8000098240000465D010044B1010000C007200B
:10A810004C210000465D010044B101009824001065
:10A82000504D0000345E010070B201004CE1072081
:10A8300094500000345E010001140558E803E80359
:10A8400033033202FF010183048B563412000CFFE4
:10A8500048656C6C6F20576F726C6401FF0141603A
:10A860000A84082B0601020101014C2ACDA70A5ACD
:10A87000861862025B0874185AC3186203140484B1
:10A8800024AA104862045B10A83069186205DB092D
:10A890009E1862065B13B9185A821862075C01930E
:10A8A000A0181A0C181808040182831F2802124CE1
:10A8B00002780478A91819AC0B11027A1819AC5B4C
:10A8C0000290188A02182A05481A4A18CBF3EA1887
:10A8D00029481A4C18CB05EB1829481A4E18DA1DCE
:10A8E0001819F41B025018DA2F1819F41B02521809
:10A8F000DA411819F41B025418DA531819F41B0220
:10A900005618DA69181A080F1A5818DA8518220921
:10A910001B049818DA9D181A0A181A9C18CAE1D84C
:10A920002A07F01A6218CB2DEE1829F02A64C0D934
:10A930001829F01A6618DA431829F01A6818DA5735
:10A940001829F01A6A18DA6B1829F01A6C18DA7FCD
:10A950001829F01A6E18DA931829F01A7018DAA765
:10A960001819F01B027218CABB182A06D81A5A18EE
:10A97000CBC1EB1829D81A5C18DAED1829D81A5E61
:10A9800018CB19EC1829D81A6018DA451819D81BF1
:10A9900004A018DA711819D81B04A4182399ED7BA8
:10A9A000820D18400A030101010224F40720C9188E
:10A9B0000C13020226180C13030228180C130402AD
:10A9C0002A180C1305022C180C1306022E180C134F
:10A9D000070230180C13080232180C13090234183D
:10A9E0000C130A0236180C130B0238180C130C0245
:10A9F0003A180C130D023C180C130E023E180C13DF
:10AA00000F0240180C13100242180C1311024418C4
:10AA10000C13120246180C13130248180C131402DC
:10AA20004A180C1315024C180C1316024E180C136E
:10AA3000170250180C13180252180C13190254184C
:10AA40000C131A0256180C131B0258180C131C0274
:10AA50005A180C131D025C180C121E025E180D13FE
:10AA600002010260180C13020262180C1303026444
:10AA7000180C13040266180C13050268180C130650
:10AA8000026A180C1307026C180C1308026E180CDB
:10AA900013090270180C130A0272180C130B0274BB
:10AAA000180C130C0276180C130D0278180C130EE8
:10AAB000027A180C130F027C180C1310027E180C6B
:10AAC00013110280180C13120282180C1313028443
:10AAD000180C13140286180C13150288180C131680
:10AAE000028A180C1317028C180C1318028E180CFB
:10AAF00013190290180C131A0292180C131B0294CB
:10AB0000180C131C0296180C131D0298180C121E18
:10AB1000029A18191A0A139C180C1302029E180C98
:10AB2000130302A0180C130402A2180C130502A4AC
:10AB3000180C130602A6180C130702A8180C130809
:10AB400002AA180C130902AC180C130A02AE180C56
:10AB5000130B02B0180C130C02B2180C130D02B434
:10AB6000180C130E02B6180C130F02B8180C1310A1
:10AB700002BA180C131102BC180C131202BE180CE6
:10AB8000131302C0180C131402C2180C131502C4BC
:10AB9000180C131602C6180C131702C8180C131839
:10ABA00002CA180C131902CC180C131A02CE180C76
:10ABB000131B02D0180C131C02D2180C131D02D444
:10ABC000180C121E02D6180D13040102D8180C130B
:10ABD0000202DA180C130302DC180C130402DE184C
:10ABE0000C130502E0180C130602E2180C130702FE
:10ABF000E4180C130802E6180C130902E8180C13E9
:10AC00000A02EA180C130B02EC180C130C02EE18D3
:10AC10000C130D02F0180C130E02F2180C130F0295
:10AC2000F4180C131002F6180C131102F8180C1378
:10AC30001202FA180C131302FC180C131402FE185B
:10AC40001315020A12F5180C13160202180C13172A
:10AC50000204180C13180206180C13190208180C19
:10AC6000131A020A180C131B020C180C131C020EE8
:10AC7000180C131D0210180C121E0212180D1305C9
:10AC8000010214180C13020216180C1303021818F0
:10AC90000C1304021A180C1305021C180C130602DC
:10ACA0001E180C13070220180C13080222180C138C
:10ACB000090224180C130A0226180C130B02281878
:10ACC0000C130C022A180C130D022C180C130E0274
:10ACD0002E180C130F0230180C13100232180C131C
:10ACE000110234180C13120236180C131302381800
:10ACF0000C1314023A180C1315023C180C1316020C
:10AD00003E180C13170240180C13180242180C13AB
:10AD1000190244180C131A0246180C131B02481887
:10AD20000C131C024A180C131D024C180C101E02A6
:10AD30004E1810080A01010102B0040A1010180C84
:10AD4000130202B2180C130302B4180C120402B658
:10AD5000180D13020102B8180C130202BA180C13D2
:10AD60000302BC185C0402BE187B020C181B09010C
:10AD70000F1A9218BBCFEE301A0BD80B1001B4F09B
:10AD800019180C130201B5180C130301B6180C1393
:10AD90000401B7180C130501B8180C130601B918F3
:10ADA0000C130701BA180C130801BB180C13090186
:10ADB000BC180C130A01BD180C130B01BE180C12A1
:10ADC0000C01BF180D13020101C0180C130201C1C0
:10ADD000180C130301C2180C130401C3180C13053B
:10ADE00001C4180C130601C5180C130701C6180C72
:10ADF000130801C7180C130901C8180C130A01C95C
:10AE0000180C130B01CA186C0C01CB187A0C182300
:10AE10000C0114028204EA10181A02180A1184188C
:10AE20001A03180A1186181A04180A1188181A0524
:10AE3000180A118A181A06180A118C1822070B1101
:10AE400004A8181A08306A8E1879D815010204016E
:10AE50004C02CA03189A84181307041C13B9A7DEFE
:10AE600031AA021812054C0196A0188930080B105F
:10AE7000280901010103C0C00720180D1202034078
:10AE8000C1180C130303C0180D12040340C2180CA0
:10AE9000130503C0180D12060340C3180C13070353
:10AEA000C0180D12080340C4180C130903C0180D74
:10AEB000120A0340C5180C130B03C0180D120C0323
:10AEC00040C6180C130D03C0180D120E0340C7180E
:10AED0000C130F03C0180D12100340C8180C1311E7
:10AEE00003C0180D12120340C9180C131303C01825
:10AEF0000D12140340CA180C131503C0180D1216B6
:10AF00000340CB180C131703C0180D12180340CCC4
:10AF1000180C131903C0180D121A0340CD180C1386
:10AF20001B03C0180D121C0340CE180C131D03C0C8
:10AF3000180D121E0340CF180C131F03C0180D125A
:10AF4000200340D0180C132103C0180D1222034017
:10AF5000D1180C132303C0180D12240340D2180C6F
:10AF6000132503C0180D12260340D3180C13270312
:10AF7000C0180D12280340D4180C132903C0180D53
:10AF8000122A0340D5180C132B03C0180D122C03E2
:10AF900040D6180C132D03C0180D122E0340D718DD
:10AFA0000C132F03C0180D12300340D8180C1331A6
:10AFB00003C0180D12320340D9180C133303C01804
:10AFC0000D12340340DA180C133503C0180D123675
:10AFD0000340DB180C133703C0180D12380340DC94
:10AFE000180C133903C0180D123A0340DD180C1366
:10AFF0003B03C0180D123C0340DE180C133D03C088
:10B00000180D123E0340DF180C133F03C0184D40CB
:10B010000340E0187B020C181B0A280F1AC018CB3B
:10B02000EDED182A29181204DB10EF181A2A0F1A4E
:10B03000C230DAF1182A31181930DAF3181A320F3F
:10B040001AC430DAF5182A33181930DAF7181A3416
:10B050000F1AC630DAF9182A35181930DAFB181A1F
:10B06000360F1AC830DAFD182A37181930DAFF18E7
:10B070001A380F1ACA30CB01EE181A390F1A943049
:10B08000DA03182A3A301918DA15181A3B0F1ACCB5
:10B0900048DA17181A3C0F1A9630DA19182A3D3078
:10B0A00019182A2B186A0D181C04020101452840A2
:10B0B0000240C9180C1202023C18191A0A1324186B
:10B0C0000915300D1303010120180C120201381864
:10B0D0005704010294A001C9180A1402A80A150510
:10B0E000300D1205020193180A1506300A150630B4
:10B0F0000A1507300D1207020197180A1508300AC1
:10B100001508300A1509300A1509300A150A300ADF
:10B11000150A300A150B300A150B300A150C300AC7
:10B12000150C300A150D308A0D307A0418150102FD
:10B1300007044C207DA7181113093D022B2105148B
:10B14000F11FFF1F2501020304071E7075626C6961
:10B150006302951418133031406162636440656680
:10B16000676840696A6B6C40125A2001096280FA74
:10B1700032800A6B3280FA33800A6B3380FA348073
:10B180000A6B3480FA35800A6B3580FA36800A6B98
:10B190003680FA37800A6B3780FA38800A6B38803D
:10B1A000FA39800A6A3980EB3130801912096A80D5
:10B1B000FA31800A6B3180FA32800A6B3280FA33BE
:10B1C000800A6B3380FA34800A6B3480FA35800A47
:10B1D0006B3580FA36800A6B3680FA37800A6B3717
:10B1E00080FA38800A6B3880FA39800A6A3980EB35
:10B1F0003230801912096A80FA31800A6B3180FA84
:10B2000032800A6B3280FA33800A6B3380FA3480E2
:10B210000A6B3480FA35800A6B3580FA36800A6B07
:10B220003680FA37800A6B3780FA38800A6B3880AC
:10B23000FA39800A6A3980EB333080191209698043
:10B2400001FF01FF01FF01FF01FF01FF01FF01FFFE
:10B2500001FF01FF01FF01FF01FF01FF01FF01FFEE
:10B2600001FF01450B1D010120091916091A3B00B8
:04000005000000CD2A
:00000001FF
