:020000040000FA
:10000000F8310820E1000000E5000000E7000000F2
:10001000E9000000EB000000ED000000000000001F
:10002000000000000000000000000000EF000000E1
:10003000F100000000000000F3000000DFDB000022
:10004000F700000085F90000B1F90000F70000009A
:10005000F7000000EF160100F7000000F7000000B5
:10006000F7000000F7000000F7000000F7000000B4
:10007000F7000000F7000000F7000000F7000000A4
:10008000F7000000F7000000F7000000F700000094
:10009000F7000000F7000000992C0000F7000000B6
:1000A000F7000000AF140100F7000000F7000000A7
:1000B000215B0100F7000000F7000000F7000000DE
:1000C000F7000000F7000000F7000000DFF80CD098
:1000D00015F004FE004800476BDD0000F8310820F1
:1000E00005480047FEE7FEE7FEE7FEE7FEE7FEE71E
:1000F000FEE7FEE7FEE7FEE7CD000000FEE710B5F5
:1001000017F098FC17F024FD17F016FD17F0A4FC6B
:10011000AFF30080BDE8104017F0E0BC10B518F058
:10012000F1FA19F033F818F045FBBDE8104018F06B
:10013000BDBC18F005BA17F0CDBF09B1002070475B
:1001400016F022BD0020704770B5374A0020A2F19A
:100150001401064601F10A030C5C54B11D5CAC426B
:1001600007D1145C2CB1641E14F0FF04145400D1A8
:100170000E540C5C1C54401CC0B20A28ECD370BD59
:1001800070B5294D0024143D641CE4B22E5D1EB1EF
:10019000864201D00A2CF7D3285523480C3040F86A
:1001A0002410283040F824203438035570BD1E4AEE
:1001B0000021143A491CC9B2535C834201D00A2978
:1001C000F8D3DBB2834210D117480C3050F82130FD
:1001D00016480360144B343353F821304360002039
:1001E0005054114A505401207047002070470E4A65
:1001F0000021143A491CC9B2535C834201D00A2938
:10020000F8D3DAB282420CD107480C3050F82120E2
:1002100006480260044A343252F82110416001203D
:100220007047002070470000706E0010040000103E
:100230000A4BDA6018705970704708490881704796
:100240000648B0F90810002907D0491E09B20181FB
:10025000002902D1084600F0BDBB70470C00001019
:1002600090F900308B4200DA027090F9003093422E
:1002700000DD0170704790F900308B4200DA0170A8
:1002800090F90010914200DD02707047B0F9003023
:100290008B4200DA0180B0F90010914200DD02804B
:1002A0007047B0F900308B4200DA0280B0F90030BC
:1002B000934200DD0180704703888B4200D20180A9
:1002C0000188914200D90280704740EA01039B07F0
:1002D00003D009E008C9121F08C0042AFAD203E0BB
:1002E00011F8013B00F8013B521EF9D270470000A3
:1002F00000487047E0A7010070477047FFFFFFFF0D
:10030000002801DA404200B270470020FF4A202155
:100310001154401CC0B2C828FAD370470146FB4AAA
:100320000020401CC0B2135C8B4201D0C828F8D317
:10033000704710B50021F64C0A2200BFB0FBF2F363
:1003400002FB13006054491CC9B218460529F5D3B5
:1003500010BDF0B5EF4B0121202719700521EC4AA3
:10036000002601E01C7844B1541814F8015C25B94A
:10037000814202D904F8017C05E0541814F8015DAB
:10038000303525701E70491E11F0FF01EAD1F0BD15
:10039000FEB52B23002802DA404200B22D230025AF
:1003A0000A266C4690FBF6F706FB170060556D1C9D
:1003B0006DB238B20A2DF5DB012600250920202771
:1003C00000E046B114F800C0BCF1000F03D1904228
:1003D00001DD275405E0265C3036265400266D1CCE
:1003E000EDB2401E40B20028EBDA2D2B02D163554E
:1003F0006D1CEDB26AB168B205E0231813F8013C38
:100400002354401E40B29042F7DC2E206D1CA054B5
:10041000EDB20846FFF782FF0021BC4A04E0635CAE
:10042000461A491C935549B2A942F8DBFEBDFEB5F8
:100430002B26002802DA404200B22D2600240A278B
:100440004FEA0D0590FBF7FC07FB1C002855641CC8
:1004500064B20FFA8CF00A2CF4DB01270020092487
:100460004FF0200C00E04FB115F804E0BEF1000F92
:1004700004D19C4202DD05F804C005E02F5D303751
:100480002F550027401CC0B2641E64B2002CEADA6B
:100490002D2E02D12E54401CC0B26BB144B205E0E7
:1004A0002E1916F8016C2E55641E64B29C42F7DCBE
:1004B0002E24401CEC54C0B201EB810102EB8101FF
:1004C000CAB20021914B04E06C5C561A491C9C5541
:1004D00049B28142F8DBFEBDFEB52B23002801DACC
:1004E00040422D2300250A266C46074690FBF6F075
:1004F00006FB107767556D1C6DB20A2DF5DB0126E2
:1005000000250920202700E046B114F800C0BCF106
:10051000000F03D1904201DD275405E0265C303600
:10052000265400266D1CEDB2401E40B20028EBDAC6
:100530002D2B02D163556D1CEDB26AB168B205E096
:10054000231813F8013C2354401E40B29042F7DCBC
:100550002E206D1CA054EDB20846FFF7DFFE0021EF
:100560006A4A04E0635C461A491C935549B2A942A1
:10057000F8DBFEBDFEB52B26002801DA40422D2611
:1005800000240A276D46844690FBF7F007FB10CC49
:1005900005F804C0641C64B20A2CF4DB01270020B7
:1005A00009244FF0200C00E04FB115F804E0BEF133
:1005B000000F04D19C4202DD05F804C005E02F5D68
:1005C00030372F550027401CC0B2641E64B2002C87
:1005D000EADA2D2E02D12E54401CC0B26BB144B2C7
:1005E00005E02E1916F8016C2E55641E64B29C426B
:1005F000F7DC2E24401CEC54C0B201EB810102EB6D
:100600008101CAB20021414B04E06C5C561A491CBE
:100610009C5549B28142F8DBFEBD70B50D461646C9
:100620001C46FFF786FE601CC0B2FFF792FE05EB8A
:10063000850006EB8000C1B2354A344B0020A04251
:1006400001D2155C5D5406D3155C202D03D04CB14E
:100650005E1806F8015C491E401CC0B2C9B20528EC
:10066000EDD370BD5D54F6E770B5044608461546F7
:100670001E46FFF753FE254B0146FF2804D106E036
:100680001A54641C401CC0B22278002AF8D12248B7
:100690000078002804D0002E02D029445F2058544E
:1006A00070BD2DE9FF4F8146DDE90D048A46934672
:1006B000FFF734FE2022DFF8608014490A234FF050
:1006C000640C012C09D198F8005035B10D18A5F132
:1006D0000E05AA706A702A7029E099FBF3F603FBF5
:1006E00016970D183037A5F10E05022CAF7096FB4A
:1006F000F3F703FB176606F130066E7099FBFCF604
:1007000006F1300605F80E6B11D107E02A02001041
:10071000C6C00720CBC007203600001098F8006044
:100720002EB1A5F10A05AA706A702A7021E09AFB21
:10073000F3F603FB16A70D183037A5F10A05032CB5
:10074000AF7096FBF3F703FB176606F130066E7089
:100750009AFBFCF606F13006674605F80A6B08D1ED
:1007600098F800602EB1A5F10605AA706A702A708B
:1007700022E09BFBF3F603FB16B70D183037A5F10B
:100780000605042CAF7096FBF3F703FB176606F122
:1007900030066E709BFBFCF606F13006674605F8E6
:1007A000066B09D198F8004034B1A5F102050A544E
:1007B0006A702A70BDE8FF8F039C94FBF3F203FB81
:1007C000124430340C5492FBF3F403FB142208441B
:1007D000A0F1020030324270039991FBF7F101F170
:1007E00030010170E6E770B50D461446FFF7A1FD34
:1007F000601CC0B2FFF7ADFD2846FFF78FFDB44B7C
:10080000B44A002124B95D5C202D01D015540FE0BD
:10081000A14201D25D5CF9E704D14FF02E051554D9
:100820005D5C02E05D5C202D02D0161806F8015CCC
:10083000401E491CC9B2C0B20529E3D370BD17B52B
:1008400001EB810002EB8000C2B29DF80030A248AB
:1008500003F00F0100EB1313445C9E498C54521EAD
:10086000D2B21B788B549DF80130521E03F00F0456
:10087000D2B2045D8C54521E00EB1313D2B21B781B
:100880008B549DF80230521E03F00F04D2B2045D67
:100890008C54521E00EB1313D2B21B788B549DF86C
:1008A0000330521E03F00F04D2B2045D8C54521E6A
:1008B00000EB1310D2B2007888541EBD01EB810109
:1008C00002EB8101844A10B500F00F03C9B2D45C79
:1008D000804B02EB10105C54491EC9B2007858548A
:1008E00010BD01EB810102EB8101CBB27A4910B559
:1008F00000F001028C5C774AD45444085B1E04F07B
:100900000100DBB2085CD0545B1ED8B2630803F070
:1009100001045B080C5D1454401E03F00104C0B2D6
:100920000C5D14545B08401E03F00104C0B20C5D62
:1009300014545B08401E03F00104C0B20C5D145453
:100940005B08401E03F00104C0B20C5D1454401E4D
:10095000C4B25808085C105510BD30B55F4901237A
:100960005C4D91F9012091F9041000EB80048A425A
:1009700002D105F8243030BD564D4C1C00EB8000F0
:1009800005EB8000A24201D1037530BD8C1CA24250
:1009900002D180F8283030BDCC1CA24202D180F8B0
:1009A0003C3030BD0C1DA24202D180F8503030BD29
:1009B0004C1DA24202D180F8643030BD8C1DA24291
:1009C00002D180F8783030BDC91D8A42FBD180F851
:1009D0008C3030BD424B1A88521E104400B2188031
:1009E000404A00EB800002443C48136803601279DF
:1009F00002714278114441707047F0B5384D394F5B
:100A0000B5F9004004EB8406641C2C80334C3E4452
:100A10002568356025793571207061702271A37069
:100A2000F0BDF0B505460E461746FFF76EFC294CA3
:100A30005FF00000401C15F8011BC0B204F8011B58
:100A40001428F7D35FF00000401C16F8011BC0B259
:100A500004F8011B1428F7D35FF00000401C17F8BE
:100A6000011BC0B204F8011B1428F7D35FF000008B
:100A7000401C13F8011BC0B204F8011B1428F7D363
:100A8000F0BD30B5044608461546FFF747FCFF2881
:100A900009D0104A2178002905D04319641C401C54
:100AA000D154C0B2F6E730BD10B5029CFFF7B9FFD4
:100AB0000A48C378827841786520FFF79EFF64205A
:100AC00094FBF0F0BDE81040C0B2FFF7B6BB0000E9
:100AD000C6C007202A020010F2A00100E8010010A1
:100AE00056000010CC6E0010F0B5FC48FC494FF4E5
:100AF000FA72B0F90000B1F90010FA4B484390FBCC
:100B0000F2F01880F54841F288332030FB4DB0F9FF
:100B10000000484390FBF2F0F349F74A0880F4499B
:100B2000F2480C68F3490088B1F90010001B4843F3
:100B300090FBF3F01080001B484390FBF3F02880FB
:100B4000EF48F14B0188EF48B0F9004071B900203F
:100B5000014607E001EB410603EB4616491C366AE5
:100B6000C9B23044A142F5DB10802880B2F9000000
:100B70000021002800DA11805FF0000202EB420041
:100B800003EB4010C578192D1CD28579C67905EB89
:100B900006260662067A477A06EB0726C661867A3B
:100BA000C77A06EB0726866190F90C60466280F8EA
:100BB0004E50857B80F83E50057C467C05EB062533
:100BC000856406E081610162C161416280F83E1086
:100BD0008164521CD2B2202AD0D3CC48CC490088A0
:100BE00060430880CB48CC49008860430880F0BD52
:100BF000CA48416821F4402141F4802141604168A4
:100C000021F4403141F480314160416821F4404198
:100C100041F480414160416C21F4402141F40021C4
:100C20004164416C21F4403141F400314164416C34
:100C300021F4404141F400414164B948016821F088
:100C4000E0610160016841F400110160016821F474
:100C500080310160016821F47F4141F480710160BD
:100C60008115C160AF48890301607047F0B59B4DA5
:100C7000AD48AE49B5F9147040F6AC5690F90F2066
:100C800000230C684FF0010CB74207DA142A02DA8D
:100C900002F1010204E004DDC3730DE062B1521EF3
:100CA000C27390F90F20132A04DB80F811C024F0DE
:100CB000010204E0022A03DC437444F001020A60EA
:100CC000994AB5F90A4092F91020B44207DA142A79
:100CD00002DA02F1010204E004DD03740EE06AB1FD
:100CE000521E027490F91020132A05DB80F812C0FE
:100CF000086820F0020005E0022A04DC837408681A
:100D000040F002000860F0BD2DE9F041864C363419
:100D100060882188401A00B201F07AFFA51D288062
:100D2000A0886188401A00B201F072FF6880A08834
:100D30002188401A00B201F06BFF4FF496727A4995
:100D4000A880904201DAA0880AE0B5F9020090423A
:100D500001DA608804E0B5F90000904201DA2088E9
:100D600048834C7800231CB35C48B1F91A2040300A
:100D70000568154405604568154445608568154457
:100D80008560C5682A44C2604A8C521C12B24A84EB
:100D9000B2F5805F00DB4B84B1F92220950536D196
:100DA000921250F822502D120D8340F822302EE07E
:100DB0005F4F887891F803C007EBC012B1F91AE0D1
:100DC00042F82CE05FEA8C7213D100252A4607EB2B
:100DD000C01600BF56F82270521CD2B23D44202AE1
:100DE000F8D36A113D4D25F8102005F1200222F8B4
:100DF00010E0401CC0B28870102808D30CF1010C20
:100E00000CF0FF008B70C870202800D3CB70641CDE
:100E10000B7014F00100424A487005D0106820F0B1
:100E2000FF00001D106034E0897808070028106872
:100E300020F0FF0002DB00F1010001E000F1020000
:100E400010603C48036843F080530360036A43F03A
:100E500080430362036E43F080630366CB074369FC
:100E600008D043F0805343618B07436B05D423F0D4
:100E7000804304E023F08053F5E743F0804343636D
:100E80004907416F02D421F0806101E041F08061A7
:100E90004167106840F080701060BDE8F0812DE976
:100EA000F04F2548B0F9001019B1A1F101010180FE
:100EB000DBE00A21018021490023DFF884B0DFF85C
:100EC00084800B7064208BF8000088F800000D48C7
:100ED0001A46B0F900400C4842E00000FC6D0010DA
:100EE00078C00720F8000010AC0300107623001033
:100EF000B4030010B8030010FA000010C4C00720AB
:100F00004A0100107600001044E30720240100107D
:100F100046010010260100104801001000C00240E8
:100F20000040034000E100E00EC00720A8010010CF
:100F3000FC65001000C009205803001004C1072000
:100F4000E503001005C1072002EB420500EB451543
:100F5000ED78142D02D20D786D1C0D70521CD2B29A
:100F6000A242F1DB09788A4602297ED3FA49897ABE
:100F700000297AD0F94A41F28831DFF8E4C31160E0
:100F8000F84DCCF8003000212B601DE001EB41064C
:100F900000EB4616B778012F14D1366ADCF80070E2
:100FA000B146BE4203DDCCF8009088F80010176807
:100FB000B94503DAC2F800908BF800102F6809EBEE
:100FC00007062E60491CC9B2A142DFDB2E6896FBE2
:100FD000FAF5E54E35601668012506B91560DCF8AE
:100FE0000060642712687E4396FBF2F2DFF87CC350
:100FF000DF4EA02ACCF8002000DD3570782A01DA17
:10100000337032E03278012A2FD1DA4A1678CEB125
:10101000137098F80020A24207DA02EB420200EBBC
:10102000421232F8503F5B1E138001EB410100EB8E
:1010300041106FF03102B0F9501091420FDAA0F870
:10104000502012E015709BF80020A242EDDA02EB6E
:10105000420200EB421232F8503F5B1CE4E73229B7
:1010600003DD4FF03201A0F8501000BFBDE8F08F53
:1010700010B50021D0200FF002FA0021BDE8104089
:10108000D4200FF0FCB970B5BB4CBC4800252178CA
:1010900051B3BB49098839B3BA4A0168B2F9002093
:1010A00011440160B1F5616F1FDBB74EA1F56161BD
:1010B0000160316840F61C40491C31600FF0DFF9D7
:1010C000B2493068B1F9001088420EDB2570FFF795
:1010D000CFFF00231A4601217A20FFF78EFCBDE8DE
:1010E00070400020FFF7A9B8056070BD70B5A24C34
:1010F000A74AA84825780021F5B3A74B1B88DBB386
:10110000A64EB0F90030B6F90060B34202DA5B1CBB
:10111000038070BD0020012D02D0022D02D004E01A
:101120009F4800E09F48B0F900009F4BB3F90030A2
:101130005843642390FBF3F09C4B00B21880914B12
:10114000B3F90030834216DA1088401C00B21080D8
:10115000974AB2F900209042DBDB2170FFF788FF4D
:1011600000231A4602217A20FFF747FCBDE87040B1
:101170000020FFF762B800E001E0118070BD01803F
:10118000F9E72DE9F05FDFF8F081DFF828B28A4F48
:1011900098F80000DFF824A20125894E00244FF4BE
:1011A000167901286AD187480168491C91FBF9F238
:1011B000016009FB121030B983480078012802D180
:1011C000D0200FF05CF9DAF80010504619B13A78E7
:1011D0000AB9491E016008467C49B1F9001008436C
:1011E000397808430CD188F80040FFF741FF00230D
:1011F0001A4619467A20FFF700FC0020FFF71DF879
:1012000073480088A8B3BBF8000090B37148018808
:10121000491C0AB2704902800B7833B1012B0CD003
:10122000022B16D0032B1DD028E06C4B1D706C4B8D
:101230001B889A4222DB0D701FE0B6F900309A42FB
:10124000664A01DA157000E0147017DB4FF00202F5
:1012500006E0624B1C70634B1B889A420EDB032234
:101260000A700AE0B6F900309A425C4A02DA147059
:1012700001E003E0157001DB0C70048098F80000B9
:1012800002285ED14F480168491C91FBF9F20160C8
:1012900009FB121030B94C480078012802D1D42043
:1012A0000FF0EDF8DAF80010504619B13A780AB9A3
:1012B000491E016008464C49B1F9001008433978CD
:1012C00008430CD188F80040FFF7D2FE00231A46ED
:1012D00019467A20FFF791FB0020FEF7AEFF3C484D
:1012E000008800282DD0BBF80000002829D03948FC
:1012F0000188491C0AB2384902800B7863B1012B7E
:1013000012D0022B1FD0032B1BD1B6F900309A420A
:10131000324A6CDA14706BE0304B1D70304B1B8816
:101320009A420EDB0D700BE0B6F900309A422B4A60
:1013300001DA157000E0147003DB4FF0020209E0DF
:101340000480BDE8F09F254B1C70264B1B889A42F9
:10135000F7DB03220A70F3E70EC00720FCC007206A
:10136000D8030010DC03001000C10720E0030010C8
:10137000E4030010E603001023000010F4C007206F
:10138000E2000010FA000010E4010010E400001078
:10139000D2030010F8C00720E6000010EC00001097
:1013A0006C0100103A010010E8000010D403001096
:1013B000EE0000107801001050000010DC01001059
:1013C0007E010010D80100104C0000103C010010FC
:1013D00076010010CC03001026000010250000103C
:1013E0007A0100107C0100103E010010FFE715702B
:1013F000A7DB0C70A4E770B5F8480078032843D148
:10140000F749F8480A68521C0A60B0F90050F648DB
:10141000B0F900002B18F548B0F900001C18F4488A
:10142000B0F9000026180020964204DCF14E086056
:101430003288521C32800968EF4E0122A94201DB3A
:10144000327000E03070ED4D8B4203DC8C4201DDE8
:101450002A7000E02870EA490A88521C12B20A80F9
:10146000B2F5167F10DB0880E6490A88521C12B2DA
:101470000A803C2A08DB0880E3490A88521C12B221
:101480000A80182A00DB088070BD0121D0200EF0F0
:10149000F6BF0121D4200EF0F2BF70B5DB48008802
:1014A00002280AD1DA480188DA48B0F9000011B1FF
:1014B000012829D001E0401C26D0C848012500247D
:1014C0000570D548D6490460D44800680860FFF725
:1014D000DCFFD448057244728472D348008840B15E
:1014E000D248008828B1D2480480D2480470D2483B
:1014F0000570D24821460460D1480460BDE87040C0
:1015000040F61C400EF0BBBF70BDC04810B500884F
:1015100002280AD1BE480188BE48B0F9000011B1C6
:1015200001282AD001E0401C27D0AC490220002429
:101530000870B948BA490460C24800680860FFF7FB
:10154000A8FFB8480121017244728472B64800882D
:1015500040B1B648008828B1B5480480B548047049
:10156000B5480170B54821460460B5480460BDE83F
:10157000104040F61C400EF082BF10BD974903207A
:101580000870704795490020087070479349002003
:1015900008707047AC49B1F90000002805D0A0F5EB
:1015A0001C52103A01D0401E088070478B49002021
:1015B00008708B4908608F490880914908809149DB
:1015C00008809149088070478449002008704FE5E1
:1015D0002DE9F041002406464FF4FA75A04627464F
:1015E00028460EF055FEB04229DA00BF05EB470051
:1015F0000EF04EFEB04200DC3C460A373FB2C82F28
:10160000F4DDC82C0EDA04F10A0708E005EB44000B
:101610000EF03EFEB04200DCA046641C24B2BC4288
:10162000F4DB0CE05FF0C80405EB44000EF030FE84
:10163000B04200DCA046641C24B2CA2CF4DD404653
:101640002BE42DE9F041002406464FF47A75A046BC
:10165000274628460EF01CFEB04228DA05EB47006C
:101660000EF016FEB04200DC3C460A373FB2C82FEF
:10167000F4DDC82C0EDA04F10A0708E005EB44009B
:101680000EF006FEB04200DCA046641C24B2BC4250
:10169000F4DB0CE05FF0C80405EB44000EF0F8FD4D
:1016A000B04200DCA046641C24B2CA2CF4DD4046E3
:1016B000C6E72DE9F05FDFF89491654F654E99F824
:1016C0000000654C322542F2ED784FF0000A40F2FE
:1016D000FE3B46282AD13078012858D12088401C6A
:1016E00000B22080404509DB86F800A05B49AC20B1
:1016F0000EF08BFE00210846FFF76CF95849A1F85F
:1017000000B0B4F9001091FBF5F005FB101100EBEF
:1017100080023A80312909D14FF4FA7101EB40007F
:10172000504900B2B1F900100EF06FFE99F80000B8
:1017300045282CD13078012829D12088401C00B2BE
:101740002080404509DB86F800A04449AE200EF019
:101750005CFE00210846FFF73DF9A7F800B0B4F998
:1017600000103F4B91FBF5F005FB101100EB8002E0
:101770001A8031290BD14FF47A7101EB40003A49BC
:1017800000B2B1F90010BDE8F05F0EF03EBED8E542
:101790002DE9FC5F2448DFF844A00088E0B123482D
:1017A0000088C8B131489AF80030B0F900102248DA
:1017B000012B007807D02E4A022BB2F900205FD00F
:1017C0002C48028003E0012801D010B177E02A48BC
:1017D00074E02A480188FAE75BE051E0230000103A
:1017E000E00100108A0100108C0100108E01001031
:1017F0009001001096010010D0030010F0C00720E7
:10180000ECC00720CE030010EEC00720DE00001061
:10181000E000001012010010D8010010D0010010EB
:10182000DC0100100EC007207601001078010010C6
:10183000CC0300102600001025000010F4C0072083
:10184000E4010010D4010010E8030010E8010010CA
:101850000C0100102400001058000010CDABFFFF59
:101860000E010010F8000010FA00001080010010B6
:10187000840100106E0100106C0100108201001044
:10188000012801D018B11AE0FE48028017E0FE4896
:1018900012E0FE48B0F90000022868D0012868D0A4
:1018A000FB480188FB480180FB48B0F90000022892
:1018B00061D0012861D0F9480188F2480180F848D8
:1018C0000021B0F90020F348FEF7E0FCF5480021C4
:1018D000B0F90020EB48FEF7D9FCF34E00254FF09D
:1018E000010970790A2812D2401CC0B270710A280E
:1018F0000DD3757186F80690F1794846052906D210
:10190000491CC9B2F171052901D3F571F072E7489C
:10191000E74BE84990F800C0E74CE84F40F2FE384A
:10192000BCF1310F2BD0BCF12B0F71D0BCF12C0FBF
:101930006ED0E34AE349BCF1340F6AD0E248BCF10F
:10194000460F67D0BCF1450F73D09AF80000DFF85E
:101950007CA3DFF87CB301286CD002286BD003286D
:101960006AD01D7000204B46B7F90010F9E3D94842
:1019700097E7D94895E7D9489EE7D9489CE790F979
:10198000010038B101281ED01D70E562256384F87E
:101990002890C1E2A6F81480A6F8168083F800907B
:1019A00040460021B7F900200AE000BF01EB4103E7
:1019B00004EB4313491CD862186383F82850C9B25A
:1019C0009142F3DBA8E2087810B1012815D0A3E218
:1019D000B582F5821D7000204B46B7F9001009E072
:1019E00000EB400204EB4212401CD562156382F802
:1019F0002830C0B28842F3DB8EE2A6F81480A6F845
:101A0000168083F8009040460021B7F900200DE0D1
:101A100013E020E166E100BF01EB410304EB431357
:101A2000491CD862186383F82850C9B29142F3DB8D
:101A300072E282E1ABE170E25DE390F9012022B154
:101A4000032A02D0062A59D05FE0A6F81480A6F82F
:101A5000168004F1280483F800906560A56084F87E
:101A600000906566A56684F86090C4F8C450C4F818
:101A7000C85084F8C090C4F82451C4F8285184F8A0
:101A80002091C4F884514946C4F8885184F88011E3
:101A9000C4F8E451C4F8E85184F8E011C4F84452A1
:101AA000C4F8485284F84012C4F8A452C4F8A852AA
:101AB00084F8A012C4F80453C4F8085384F800133F
:101AC000C4F86453C4F8685384F86013C4F8C4536A
:101AD000C4F8C85384F8C013C4F82454C4F8285474
:101AE00084F8201490F90200A4F1280400EB4000CF
:101AF00004EB40104246C2620263A9E0097811B1CA
:101B000001294DD0F0E3B582F58204F128041D705F
:101B10006560A56084F800906566A56684F86090AD
:101B2000C4F8C450C4F8C85084F8C090C4F8245114
:101B3000C4F8285184F82091C4F88451C4F888511D
:101B400084F88091C4F8E451C4F8E85184F8E09135
:101B5000C4F844524846C4F8485284F84002C4F8D5
:101B6000A452C4F8A85284F8A002C4F80453C4F8DC
:101B7000085384F80003C4F86453C4F8685384F825
:101B80006003C4F8C453C4F8C85384F8C003C4F84D
:101B90002454C4F8285484F82004A4F12804A3E3AE
:101BA000A6F81480A6F8168004F1280483F80090A3
:101BB0006560A56084F800906566A56684F860900D
:101BC000C4F8C450C4F8C85084F8C090C4F8245174
:101BD000C4F8285184F82091C4F884514A46C4F8C6
:101BE000885184F88021C4F8E451C4F8E85184F89D
:101BF000E021C4F84452C4F8485284F84022C4F8A2
:101C0000A452C4F8A85284F8A022C4F80453C4F81B
:101C1000085384F80023C4F86453C4F8685384F864
:101C20006023C4F8C453C4F8C85384F8C023C4F86C
:101C30002454C4F8285484F8202490F90200A4F114
:101C4000280400EB400004EB40104146C1620163F0
:101C500080F8285048E3B1F900C00020B2F9002014
:101C6000B7F900100AE000BF00EB400304EB431398
:101C7000401CC3E90B2C83F82850C0B28842F3DB28
:101C800032E300006E0100108601001070010010A8
:101C90002C0100106C0100107201001032010010C4
:101CA00046010010200100100EC00720E8010010BE
:101CB00076C007203A00001044E3072076000010A9
:101CC0000C0100100E01001024000010D4C00720E9
:101CD000B2030010300100102E0100103601001078
:101CE00034010010007801284FF0000011D0414667
:101CF000B7F900200AE000BF00EB400304EB4313F8
:101D0000401CD962196383F82850C0B29042F3DBBB
:101D1000EAE2B1F900C0B2F90020B7F9001009E019
:101D200000EB400304EB4313401CC3E90B2C83F886
:101D30002850C0B28842F3DBD6E2007801284FF089
:101D4000000010D04146B7F9002009E000EB400345
:101D500004EB4313401CD962196383F82850C0B2C6
:101D60009042F3DBC0E2B1F900C0B2F90020B7F94C
:101D7000001009E000EB400304EB4313401CC3E9EF
:101D80000B2C83F82850C0B28842F3DBACE2F64853
:101D9000B0F9000050B1F5490B68834206DAF44906
:101DA000B1F900205A4392FBF0F00880B07988B373
:101DB000F048008840B1F048008828B1EF4800782A
:101DC000012834D0032832D0ED48B0F90010E8489B
:101DD000B0F90000814204DABBF8001001F1010102
:101DE00004E005DDBBF80010A1F10101ABF8001023
:101DF00032225142E348FEF749FAE348B0F90010B5
:101E0000E248B0F90000814205DABAF8001001F1A9
:101E1000010105E00BE005DDBAF80010A1F10101B8
:101E2000AAF8001032225142D948FEF72FFAD748BB
:101E3000D849B0F90000B1F90010C0EB40204000D3
:101E400090FBF1F00090CA48D349B0F90000B1F915
:101E50000010C0EB4020400090FBF1F08046AC2029
:101E60000EF016FAA0F52B41CD3907D1C748B0F9CD
:101E70000000FFF7ADFB00EB80000090AE200EF0FD
:101E800007FAA0F52B41CD3907D1B948B0F90000C8
:101E9000FFF7D7FB00EB800080460020B7F900C0B9
:101EA00038E0B449098841B1B349098829B1B34937
:101EB000097801290ED003290CD000990AB2BAF989
:101EC0000010521800EB400104EB4111CA620AD520
:101ED000CD620DE000EB400104EB4111CD620D63DA
:101EE00081F8289014E040F2FE339A4200DDCB6284
:101EF000BBF900200FFA88F39A180A6301D50D6325
:101F000004E040F2FE339A4200DD0B6381F8285072
:101F1000401CC0B26045C4DBE6E1A04BB3F9000051
:101F2000052802DD86F8099000E07572DFF870C2BE
:101F30006422BCF9001091FBF2F20092002A01DC4D
:101F400001220092401A00B2FEF7DAF9009909B2B4
:101F5000884202DA86F80A9000E0B5723572B07AEB
:101F600078B1F07AB0B38D48F572B0F900108C48B2
:101F7000B0F90000814229DB2EDC31E0AAF8001024
:101F80002EE0B07930B3707A20B37D48B0F90010FC
:101F90008448B0F90000814204DABBF8001001F176
:101FA000010104E005DDBBF80010A1F10101ABF86F
:101FB0000010322251427348FEF768F97748B0F9B1
:101FC00000107748B0F90000814204DABAF8001036
:101FD000491CD3E709E003DDBAF80010491ECDE73C
:101FE000322251426A48FEF751F96D484FF461714F
:101FF000B0F9000048436749B1F9001090FBF1F0D7
:1020000032300090AC200EF043F9A0F52B41CD39D1
:1020100007D16348B0F90000FFF7DAFA00EB80005F
:102020000090DFF880815C49B8F90000B1F9001038
:10203000C0EB4020400090FBF1F00190AE200EF08C
:1020400027F9A0F52B41CD3906D1B8F90000FFF7EB
:10205000F8FA00EB800001900020B7F9008041E021
:102060004449098841B14449098829B1434909785B
:10207000012913D0032911D000EB400104EB411CCE
:102080000099BCF950200BB2BAF90010194451184C
:10209000CCF82C100BD5CCF82C500EE000EB400106
:1020A00004EB4111CD620D6381F8289018E040F2F5
:1020B000FE32914201DDCCF82C2001990AB2BBF925
:1020C00000105118CCF8301002D5CCF8305005E093
:1020D00040F2FE32914201DDCCF830208CF82850DD
:1020E000401CC0B24045BBDB2F49009808802F49F7
:1020F000E06A0880F8E0B079A0B32D48007888BB8A
:102100002C48B0F9000000EB80011D48B0F9000038
:10211000B0EB410F04DABBF8001001F1010104E05B
:1021200005DDBBF80010A1F10101ABF8001042463B
:1021300029461448FEF7AAF8322251421148FEF708
:10214000A5F81D48B0F9000000EB80010E48B0F979
:102150000000B0EB410F31DABAF8001001F10101D3
:1021600031E0BBE03BE00000DC000010D8010010D3
:102170006C0100107601001078010010260000109C
:10218000FA000010B2030010F8000010380100102F
:10219000D4C007202001001046010010AC0300103D
:1021A0006E0100103A010010DCC00720C2030010CD
:1021B000D0030010940100109201001005DDBAF860
:1021C0000010A1F10101AAF8001042462946FD487D
:1021D000FEF75CF832225142FB48FEF757F8FB4805
:1021E00042F2EC71B0F900004843F949B1F900102E
:1021F00090FBF1F00090F74842F2EC71B0F900006A
:102200004843F549B1F9001090FBF1F00190AC2082
:102210000EF03EF8A0F52B41CD390AD1EB480088ED
:1022200000EB8000400000B2FFF7D2F900EB800025
:102230000090AE200EF02CF8A0F52B41CD390AD13C
:10224000E448008800EB8000400000B2FFF7F9F995
:1022500000EB800001900020B7F9001031E0DF4A68
:10226000127842B100EB400204EB4212D5621563D2
:1022700082F8289023E0009A13B2BAF900209A1845
:1022800000EB400304EB431CCCF82C2002D5CCF827
:102290002C5003E0424501DDCCF82C80019A13B2AA
:1022A000BBF900209A18CCF8302002D5CCF8305079
:1022B00003E0424501DDCCF830808CF82850401C0A
:1022C000C0B28842CBDB0FE000EB400204EB4212CD
:1022D000401CD562156382F82830C0B28842F3DB17
:1022E000ABF80050AAF80050BD49B1F90000D8B1D0
:1022F000401E00B20880BB4ABB4908B915800D805A
:10230000B1F900C00020B2F90020B7F9001009E0CF
:1023100000EB400304EB4313401CC3E90B2C83F890
:102320002850C0B28842F3DB00204A46B7F900309B
:102330000EE000BF00EB400104EB41114F7817F0B5
:102340008F0F03D0CD620D6381F82820401CC0B2EE
:102350009842EFDBB571BDE8FC9F00EB4001A3485C
:1023600010B500EB4110017803297ED190F83E2092
:102370004FF00A019307B0F942300DD50A2B16DA57
:102380005B1C1BB2A0F842300A2B10DBA0F84210F5
:10239000437843F0010309E04BB1A3F101031BB201
:1023A000A0F842301BB9437823F0010343701307B0
:1023B000B0F944304FF000040DD50A2B1BDA5B1C3A
:1023C0001BB2A0F844300A2B15DBA0F84410437868
:1023D00043F002030AE0002B0ADDA3F101031BB264
:1023E000A0F844303BB9437823F00203437002E085
:1023F00001DAA0F84440D3060FD5B0F946300A2BD5
:1024000017DA5B1C1BB2A0F846300A2B11DBA0F8D0
:102410004610417841F004010AE0B0F9461041B19C
:10242000491E09B2A0F8461019B9417821F00401FB
:1024300041706F490B78012B01D0022B34D16D49CB
:10244000098861B36C49022BB1F9001002D16B49C4
:10245000B1F900106A4BB3F9003064335943642377
:1024600091FBF3F109B2674B00E04EE019808369FC
:102470008B4290F8521013DD634BB3F9003003EB3D
:102480008303B1EB430F0FDA491CC9B280F8521035
:10249000B1EB430F08DB417841F08001417003E06C
:1024A00011B1491E80F85210417811F08F0F01D000
:1024B00004220FE0554B1B7823B1C378142B01D9AC
:1024C000052207E0920601D5022203E0C278142A11
:1024D00001D201228270C2780A2A90F8282006D3FD
:1024E00042F0800280F8282041F0080105E002F067
:1024F0007F0280F8282021F0080141704449B1F999
:102500001420C262B1F91610016310BD2DE9F04725
:102510003748404E3E4C0078002510B3B6F9000015
:1025200000EB8001B4F92800B0EB410F01DA401C48
:1025300020853948DFF8E48047F2305AB0F90000CE
:1025400000EB8001B8F90000B0EB410F0BDD608DAE
:102550005246401C60852E4800212A30FDF796FE29
:1025600002E02585E5E76585DFF8B4900127B9F934
:10257000000000EB8001B4F92A00B0EB410F0ADB48
:10258000B6F90010B4F9282001EB8101B2EB410F3C
:1025900001DB277301E000B925732248B0F9000080
:1025A00000EB8001B8F90000B0EB410F3CDAA08DE0
:1025B0005246401CA085164800212C30FDF766FECF
:1025C00033E00000B2030010D4C0072092010010D5
:1025D000200100109401001046010010D0030010EB
:1025E000EC030010EA0300100AC1072044E30720AF
:1025F00023000010F0000010380100106E010010E0
:10260000F200001008C10720F4000010AE03001013
:102610000EC00720540100105E010010F8000010E9
:10262000560100105C010010A585B9F9000000EB0F
:102630008001B4F92C00B0EB410F0ADBB6F90010B1
:10264000B4F9282001EB8101B2EB410F01DB677384
:1026500002E030B1607B28B1207B18B1A773BDE8E0
:10266000F0876573A573FAE72DE9F05FB748DFF8E7
:10267000E482DFF8E4B20178B548DFF8E0A2B84DB3
:10268000B0F90000B74E0027B74C022911D001293C
:1026900025D02780B5492868B1F90010884243DD6C
:1026A000B3493068B1F9001088423DDA2088401CF7
:1026B0003CE0DFF8C092B9F80010401A00B200F018
:1026C000A7FAC8F8000064214843B9F90010DFF800
:1026D000A88290FBF1F02860BBF8001014E0DFF84E
:1026E0009C92B9F80010401A00B200F091FAC8F8B4
:1026F000000064214843B9F90010DFF8848290FBA0
:10270000F1F02860BBF80010B8F80000081A00B219
:1027100000F07EFA6421CAF800004843B8F90010BE
:1027200090FBF1F03060B5E72088401E954D208089
:102730000A21288800EB800001EB400002B2002152
:102740008948FDF7A3FD8148007800B927808E48AD
:102750008E498F4A0068B1F9001088420ADBB5F94A
:102760000030B4F9006003EB8303B6EB430F01DDE7
:1027700001231370884208DBB5F90000B4F900109A
:1027800000EB8000B1EB400F00DC1770BDE8F09F5C
:102790002DE9F04F6D48DFF8FCE1814B90F800C067
:1027A0007D48B3F900607F4B0078BEF90040824657
:1027B0007A480122B3F9003000780021834674483A
:1027C0000578AEF13200877B90F80D80007B814662
:1027D000AEF1040024B3012C0AD0022C13D0032C38
:1027E00019D0042C1FD0052C29D0062C33D039E069
:1027F000BCF1030F03D0BBF1000F32D02FE0BAF1D0
:10280000000F2ED12BE016B1012E02D02AE00DB31D
:1028100027E02DB123E013B1012B02D022E0CFB18C
:102820001FE0F7B11BE013B1012B04D01AE0B8F19F
:10283000000F14D015E0B8F1000F12D00FE013B163
:10284000012B04D00EE0B9F1000F08D009E0B9F176
:10285000000F06D003E04F4CA41E24780CB1027088
:1028600000E00170BEF902407CB1012C10D0022CB6
:102870001AD0032C21D0042C28D0052C31D0062CC2
:1028800004D1444B9B1E5B7843B94170BDE8F08F87
:10289000BCF1030F04D0BBF1000FF6D04270F5E796
:1028A000BAF1000FF1D1F9E726B1012EEED1002DDA
:1028B000F4D1EAE7002DF1D0E7E723B1012BE5D110
:1028C000002FEBD1E1E7002FE8D0DEE72BB1012BA1
:1028D000DCD1B8F1000FE1D1D7E7B8F1000FDDD0BE
:1028E000D3E72BB1012BD1D1B9F1000FD6D1CCE771
:1028F000B9F1000FD2D0C8E72B49086820F4404056
:1029000008602A48026842F080020260214A121FD1
:102910001378012B436912D043F0800343610B68A5
:1029200023F440630B60016841F02001016051789D
:102930000129416906D041F020014161704723F02F
:102940008003EBE721F02001F7E7000023000010EF
:10295000F8000010E0C00720FA000010E4C00720D3
:10296000C4030010C8030010EAC00720580100107B
:102970005A010010320100103A0100103801001015
:102980006C01001052010010D8010010500100101D
:10299000E8C0072040C00720F0C007202500001035
:1029A0004C0100104E01001000C0024000C0092080
:1029B0002DE9F84F07460020804605460446542678
:1029C00059B1012904D0022904D0032904D004E01C
:1029D000552602E0752600E04C268C48DFF8289248
:1029E00007EB47034FF0000A00EB4310012A02D027
:1029F000002A7ED003E131B1012908D002290AD092
:102A000003290CD00FE0427842F001020AE042783C
:102A100042F0020206E0427842F0040202E042780C
:102A200042F00802427080F84F1053208DF80000E9
:102A30008DF801708DF8026055468DF803A0694647
:102A400028460DF05EFD6946042000950DF059FD05
:102A5000B9F83C0009F120048DF80000207E8DF8C3
:102A60000100207B8DF802008DF8035069464FF07D
:102A700008000DF046FD207A8DF8000020798DF8D1
:102A8000010020788DF802008DF8035069460C2073
:102A90000DF037FD41248DF800408DF801408DF890
:102AA00002408DF80340694610200DF02AFD8DF894
:102AB00000408DF801408DF802408DF803406946D2
:102AC00014200DF01EFD8DF800408DF801408DF8AA
:102AD00002408DF80340694618200DF012FD8DF874
:102AE00000408DF801408DF802408DF803406946A2
:102AF00000E001E01C2080E031B1012908D002296A
:102B000013D0032915D007E0417821F0010102E03C
:102B1000417821F00201417005F110004FEA000BED
:102B20009DF80000532818D107E0417821F00401F6
:102B3000F1E7417821F00801EDE79DF80100B84286
:102B40000BD19DF80200B04207D1694658460DF0FE
:102B50001CFC9DF80000412805D0F4B3641EA4B20B
:102B60004445DDD14BE09DF801004128F5D19DF8A9
:102B700002004128F1D19DF803004128EDD1B9F8B8
:102B80003C0009F120048DF80000207E8DF8010042
:102B9000207B8DF8020056468DF803A06946584602
:102BA0000DF0AFFC207A8DF8000020798DF801003F
:102BB00020788DF802008DF80360694605F1140055
:102BC0000DF09FFC42248DF800408DF801408DF8F7
:102BD00002408DF80340694600E013E005F118005B
:102BE0000DF08FFC8DF800408DF801408DF802400B
:102BF0008DF80340694605F11C000DF082FC00BF12
:102C0000BDE8F88F3F248BE70040024044E30720F3
:102C1000002801DA404200B2704710B540F2D4708B
:102C20000DF036FBFF4C207040F2D6700DF030FBFB
:102C300060704FF4FB600DF02BFBA07040F2DA7077
:102C40000DF026FBE07040F2DC700DF021FB2072ED
:102C500040F2DE700DF01CFB60724FF4FC600DF072
:102C600017FBA07240F2E2700DF012FBE0724FF41D
:102C700001600DF00DFB207140F612000DF008FB15
:102C8000607140F614000DF003FBA07140F61600D1
:102C90000DF0FEFAE07110BDE34810B5016821F0B7
:102CA000E06101604168E24AC1F30B13DF4C117827
:102CB00024F81130491CC9B21170032903D20168EC
:102CC00041F08071016010BD2DE9FF41D94C002514
:102CD000E08CE085032020852078401CC0B204F8F9
:102CE0002209232802D384F8225001E020285AD850
:102CF0002120FDF77CFAD04948B1D048008822282D
:102D000005D191F9020094F82220904249D094F81C
:102D10002A00DFF82C8348BB0878ED227C2813D1E9
:102D200094F82200A8F120010B5C5B1CDBB20B5471
:102D3000032B01D30D5407E0012B02D0022B02D04C
:102D400002E0EB2200E0EC2294F8220000EB4003CA
:102D500008EB431303F1280319795F7A1E7A5D7932
:102D60008DE8E2001B78014611F058F894F8220033
:102D7000202816D200EB400108EB4110C1783C2915
:102D800005D2491CC9B2C170032902D207E03C2117
:102D9000C1700179032902D24179491C4171C1787E
:102DA0000171BDE8FF81A3492239212891F82A1039
:102DB0001CD02228F5D10029F3D19F480A21C83818
:102DC000B0F9040090FBF1F09B49C0B2BE394A78DB
:102DD0000B78891E4C7800940390CDE901320B7872
:102DE0002922FF21084611F019F8DAE70029D8D185
:102DF00090482E304178027808384378CDE9003287
:102E0000CDE9021503786222EBE78B4900205039A7
:102E10000870487088705031487070472DE9F04F45
:102E2000DFF810E24FF03C0BAEF1220E0EF1800104
:102E300001F1800AB1F95830B1F95A4001F58071B9
:102E40009EF82B008E6BC96B96FBFBF591FBFBF795
:102E50000FFA81F87146BAF9222091F803C03FB207
:102E6000BAF924102DB236B2B946A8B101283DD125
:102E70000AF11200BAF812708786BAF81A7007873A
:102E80004386C486BAF91E7050468FB34FF6FF7062
:102E90005346AAF8420018E00AF10C00BAF818707C
:102EA0004787BAF80C70C78703878487BAF91C7004
:102EB0005046002FEAD103465F48A0F14800006B5E
:102EC0001BE000BF90FBFBF019E03A431AD011B1B0
:102ED000A3F8405008E0A3F8406005E0A3F8409054
:102EE00002E000BFA3F840808EF82EC0BDE8F08F4E
:102EF000FFE7034650484838406B0029E2D1A3F869
:102F00004200E2E70029EDD0E8E7F0B500204D4AA5
:102F100001464FF4F4731154401C00B29842FADB9E
:102F2000DFF814E100200EF1420E14277A2141430C
:102F300000EB80039B0000EB80041BB207EB8405D1
:102F40001FE000BF1EF803405E2C21D03E4E04EB74
:102F5000440416F814C002F801C006EB4404491CEE
:102F600066785654491CA6785654491CE67856543F
:102F7000491C26795654491C64795454491C5B1CDD
:102F80001BB29D42DEDC401C00B20428CEDBF0BD4B
:102F90004FF07E0C02F801C0491C42245454491CD5
:102FA0005A265654491C5654491C5454491C02F87C
:102FB00001C0E3E72DE9F04F244AE9B0052112787A
:102FC00000200DF1D00E1AB921A034900120062165
:102FD000254A127842B925A34EF8203000F10100AD
:102FE00001F10101C0B2C9B2154A53781B060ED5D2
:102FF00024A44EF8204000F10100C0B227A44EF8EE
:10300000204000F1010001F10201C0B2C9B292F802
:1030100061301B0664D527A44EF8204000F1010062
:10302000C0B253E0BC2908200040034044C0072040
:103030000EC0072042000010E8010010040000103C
:1030400044E3072044EF0720749A01001FC00720C3
:1030500020CEF2F1F3F2F1F2E2F3E5F220F4E0E750
:10306000E02042200000000020C0072020CEF2F126
:10307000F3F2F1F2E2F3E5F220F4E0E7E02043209E
:103080000000000020C1CFD1204E3120E7E0E1EB6D
:10309000EEEAE8F0EEE2E0ED000000002020EFEEC6
:1030A00020EFF0E5E2FBF8E5EDE8FE2055E2FBF568
:1030B0000000000020C1CFD1204E3220E7E0E1EB3C
:1030C000EEEAE8F0EEE2E0ED00000000AFF23404DA
:1030D0004EF8204000F1010001F10201C0B2C9B276
:1030E00092F8C1301B060FD5FFA44EF8204000F126
:1030F0000100C0B2AFF25C044EF8204000F10100C4
:1031000001F10201C0B2C9B292F821311B060FD5FC
:10311000FBA44EF8204000F10100C0B2AFF28404DD
:103120004EF8204000F1010001F10201C0B2C9B225
:1031300092F881311B060FD5F7A44EF8204000F11C
:103140000100C0B2AFF2AC044EF8204000F1010023
:1031500001F10201C0B2C9B292F8E1311B060FD5EC
:10316000F3A44EF8204000F10100C0B2AFF2D40445
:103170004EF8204000F1010001F10201C0B2C9B2D5
:1031800092F841321B060FD5EFA44EF8204000F113
:103190000100C0B2AFF2FC044EF8204000F1010083
:1031A00001F10201C0B2C9B292F8A1321B060FD5DB
:1031B000EBA44EF8204000F10100C0B2AFF224149D
:1031C0004EF8204000F1010001F10201C0B2C9B285
:1031D00092F801331B060FD5E7A44EF8204000F10A
:1031E0000100C0B2AFF24C144EF8204000F10100D3
:1031F00001F10201C0B2C9B292F861331B060FD5CA
:10320000E3A44EF8204000F10100C0B2AFF2741404
:103210004EF8204000F1010001F10201C0B2C9B234
:1032200092F8C1331B060FD5DFA44EF8204000F101
:103230000100C0B2AFF29C144EF8204000F1010032
:1032400001F10201C0B2C9B292F821341B060FD5B8
:10325000DBA44EF8204000F10100C0B2AFF2C4146C
:103260004EF8204000F1010001F10201C0B2C9B2E4
:1032700092F881341B060FD5D7A44EF8204000F1F8
:103280000100C0B2AFF2EC144EF8204000F1010092
:1032900001F10201C0B2C9B292F8E1341B060FD5A8
:1032A000D3A44EF8204000F10100C0B2AFF21424C4
:1032B0004EF8204000F1010001F10201C0B2C9B294
:1032C00092F841351B060FD5CFA44EF8204000F1EF
:1032D0000100C0B2AFF23C244EF8204000F10100E2
:1032E00001F10201C0B2C9B292F8A1351B060FD597
:1032F000CBA44EF8204000F10100C0B2AFF264242C
:103300004EF8204000F1010001F10201C0B2C9B243
:1033100092F801361B060FD5C7A44EF8204000F1E5
:103320000100C0B2AFF28C244EF8204000F1010041
:1033300001F10201C0B2C9B292F861361B060FD585
:10334000C3A44EF8204000F10100C0B2AFF2B42493
:103350004EF8204000F1010001F10201C0B2C9B2F3
:1033600092F8C1361B060FD5BFA44EF8204000F1DD
:103370000100C0B2AFF2DC244EF8204000F10100A1
:1033800001F10201C0B2C9B2BD4A92F8212712066A
:103390000AD5BCA34EF82030401CC0B2AFF20433B3
:1033A000891C4EF82030C9B2BC48B0F956200092B2
:1033B0000270027A521CD2B20272142A08D300227E
:1033C0000272C3795B1CDBB2C3718B4200D3C27142
:1033D000B348DFF8CCB202AC0178C838ABF1480B87
:1033E000B0F95880C830ABF5807A90F9045090F964
:1033F0000100421BE9B3A94BDFF8A492B3F95630A0
:103400009B1E7D2901F092830D2901F0CD837C293B
:1034100001F05485212901F09B854B466C2993F9D5
:10342000043004EB830601F0A9854B465B789B1EB4
:103430005BB26D2901F0CD856F2901F057876B29AB
:1034400002F045806A2902F080804E4696F90270AB
:103450007678761E4FFA86FC682902F002824E4684
:103460000F2902F066821029FBD0042902F08A821B
:1034700000E042E1894EDFF82C924FF05E08B67E04
:10348000402902F08A85702902F00D86DFF810824B
:10349000362903F06781342903F0AD81752903F0E3
:1034A000E581762903F02F82722903F07882712951
:1034B00003F07A82732903F04E845B2903F087843A
:1034C0005F465F2903F009856029FBD0622903F07C
:1034D0001685632903F06085642903F0AE854FF0FB
:1034E000030E1229E0E0000020C1CFD1204E33208E
:1034F000E7E0E1EBEEEAE8F0EEE2E0ED00000000EC
:1035000020C1CFD1204E3420E7E0E1EBEEEAE8F035
:10351000EEE2E0ED0000000020C1CFD1204E3520CA
:10352000E7E0E1EBEEEAE8F0EEE2E0ED00000000BB
:1035300020C1CFD1204E3620E7E0E1EBEEEAE8F003
:10354000EEE2E0ED0000000020C1CFD1204E372098
:10355000E7E0E1EBEEEAE8F0EEE2E0ED000000008B
:1035600020C1CFD1204E3820E7E0E1EBEEEAE8F0D1
:10357000EEE2E0ED0000000020C1CFD1204E392066
:10358000E7E0E1EBEEEAE8F0EEE2E0ED000000005B
:1035900020C1CFD1204E313020E7E0E1EBEEEAE868
:1035A000F0EEE2E0ED00000020C1CFD1204E31313D
:1035B00020E7E0E1EBEEEAE8F0EEE2E0ED0000000B
:1035C00020C1CFD1204E313220E7E0E1EBEEEAE836
:1035D000F0EEE2E0ED00000020C1CFD1204E31330B
:1035E00020E7E0E1EBEEEAE8F0EEE2E0ED000000DB
:1035F00020C1CFD1204E313420E7E0E1EBEEEAE804
:10360000F0EEE2E0ED00000020C1CFD1204E3135D8
:1036100020E7E0E1EBEEEAE8F0EEE2E0ED000000AA
:1036200020C1CFD1204E313620E7E0E1EBEEEAE8D1
:10363000F0EEE2E0ED00000020C1CFD1204E3137A6
:1036400020E7E0E1EBEEEAE8F0EEE2E0ED0000007A
:1036500020C1CFD1204E313820E7E0E1EBEEEAE89F
:10366000F0EEE2E0ED00000020C1CFD1204E313974
:1036700020E7E0E1EBEEEAE8F0EEE2E0ED0000004A
:1036800044E3072020C1CFD1204E323020E7E0E1D3
:10369000EBEEEAE8F0EEE2E0ED00000020000010C2
:1036A000E8010010A8A0010003F03A86442903F0C5
:1036B0007286A7F5C07746293F7903F087864529AA
:1036C00003F0C2864746312903F00787742903F0C7
:1036D00019872D2903F066870F234FF009082B293E
:1036E00004F0C7812C2904F01184592904F0F184D5
:1036F0006E2904F0188504F05FBDCC49C97889466D
:10370000032930D0C949C94B91F82B7001F5E471F8
:1037100080334978C91E49B20091B3F97E100191F6
:10372000C249B3F9423001F5807691F806C0B6F986
:10373000566066934B79C97E002F7ED0012F7DD0D5
:10374000DFF8E8C2022F7AD0B9F1020F00F09D87AE
:10375000B7A70297002E00F0D587012B00F0AD87A8
:10376000B9A700F0CEBFBEA00290C3A00390C8A02E
:103770000490CDA002AD0346059007CDFDF751F9A9
:10378000CF4DDBF84000B5F96A10884203DA002219
:103790002121CCA019E0B5F96C201144814203DD50
:1037A00000222121C8A010E0B5F96E201144814209
:1037B00003DD00222121C5A007E0B5F970201144E6
:1037C000814204DD00222121C1A0FDF75AF905F153
:1037D0007205002268882B2180B2FDF704F8288842
:1037E0000022402180B2FCF7FEFFBAF95A000A26F7
:1037F00090FBF6F0574680B200222321FCF7F3FF3E
:10380000B7F95800002290FBF6F080B22421FCF7B3
:10381000EAFFA8880022401C5E2180B2FCF7E3FF8B
:10382000DBF840005D4690FBF6F13C2091FBF0F2A6
:1038300000FB121080B2002202E00EE0E9E2F7E3A2
:103840007321FCF7D0FF286C4FF4167190FBF1F058
:10385000002280B2542100F003BFB9F1010F09D05A
:103860009CA10291002E46D0012B28D0002B42D1E2
:103870009EA13FE0A3A70297002E3CD0B8F1000F15
:1038800005D0BCF1010F06D0BCF1030F03D0012B12
:1038900007D0E3B12FE0890701D5A0A12AE099A1C3
:1038A00028E041B1012908D0022908D0032908D015
:1038B000042908D014E09FA11CE0A4A11AE0A9A14A
:1038C00018E0AEA116E0B3A114E082A112E051B15C
:1038D00001290AD00229CBD0032908D0042908D015
:1038E0000529F2D007E0B1A104E0B6A102E0BBA136
:1038F00000E0C0A1029160A10391C4A14B4E0491CC
:10390000B9F1010F05D1C7A10491669909B1CBA105
:1039100004915FA10591CFA10691D4A10791D9A1EE
:103920000891DEA10991E3A10A91E8A10B91EDA113
:103930000C916349C831032A01DD009801E0A842D7
:1039400000DA0871019857460F2806DDEBA3F1A2B3
:10395000F6A1FCA0FDF765F81AE0F079052808D279
:1039600091F9045004EB8500001D0EC854F82500A1
:1039700009E091F904100EEB800004EB8101091DB0
:1039800050F8140C0EC9FDF74CF80020FCF7E5FFC9
:103990004B4DB5F8560010B1B5F8580020B90022CB
:1039A0005E21EEA0FDF76DF8B5F94C004FF47A7882
:1039B000404503DA01222B2180B205E00A2190FB69
:1039C000F1F080B200222B21FCF70DFFB7F95A006D
:1039D000404503DA0122232180B205E00A2190FB51
:1039E000F1F080B200222321FCF7FDFEB7F9580068
:1039F0004746B84203DA0122242180B205E00A21B9
:103A000090FBF1F080B200222421FCF7ECFEB5F926
:103A10001800B84209DA01227B2180B2FCF7E3FEEC
:103A2000288B0122402180B2A9E199E120000010F9
:103A300020C8F1F2EEF7EDE8EA20EDE0EFF02E20FD
:103A40005E2020200000000020C8F1F2EEF7EDE833
:103A5000EA20EDE0EFF02E205E3C3C3C0000000050
:103A6000202020C8D1CFDBD2C0CDC8C520D4C0C74C
:103A7000C0202120000000002049F3202020202B1E
:103A8000C020556D617820202020404200000000B9
:103A90002049202020202023C02055202020202025
:103AA000202024420000000020D6E8EAEB204E202F
:103AB00020205E20202030543A3073200000000087
:103AC00020010010410000004200000043000000FF
:103AD0004400000020C8F1F2EEF7EDE8EA20F2EE33
:103AE000EAE020205E2020200000000020C8F1F243
:103AF000EEF7EDE8EA20F2EEEAE020205E3C3C3C06
:103B00000000000020C8F1F2EEF7EDE8EA20F2EE46
:103B1000EAE02020202020200000000020C8F1F250
:103B2000EEF7EDE8EA20F2EEEAE020205E203C3EEF
:103B30000000000020C8F1F2EEF7EDE8EA20F2EE16
:103B4000EAE020205E3E20200000000020C8F1F2C4
:103B5000EEF7EDE8EA20F2EEEAE020205E3E3E20BD
:103B60000000000020C8F1F2EEF7EDE8EA20F2EEE6
:103B7000EAE020205E3E3E3E0000000020C8F1F258
:103B8000EEF7EDE8EA20F2EEEAE020205E203E3E8D
:103B90000000000020C8F1F2EEF7EDE8EA20F2EEB6
:103BA000EAE020205E20203E0000000020C8F1F264
:103BB000EEF7EDE8EA20F2EEEAE020205E20203C7D
:103BC0000000000020C8F1F2EEF7EDE8EA20F2EE86
:103BD000EAE020205E203C3C0000000020C8F1F21A
:103BE000EEF7EDE8EA20F2EEEAE020205E3C3C2031
:103BF0000000000020C8F1F2EEF7EDE8EA20F2EE56
:103C0000EAE020205E3C20200000000020C4EBE819
:103C1000F22DF1F2FC2E202030743A30543A3073F9
:103C20000000000020202020202030743A30543A38
:103C30003073202020202020000000002030743A23
:103C400030543A307320202020202071C02AF720E1
:103C5000000000002055EC61782EE8F1F22EF2EE23
:103C6000EAE0202020207BC20000000020C0E2E02B
:103C7000F0E8E820202020202020202020202020E4
:103C80000000000020C2FBF5EEE4202020202020D0
:103C900020202020202020200000000020D3F1F24E
:103CA000E0EDEEE2EAE82020202020202020202065
:103CB0000000000020C2FBEFF0FFECE8F2E5EBE8CB
:103CC00020202020202020200000000020C2E5F03D
:103CD000F1E8FF20CFCE20D3CAD3202020202020FF
:103CE0000000000020C2E5F0F1E8FF20CFCE20C1A7
:103CF000CFD12020202020200000000020E8EBE889
:103D000020EDE5F1EAEEEBFCEAEE20F4E0E72E2010
:103D1000000000002020CEF2F1F3F2F1F2E2F3E530
:103D2000F220EEE4EDE02020000000002020202022
:103D30002020F1E5F2E8212121212020202020204F
:103D4000000000002020C0E2E0F0E8FF20EFE8F2F1
:103D5000E0FEF9E5E920202000000000200000003E
:103D60000A2790FBF7F080B200227B21FCF73BFD95
:103D7000B5F91800002290FBF7F080B24021FCF763
:103D800032FDF07801283BD1B5F92200B5F91C10BD
:103D900000F06DBEDBF838003C2790FBF7F107FB25
:103DA00011005D4680B200227321FCF71CFDA86B58
:103DB000002290FBF7F090FBF7F107FB110080B2B7
:103DC0005421FCF710FDA96BF1E3DBF83C003C2724
:103DD00090FBF7F107FB11005D4680B200227321D2
:103DE000FCF701FDE86B002290FBF7F090FBF7F188
:103DF00007FB110080B25421FCF7F5FCE96BE3E707
:103E0000A88B00287ED100F076BE00BFFCF739FEFB
:103E1000FDE3B9F1020F0AD0AFF2EC310291002EAE
:103E200047D0012B27D07BBBAFF2E43140E0D8A7CD
:103E300002974EB3B8F1000F05D0BCF1010F06D0C8
:103E4000BCF1030F03D0012B07D0F3B131E0890798
:103E500001D5D5A12CE0CEA12AE041B1012908D09D
:103E6000022908D0032908D0042908D016E0D4A1DB
:103E70001EE0D9A11CE0DEA11AE0E3A118E0E8A150
:103E800016E0AFF2544113E013E051B101290AD01A
:103E90000229C9D0032908D0042908D00529F0D067
:103EA00007E0E5A104E0EAA102E0EFA100E0F4A14F
:103EB0000291F9A10391AFF2AC21FD4E0491B9F149
:103EC000020F07D1AFF2A4210491669911B1AFF2AC
:103ED00094210491F7A10591FCA10691AFF2742100
:103EE0000791AFF260210891AFF250210991AFF232
:103EF0003C210A91AFF22C210B91AFF218210C91C9
:103F0000F84900E028E1032A01DD009801E0A84219
:103F100000DA0871019857460F280ADDAFF2242312
:103F2000AFF21022AFF2FC11AFF2E810FCF779FD0E
:103F30001AE0F079052808D291F9045004EB8500C5
:103F4000001D0EC854F8250009E091F904100EEB8D
:103F5000800004EB8101091D50F8140C0EC9FCF718
:103F600060FD0020FCF7F9FCDE4DC83DB5F85600B9
:103F700010B1B5F8580028B900225E21AFF2242014
:103F8000FCF77FFDB5F94E004FF47A78404503DA2F
:103F90000122252180B205E00A2190FBF1F080B2D8
:103FA00000222521FCF71FFCB7F95800404503DA31
:103FB0000122262180B205E00A2190FBF1F080B2B7
:103FC00000222621FCF70FFCB7F95A004746B842F9
:103FD00003DA0122232180B205E00A2190FBF1F0EF
:103FE00080B200222321FCF7FEFBB5F91A00B8428B
:103FF00009DA01227D2180B2FCF7F5FB688B0122F2
:104000007D2180B20EE00A2790FBF7F080B20022FB
:104010007D21FCF7E8FBB5F91A00002290FBF7F0D0
:1040200080B27D21FCF7DFFBF07802286FD01BE027
:1040300028E0DBF83C003C2590FBF5F105FB110086
:104040005F4680B200227321FCF7CDFBF86B0022A3
:1040500090FBF5F090FBF5F105FB110080B25421C7
:10406000FCF7C1FBF96BE9E2E88B002874D1EFE3C0
:104070004FF4616091FBF0F080B200227421FCF7F4
:10408000B2FBE7E2B9F1010F08D0AFF2B8570297DF
:104090009EB3012B1AD0AFF2AC573BE0AFF29C5766
:1040A000029756B3012B01D0E3B134E041B10129AD
:1040B00009D002290AD003290BD004290CD01AE018
:1040C000AFF2905726E0AFF27C5723E0AFF26C5787
:1040D00020E0AFF258571DE0AFF248571AE0AFF2B8
:1040E0000C6717E051B101290BD00229D3D0032965
:1040F0000AD004290CD00529F1D00CE0AFF25457B6
:1041000008E0AFF2405705E0AFF2305702E08CE232
:10411000AFF220570297AFF2A0670397AFF21457A0
:104120000497B9F1010F07D1AFF208570497669FC2
:1041300017B1AFF2F8470497AFF2AC670597B9F142
:10414000020F0CD0AFF218710691CEB1012B04D042
:10415000AFF20C710691DCE019E225A1FAE70CA799
:10416000069776B1012B01D063B1CFE059B1012997
:104170000AD0022909D0032908D0042907D0C3E0B6
:10418000C7E0C3E0CFE0AFE0B1E0B4E0B6E0B8E054
:1041900020C8F1F2EEF7EDE8EA20EDE0EFF02E2096
:1041A000202020200000000020C8F1F2EEF7EDE80A
:1041B000EA20EDE0EFF02E205E203C3E0000000003
:1041C00020C8F1F2EEF7EDE8EA20EDE0EFF02E2066
:1041D0005E3E20200000000020C8F1F2EEF7EDE87E
:1041E000EA20EDE0EFF02E205E3E3E2000000000D1
:1041F00020C8F1F2EEF7EDE8EA20EDE0EFF02E2036
:104200005E3E3E3E0000000020C8F1F2EEF7EDE811
:10421000EA20EDE0EFF02E205E203E3E00000000A0
:1042200020C8F1F2EEF7EDE8EA20EDE0EFF02E2005
:104230005E20203E0000000020C8F1F2EEF7EDE81D
:10424000EA20EDE0EFF02E205E20203C0000000090
:1042500020C8F1F2EEF7EDE8EA20EDE0EFF02E20D5
:104260005E203C3C0000000020C8F1F2EEF7EDE8D3
:10427000EA20EDE0EFF02E205E3C3C200000000044
:1042800020C8F1F2EEF7EDE8EA20EDE0EFF02E20A5
:104290005E3C2020000000002055F3202020202537
:1042A0004220496D6178202020207D4100000000DF
:1042B00020000010205520202020202642204920C8
:1042C0002020202020202341000000002049EC6114
:1042D000782EE8F1F22EEDE0EFF02E2020207D4147
:1042E00000000000E8010010AFF22C1101E0AFF275
:1042F000181106910AE0AFF20811FAE7AFF2F801DF
:10430000F7E7AFF2E401F4E7052924D09CF8141094
:1043100021B3AFF27C010791AFF210710891B9F1AE
:10432000020F1DD024E051B101290BD002290CD07D
:1043300003290DD00429E7D1AFF2BC01D9E7AFF2D0
:104340000811D6E7AFF2F801D3E7AFF60411D0E7D2
:10435000AFF2EC01CDE7AFF62811CAE7F9A1F9E613
:10436000AFF240710891669911B1AFF230710891C6
:10437000AFF2C0010991AFF224710A91AFF2B4011A
:104380000B91AFF218710C91AFF208710D91AFF271
:10439000F4610E91AFF2E4610F91AFF2D061109130
:1043A000AFF2C061DFF8B4831191032A03DD0099F5
:1043B00088F8041003E0A84201DA88F804000198A4
:1043C00056460F280ADDAFF2CC63AFF2B862AFF207
:1043D000A461AFF29060FCF724FB1BE0E048C579D4
:1043E000052D08D298F9045004EB8500001D0EC875
:1043F00054F8250009E098F9040004EB8000001D42
:104400000EC80EEB850050F8140CFCF70AFB0020D8
:10441000FCF7A3FAD14DC83DB5F8560010B1B5F878
:10442000580028B900225E21AFF2D060FCF729FBCA
:10443000B5F94C004FF47A77B84203DA01222B2108
:1044400080B205E00A2190FBF1F080B200222B211E
:10445000FCF7C9F9B6F95A00B94648450ADA01220B
:10446000232180B2FCF7BFF9B6F85A0001222321BC
:1044700080B20EE00A2790FBF7F080B200222321E1
:10448000FCF7B1F9B6F95A00002290FBF7F080B2C0
:104490002321FCF7A8F9B5F94E004F46B84203DADC
:1044A0000122252180B205E00A2190FBF1F080B2C3
:1044B00000222521FCF797F9B6F95800B94648457E
:1044C0000ADA0122262180B2FCF78DF9B6F85800ED
:1044D0000122242180B20EE00A2790FBF7F080B27F
:1044E00000222621FCF77FF9B6F95800002290FB44
:1044F000F7F080B22421FCF776F9B5F91A004E46A0
:10450000B04209DA01227D2180B2FCF76CF9688B98
:1045100001227D2180B20EE00A2790FBF7F080B2E5
:1045200000227D21FCF75FF9B5F91A00002290FB0B
:10453000F7F080B27D21FCF756F9B5F91800B042CA
:1045400009DA01227B2180B2FCF74DF9288B012288
:10455000402180B20EE00A2690FBF6F080B20022E5
:104560007B21FCF740F9B5F91800002290FBF6F02A
:1045700080B24021FCF737F998F90400784E022800
:10458000F07830DC01283FF4FFABA88B80B16FF0EE
:104590000202742173A039E400223A21AFF64400EC
:1045A000FCF76FFA00223A21AFF650002EE445E006
:1045B000DBF830003C2590FBF5F105FB11005E4671
:1045C00080B200227321FCF70EF9306B002290FBC1
:1045D000F5F090FBF5F105FB110080B25421FCF7DA
:1045E00002F9316B44E502281FD0E88B0028CED1B8
:1045F000DBF834003C2690FBF6F106FB11005D462B
:1046000080B200227321FCF7EEF8686B00E021E035
:1046100090FBF6F090FBF6F106FB110080B2002251
:104620005421FCF7E0F8696B22E5B5F92200B5F9F1
:104630001E1008433FF4FDACFFF7ACBB4FF46160C4
:1046400091FBF0F080B200227421FCF7CCF8B07D31
:104650000028A1D1DBF84400012271211FFA80F06B
:10466000FCF7C1F83E48C078012807D03B4A00213A
:10467000C83A0228A2F8501003F09E85374900205E
:10468000C839A1F8520003F097BDAFF2FC4702977A
:104690005EB3012B01D0E3B134E041B1012909D06F
:1046A00002290AD003290BD004290CD01BE0AFF259
:1046B000F04726E0AFF2E04723E0AFF2CC4720E03E
:1046C000AFF2BC471DE0AFF2A8471AE0AFF6A04733
:1046D00017E059B101290CD002293FF441A8032960
:1046E0000AD004290BD00529F0D00BE0AFF2B8476F
:1046F00007E0AFF2A44704E0AFF2944701E0AFF265
:1047000080470297AFF270470397AFF600370497E0
:10471000B9F1020F07D1AFF6F4270497669F17B1DE
:10472000AFF6E8270497AFF274470597B9F1010F88
:104730001ED0AFF6604106910EB3012B30D0AFF61C
:10474000544150E020202020202020202020202024
:10475000202020202020202000000000E801001060
:1047600020000010EDE5EFF0E5F0FBE2EDEE0000DB
:10477000AFF67047069716B1012B01D0E3B133E0D5
:1047800041B1012909D002290AD003290BD00429FB
:104790000CD01AE0AFF6644125E0AFF6504122E0BC
:1047A000AFF640411FE0AFF62C411CE0AFF61C41D4
:1047B00019E0AFF6E04116E051B101290BD0022912
:1047C000BDD003290AD004290BD00529F1D00BE074
:1047D000AFF6284107E0AFF6144104E0AFF604411C
:1047E00001E0AFF6F0310691AFF674510791AFF6E4
:1047F000E4310891B9F1010F07D1AFF6D831089132
:10480000669911B1AFF6CC310891AFF67C510991A0
:10481000AFF6C0310A91AFF24C510B91AFF6B43103
:104820000C91AFF6A0310D91AFF690310E91AFF62D
:104830007C310F91AFF66C311091AFF65831DFF843
:1048400024841191032A04DD009988F8041004E0FF
:1048500011E1A84201DA88F80400019856460F28B1
:104860000ADDAFF66833AFF65432AFF64031AFF63B
:104870002C30FCF7D6F81BE0FB48C579052D08D293
:1048800098F9045004EB8500001D0EC854F825006B
:1048900009E098F9040004EB8000001D0EC80EEB3F
:1048A000850050F8140CFCF7BCF80020FCF755F814
:1048B000EC4DC83DB5F8560010B1B5F8580028B910
:1048C00000225E21AFF66C30FCF7DBF8B5F94C0046
:1048D0004FF47A77B84203DA01222B2180B205E047
:1048E0000A2190FBF1F080B200222B21FBF77BFF25
:1048F000B6F95A00B94648450ADA0122232180B2A6
:10490000FBF771FFB6F85A000122232180B20EE0B6
:104910000A2790FBF7F080B200222321FBF763FF08
:10492000B6F95A00002290FBF7F080B22321FBF782
:104930005AFFB5F94E004F46B84203DA012225214D
:1049400080B205E00A2190FBF1F080B2002225211F
:10495000FBF749FFB6F95A00B94648450ADA012281
:10496000232180B2FBF73FFFB6F85A000122232132
:1049700080B20EE00A2790FBF7F080B200222321DC
:10498000FBF731FFB6F95A00002290FBF7F080B236
:104990002321FBF728FFB6F9580048450ADA01221F
:1049A000262180B2FBF71FFFB6F858000122242110
:1049B00080B20EE00A2790FBF7F080B20022262199
:1049C000FBF711FFB6F95800002290FBF7F080B218
:1049D0002421FBF708FFB5F918004E46B04209DA6A
:1049E00001227B2180B2FBF7FEFE288B01224021B1
:1049F00080B20EE00A2790FBF7F080B200227B2104
:104A0000FBF7F1FEB5F91800002290FBF7F080B239
:104A10004021FBF7E8FEB5F91A00B04209DA01229D
:104A20007D2180B2FBF7DFFE688B01227D2180B201
:104A30000EE00A2690FBF6F080B200227D21FBF703
:104A4000D2FEB5F91A00002290FBF6F080B27D216B
:104A5000FBF7C9FE98F90400834E0228F07825DCA4
:104A600002287FF401ABB5F92200B5F91E10084306
:104A70003FF4ABA9E0E5DBF834003C2590FBF5F111
:104A800005FB11005E4680B200227321FBF7ABFEEE
:104A9000706B002290FBF5F090FBF5F105FB110027
:104AA00080B25421FBF79FFE716B9BE501287FF4D8
:104AB000A7A9B5F92200B5F91C1008433FF4B9AA1B
:104AC000DBF838003C2590FBF5F105FB11005F4653
:104AD00080B200227321FBF786FEB86B002290FBA8
:104AE000F5F090FBF5F105FB110080B25421FBF7C6
:104AF0007AFEB96BA2E5DBF830003C2690FBF6F1BC
:104B000006FB11005D4680B200227321FBF76BFEAD
:104B1000286B002290FBF6F090FBF6F106FB1100EB
:104B200080B25421FBF75FFE296B5BE500980128FA
:104B300006D0022801D09D4207DBAFF6B86305E03E
:104B4000AFF20043AFF6C46201E048A34DA253A107
:104B500058A0FBF766FF99F904000022401C80B2C0
:104B60002121FBF740FE99F904000022801C80B24D
:104B70004021FBF738FE99F904000022C01C80B2E6
:104B80002321FBF730FE99F9010099F90410421A2C
:104B9000022A01DD801E01E0884201DA89F8040062
:104BA0000120FBF7DAFE6EE5009A2F4942F21076FB
:104BB000012A05D00F4698423ADBAFF6387338E049
:104BC000AFF28043AFF6447240A146A0FBF729FF45
:104BD000002301211A460846FBF71FFD474DA8692F
:104BE000B04202DA80B2012304E00A2190FBF1F026
:104BF00080B2002306220121FBF70FFD286A012362
:104C000080B20B221946FBF708FD686A002300B248
:104C10000F220121FBF70BFC95F83E001322012126
:104C2000FBF74CFE0F490120423181F828002AE5AC
:104C300026A326A225A12BA0FBF7F3FE99F90100DC
:104C40004FF00003062800F1010080B258DB01227A
:104C50001146FBF7E2FC99F901000023801C80B2A9
:104C6000012257E0E80100102000001020C1CFD140
:104C70002320202020202020202020202020202031
:104C80000000000020C1CFD1402020202020202083
:104C900020202020202020200000000020C1CFD193
:104CA0002120202020202020202020202020202003
:104CB0000000000020202020C2C5D0D1C8DF20CFB6
:104CC000CE20C1CFD12020200000000020202020B5
:104CD000202E202020202E202020202020202020B8
:104CE000000000004E202020552CC22020492C41DD
:104CF000202074B0432020200000000044E307205F
:104D000000220121FBF789FC99F90100801C002396
:104D100080B21A460221FBF780FC99F90100F94D97
:104D200000EB400005EB40108069B04202DA80B22F
:104D3000012304E00A2190FBF1F080B20023062257
:104D40000121FBF76AFC99F9010000EB400005EB3B
:104D50004010806FB04202DA80B2012304E00A21E1
:104D600090FBF1F080B2002306220221FBF755FCF4
:104D700099F90100012300EB400005EB40100B22E4
:104D8000006A194680B2FBF748FC99F9010001233B
:104D900000EB400005EB40100B22D0F88000022110
:104DA00080B2FBF73AFC99F90100002300EB4000C8
:104DB00005EB40100F22406A012100B2FBF737FBE0
:104DC00099F90100002300EB400005EB40100F2291
:104DD000D0F88400022100B2FBF729FB99F9020008
:104DE000132200EB400005EB4010012190F83E003B
:104DF000FBF764FD99F90200132200EB400005EB7C
:104E00004010022190F89E00FBF758FDB7F95610AC
:104E100099F90100891E88424BDA062800F1030047
:104E200080B24FF0000301DB012200E000220321E9
:104E3000FBF7F3FB99F9010000EB400005EB401094
:104E4000D0F8D800B04202DA80B2012304E00A218F
:104E500090FBF1F080B2002306220321FBF7DDFB7B
:104E600099F90100012300EB400005EB40100B22F3
:104E7000D0F8E000032100B2FBF7D9FA99F901005C
:104E8000002300EB400005EB40100F22D0F8E400B7
:104E9000032100B2FBF7CBFA99F90200132200EBD1
:104EA000400005EB4010032190F8FE00FBF706FDE3
:104EB00079E69549012081F83C0074E6AFF27C73F5
:104EC00092A298A19DA0FBF7ACFD99F902000022E7
:104ED000401C80B22121FBF786FC99F90200894D24
:104EE00000EB400005EB40100023B0F854000C220A
:104EF0000221FBF792FB99F90200002300EB40002E
:104F000005EB40100F22B0F856000221FBF785FB9D
:104F100099F90200002300EB400005EB401012223B
:104F2000B0F858000221FBF778FB99F9020000EB7A
:104F3000400005EB4010B0F95E100091B0F95C3014
:104F4000B0F95A20704883A11D3010F08FFF2AE677
:104F5000834B84A289A18FA0FBF763FD6A490120DE
:104F60000AF1580581F83C00024628885B2180B28E
:104F7000FBF739FC01225D2102F0C2BA8BA002903E
:104F800090A0039095480490D6E9012354F8251089
:104F900093A0FBF746FD0120FBF7DFFC0AF1780543
:104FA0004FF00002A8884FF0210100EB800080B292
:104FB000FBF719FC28880022232180B2FBF713FCA1
:104FC0002888002200EB80002D3080B2402103F0C1
:104FD000F1B8894EB8F1000F01D088A100E08DA191
:104FE000029192A1039197A104919CA10591A1A185
:104FF0000691A6A10791ABA10891B0A109917749AB
:105000000A91022A02DD89F8043003E0A84201DA9D
:1050100089F8040099F9040004EB8001D1E9012327
:1050200054F82010ABA0FBF7FCFC0120FBF795FC2B
:1050300036F85A0F3C27B0FBF7F107FB11000022AE
:105040005B21FBF7D0FB30880022B0FBF7F0B0FB10
:10505000F7F107FB11007D21FBF7C5FB30884FF40A
:105060006165B0FBF5F000227B21FBF7BCFB70888B
:105070000022B0FBF7F107FB11005D21FBF7B3FB4A
:1050800070880022B0FBF7F0B0FBF7F107FB1100CE
:105090002921FBF7A8FB70880022B0FBF5F028213E
:1050A000FBF7A1FBB6F90400002290FBF7F107FB28
:1050B000110080B23E21FBF796FBB6F904000022F6
:1050C00090FBF7F090FBF7F107FB110080B23C2159
:1050D000FBF789FBF0880122212180B2FBF783FBDB
:1050E00030890122402180B2FBF77DFB70890122CB
:1050F000232180B2FBF777FB0122B089242180B203
:1051000065E7000044E307202A02001020D1E1EE09
:10511000F0EAE02020303030302E30302E30302099
:105120000000000020C2E5F0F1E8FF202020202050
:1051300020202020202020200000000020202020EF
:105140002020CFCE20C1CFD1204E212020202020D2
:105150000000000025642E25642E25640000000058
:10516000BDA001002049EDE0E3F0203D20202020FB
:10517000205DC02020202020000000002055EDE010
:10518000E3F0203D20202020205BC2202020202092
:1051900000000000202020202020CDC0C3D0D3C795
:1051A000CAC0202020202020000000002046E2E588
:1051B000EDF22EF2E5EAF3F92E2020202020212521
:1051C000000000002046E2E5EDF22E6D61782E2011
:1051D000282020402529202300000000843C0000D6
:1051E0002020202020C2C5CDD2C8CBDFD2CED020F7
:1051F00020202020000000002001001020C2EAEB47
:10520000FEF7E5ED20202020202020202020202057
:105210000000000020C2FBEAEBFEF7E5ED202020B5
:105220002020202020202020000000002054EFF02B
:10523000FFEC2E2020202020307B3A307D3A305B5E
:105240000000000020D2EEE1F02E202020202020BF
:1052500030283A30293A305D0000000020D2EFE5D6
:10526000F0E5EAEB2E202020202020303C3A303E92
:10527000000000002049F1F22EEFF02E2020202027
:1052800020202020202021C0000000002049F1F231
:105290002EEEE1F02E20202020202020202040C0D3
:1052A000000000002055F1F22EEFF02E20202020EB
:1052B0002020202020202342000000002055F1F271
:1052C0002EEEE1F02E20202020202020202024423D
:1052D000000000002020202020C0C2D2CED0C5C2B5
:1052E000C5D0D1202020202000000000BDA00290C9
:1052F000C2A00390C7A00490CCA00590D1A00690B6
:10530000D6A00790DBA00890E0A00990E5A00A9045
:10531000EAA00B90EFA00C90F4A00D90F9A00E90D5
:10532000FF48FE49B0F95C0004EB80004160AFF635
:10533000EC318160AFF6F431361DC1600ECE0298BB
:10534000FBF76FFB99F9010099F90410421A022A40
:1053500001DD801E01E0884201DA89F804000120A5
:10536000FBF7FBFAEF4D2878012874D06FF00302A9
:105370002121EDA0FBF785FB6878012870D06FF044
:1053800003024021E8A000BFFBF77BFBA8780128BF
:105390006BD06FF003022321E3A000BFFBF771FB8A
:1053A000E878012866D06FF003022421DEA000BF58
:1053B000FBF767FB2879012861D06FF003022521F4
:1053C000D9A000BFFBF75DFB687901285CD06FF0C6
:1053D00003025E21D4A000BFFBF753FBA87901288C
:1053E00057D06FF003022621CFA000BFFBF749FB87
:1053F000E879012852D06FF003022A21CAA000BF29
:10540000FBF73FFB287A01284DD06FF003022821DB
:10541000C5A000BFFBF735FB687A012848D06FF0C4
:1054200003022921C0A000BFFBF72BFBA87A0128AB
:1054300043D06FF003022B21BBA000BFFBF721FB81
:10544000E87A01283ED06FF003023D21B6A001F0BA
:1054500041BD00E004E06FF002022121B4A089E721
:105460006FF002024021B2A08EE76FF0020223210A
:10547000AFA093E76FF002022421ADA098E76FF090
:1054800002022521AAA09DE76FF002025E21A8A0DA
:10549000A2E76FF002022621A5A0A7E76FF00202A3
:1054A0002A21A3A0ACE76FF002022821A0A0B1E757
:1054B0006FF0020229219EA0B6E76FF002022B21B5
:1054C0009BA0BBE76FF002023D2199A0BFE79AA025
:1054D00002909FA00390A4A00490A9A00590AEA064
:1054E00006908E480790AFF6A4500890AFF6AC50E7
:1054F000361D09900ECE0298FBF793FA99F9010038
:1055000099F90410421A022A01DD801E01E0884246
:1055100001DA89F804000120FBF71FFA0AF1760589
:10552000002223212888FBF75EF9A14800222421CC
:105530004088FBF758F902222521DBF82C00FAF706
:10554000CBFF00225E21A888D9E57BA0029099A01C
:1055500003909EA00490A3A00590A8A00690ADA0E3
:105560000790B2A0089086A009908BA00A906B4883
:105570000B90AFF630600C90AFF63860361D0D9092
:105580000ECE0298FBF74DFA99F9010099F9041033
:10559000421A022A01DD801E01E0884201DA89F800
:1055A00004000120FBF7D9F9814D0022AD1D212116
:1055B0002888FBF718F9688800224021FBF713F9C7
:1055C000A88800222321FBF70EF9AD1D00222888B0
:1055D0002621FBF708F9688800222921FBF703F947
:1055E000A8882FE12020C0C2D2CECCC0D2DB20CDF3
:1055F000C0C3D0D3C7CECA200000000020C0E2F252
:10560000EEECE0F220B931202020202020202120C3
:105610000000000020C0E2F2EEECE0F220B93220FF
:1056200020202020202040200000000020C0E2F2A6
:10563000EEECE0F220B9332020202020202023208F
:105640000000000020C0E2F2EEECE0F220B93420CD
:1056500020202020202024200000000020C0E2F292
:10566000EEECE0F220B9352020202020202025205B
:105670000000000020C0E2F2EEECE0F220B936209B
:105680002020202020205E200000000020C0E2F228
:10569000EEECE0F220B93720202020202020262028
:1056A0000000000020C0E2F2EEECE0F220B9382069
:1056B0002020202020202A200000000020C0E2F22C
:1056C000EEECE0F220B939202020202020202820F4
:1056D0000000000020C0E2F2EEECE0F220B9313030
:1056E00020202020202029200000000020C0E2F2FD
:1056F000EEECE0F220B931312020202020202B20B8
:105700000000000020C0E2F2EEECE0F220B93132FD
:105710002020202020203D2000000000843C0000AC
:105720002000001062F30720C2DBCACB2E0000006D
:10573000C2CACB2E000000002020DDCBC5CAD2D0CB
:10574000CED1CDC0C1C6C5CDC8C520200000000047
:1057500020C2E2EEE42020202020202023C22020AE
:10576000202020200000000020CFDDD1202020209C
:105770002020202024C22020202020200000000003
:105780002050F1F3ECEC2E2020202020202025EAD0
:10579000C2F22AF7000000002050F2E5EAF3F92EE9
:1057A0002020202020205EC2F220202000000000C7
:1057B000F801001020C2E2EEE420F42E4120202067
:1057C0002021C220202020200000000020C2E2EE84
:1057D000E420F42E422020202040C220202020203F
:1057E0000000000020C2E2EEE420F42E432020203E
:1057F0002023C220202020200000000020CFDDD167
:105800002020F42E412020202026C22020202020ED
:105810000000000020CFDDD12020F42E42202020E7
:105820002029C220202020200000000020CFDDD130
:105830002020F42E432020202028C22020202020B9
:105840000000000000222821FAF7CDFF03222521C5
:10585000DBF82C00FAF740FE00225E21BAF87A004D
:105860004DE46C49C95D552912D06BA1029170A11C
:10587000039175A104917AA105917FA1069184A15C
:10588000079189490891012A04DD89F804C005E0DF
:1058900086A1EBE7A84201DA89F8040099F904002F
:1058A00004EB800154F820204B6886A18BA0FBF705
:1058B000B8F80220FBF751F899F902000022401CC9
:1058C00080B25E21FAF78FFF99F902008949002220
:1058D00031F810002121FAF786FF864999F9020074
:1058E000091D002231F910106F48493800EB810082
:1058F0004021FBF7C6F87F4999F9020008310022E0
:1059000031F810002321FAF76EFF7A4999F9020065
:105910000C31002231F810002421FAF764FF754998
:1059200099F902001031002231F81000252102F00F
:1059300041BC5D4B70A0153B1A461146FBF771F850
:105940006C4D0023183D082295F90000012180B21A
:10595000FAF763FE95F90100002380B209220121C4
:10596000FAF75BFE95F90200002380B20A220121BA
:10597000FAF753FE96F9012005F1C200A421115453
:1059800002F01ABC62A1029167A103916CA104917B
:1059900071A1059176A106916FA107917AA1089155
:1059A0007FA1099184A10A9189A10B918EA10C91EB
:1059B00093A10D9198A10E919DA10F91A2A110917B
:1059C000A7A11191ACA11291B1A11391B6A114910B
:1059D000BBA11591C0A11691C5A11791CAA118919B
:1059E000CFA11991D4A11A91D9A11B91DEA11C912B
:1059F000E3A11D91E8A11E91EDA11F91E6A12091C7
:105A0000F1A12191F6A12291E3A12391FAA1249180
:105A1000FFA109E27E00001020C2FBE2E5E4E5ED13
:105A2000E02030212F4020202F30232000000000D4
:105A300020CDEEECE8ED2EE5ECEA2E202020202013
:105A400024412AF70000000020CDE0F0E0E1EEF272
:105A5000EAE020202020202025F72E200000000052
:105A600020CAEEEDF2F0EEEBFC20E5ECEAEEF1F20E
:105A7000E82020200000000020C2FBF0E0E2EDE87A
:105A8000E2E0FEF9E8E920E7E0F0FFE400000000D2
:105A900020D0E0E7F0FFE4FB202020202020202081
:105AA0002020202000000000BDA0010020C2E2E56F
:105AB000E4E5EDE0202030212F4020202F3023206E
:105AC000000000002020202020C1C0D2C0D0C5DFAF
:105AD000204E5E20202020200000000020C1C0D2E7
:105AE000C0D0C5C9CDDBC920C6D3D0CDC0CB202006
:105AF00000000000B00100102020C2E2E5E4E8F25E
:105B0000E52020EFE0F0EEEBFC202020000000007C
:105B100020C8F1F2EEF7EDE8EAEEE22020202020A6
:105B2000202020210000000020CCE0EAF1E8ECE099
:105B3000EBFCEDE0FF20E4EBE8F22D20000000009C
:105B400020F1F2FC20EFF0EEF6E5F1F1E02020305C
:105B50005B3A305D0000000020CEF2EEE1F0E0E6BE
:105B6000E5EDE8E520E2F0E5ECE5EDE80000000019
:105B700020EFF0EEF6E5F1F1E020202020202020BB
:105B8000202020400000000020EDE020EFF3EBFC9F
:105B9000F2E52020202020202020202300000000EB
:105BA00020C8E7ECE5F0E5EDE8E520F2EEEAE020DC
:105BB000202020200000000020EDE0E3F0F3E7EAE1
:105BC000E820202020202020202020240000000089
:105BD00020D0E5E6E8EC20E3EBE0E2EDEEE3EE20BA
:105BE000ECE5EDFE000000002020202020202020F9
:105BF0002020202020202020202020250000000020
:105C000020D4E8EAF1E8F0EEE2E0EDEDFBE520205B
:105C10002020202000000000202020202020202004
:105C2000202020EDE0F1F2F0EEE9EAE800000000CB
:105C300020D0E5EBE520202020202020202020205F
:105C4000202020200000000020F2EEEAEEEEE3F03B
:105C5000E0EDE8F7E5EDE8FF20202020000000005F
:105C600020D0E5EBE520EAEEEDF2F0EEEBFF2020B0
:105C7000202020200000000020EDE0EFF0FFE6E50E
:105C8000EDE8FF2020202020202020200000000020
:105C900020D0E5F1F2E0F0F220202020202020208A
:105CA0002020205E000000002045746865726E654B
:105CB0007420202020202020202020200000000010
:105CC000204D4F44425553204144524553532020C8
:105CD0002020203C00000000204D4F44425553201E
:105CE00042415544524154452020202000000000EC
:105CF00020202020202020202020202020202020A4
:105D000020203E300000000020C0E2F2EEF0E5E28C
:105D1000E5F0F1202020202020202020000000009D
:105D200020CFEBE0E2EDEEE520EDE0F0E0F1F2E097
:105D3000EDE8E5200000000020F2EEEAE02020205F
:105D40002020202020202028F1E5EA2E000000005D
:105D500020D3EFF0E0E2EBE5EDE8E520F1F3F5E844
:105D6000EC2020200000000020EAEEEDF2E0EAF254
:105D7000EEEC202020202020202020200000000009
:105D800020CDE0F1F2F0EEE9EAE020F0E5EBE520ED
:105D9000202020200000000020C2FBEAEBFEF7E5F7
:105DA000EDE8E520EFEE202020202020000000007C
:105DB00020F1F7E5F2F7E8EAF320E0ECEFE5F0F7A1
:105DC000E0F1EEE20000000020F1EDE8E6E5EDE8AC
:105DD000FE20F2EEEAE0202020202020000000003B
:105DE0002055E0E2E0F0202020202020202020206C
:105DF000202B42200000000020EFF0E5E2FBF8E558
:105E0000EDE8FE20F3F1F2E0E2EAE8200000000015
:105E100020D1E5F0E8E9EDFBE9204E20202020200C
:105E200020202077000000002591ED492691EDA16A
:105E30002791F2A12891F74929912A91022A01DD9F
:105E4000337102E0A84200DA307199F9041004EBD2
:105E50008100D0E9012354F82110EFA0FAF7E1FD09
:105E60000120FAF77AFDF24E00222121B6F8560001
:105E700080B2FAF7B8FC06F580753C20298CB1FB9E
:105E8000F0F1B1FBF0F200FB121000225D21FAF7F5
:105E9000AAFC298C4FF46160B1FBF0F000225B2179
:105EA000FAF7A1FC688C6FF0060718B1BA1C402104
:105EB000E0A002E03A464021E0A0FAF7E2FDA88C1B
:105EC0006FF003024FF0230108B1DFA000E0E0A073
:105ED000FAF7D7FD688D20B16FF002022421DEA011
:105EE00002E03A462421DEA0FAF7CBFD96F82B001B
:105EF000D8B301283FD06FF0100202284FF02501DF
:105F00003ED0DAA0FAF7BDFD96F82C00012839D072
:105F10006FF003025E21AFF2F07000BFFAF7B1FD3F
:105F2000BAF8380000223C21574680B2FAF75BFCF1
:105F3000788F00223E2180B2FAF755FCB7F93C0079
:105F40004FF000024FF0280110B380B2FAF74BFC7B
:105F5000B6F8480001222B2180B2FAF744FC002257
:105F60007721E86FFAF7B8FA0AE5FFE76FF00B025E
:105F70002521C3A0C6E76FF011022521C4A0C1E707
:105F8000C8A0BFE76FF002025E21AFF65C00C5E774
:105F9000AFF66C00FAF775FDDAE7A54D687A401C9C
:105FA000C0B268720F2807D30020761CF1B2687265
:105FB000A976032900D3A876BF48CDE90209A87EB7
:105FC00020B1012804D0022819D003E0BBA000E0D2
:105FD000C0A004904A46C5A0049B0299FAF721FD8F
:105FE000C84890F9010060B101280FD0022812D0F2
:105FF000032815D0042818D005281BD01EE0C2A005
:10600000E7E7C049423181F82A8017E0BD494231B3
:1060100081F82D8012E0BB49423181F830800DE0DB
:10602000B848423080F8338008E0B649423181F800
:10603000368003E0B349423181F83A80B84E307877
:106040004FF000024FF02601FAF7CDFB3079002225
:106050005E21FAF7C8FB307A00222521FAF7C3FB4C
:10606000307B00223C21FAF7BEFB317E92480022B1
:106070005E3800EB81003E21FAF703FDB08B002271
:106080007B21FAF7B0FBA87D002802F095803A202A
:10609000FAF744F99B4D202642352E543A20FAF760
:1060A0003DF92E546CE48448614D5E3840F6180783
:1060B000D0E91D12C06F6691CDE9672099A00290CA
:1060C0009EA00390A3A00490A8A00590ADA0069068
:1060D000B2A00790B7A00890BCA00990C1A00A90F8
:1060E000C6A00B90CBA00C90D0A00D90D5A00E9088
:1060F000DAA00F90DFA01090E4A01190E9A0129018
:10610000EEA01390F3A01490F8A01590FDA01690A7
:1061100033481790B5F8700018B138460AF0B8F84F
:1061200020B12F4803903B4804900590754E96F996
:10613000010096F90410884201DA307104E0411A36
:10614000022901DD801EF8E796F9040004EB8001C6
:10615000D1E9012354F82010F0A0FAF762FC0120E5
:10616000FAF7FBFBB5F8700050B138460AF090F82A
:10617000012805D06FF002022121AFF64C2004E087
:106180006FF003022121AFF66020FAF77AFCB5F830
:10619000720028B16FF002024021AFF66C2004E0DB
:1061A0006FF003024021AFF68020FAF76AFC7178A5
:1061B0002320022912D00021CDE90001B5F97A305F
:1061C000B5F97820B5F97610B5F97400FAF769FADF
:1061D00071782420042902D00021ABE1DDE1E0E167
:1061E000843C000020CAE0EBE8E1F0EEE2EAE020C7
:1061F00020202020202020200000000020D2E5F1D7
:10620000F220D8C8CC2020202020202020202020B0
:1062100000000000444700002020202020D3D1D2DD
:10622000C0CDCEC2CAC820202020202000000000FF
:1062300020000010EFF0FFECEEE50000EEE1F0E0F2
:10624000F2EDEEE500000000F7F73AECEC0000009C
:10625000ECEC3AF1F1000000F8F3EDF20000000080
:10626000F1F3ECEC49E1EFF100000000E8F1F22E6F
:10627000EDE0EFF02E2DE8F1F22EF2EEEAE0000074
:10628000E8F1F2EEF7EDE8EA20F2EEEAE0000000D5
:10629000E8F1F2EEF7EDE8EA20EDE0EFF0FFE6E5F9
:1062A000EDE8FF00E8F1F22EF2EEEAE02DE8F1F27F
:1062B0002EEDE0EFF02E0000D2A0010020202020E3
:1062C000203C3E202D20E2FBE1EEF020202020208B
:1062D000000000002020205E76202D20F3F1F2E067
:1062E000EDEEE2EAE02020200000000020D3D1D231
:1062F000C0CDCEC2CAC02020C2D0C5CCC5CDC8201A
:1063000000000000E80100102020202020A4202010
:106310002D20E2FBF5EEE4202020202000000000EC
:10632000204002402045746865726E65742020200C
:10633000202020202020212000000000204448436D
:1063400050EAEBE8E5EDF22020202020202040203C
:1063500000000000204950E0E4F0E5F1202020207A
:10636000202020202020202000000000202030308D
:10637000302E3030302E3030302E30302320202060
:106380000000000020CCE0F1EAE020EFEEE4F1E5CF
:10639000F2E82020202020200000000020203030C3
:1063A000302E3030302E3030302E3030242020202F
:1063B0000000000020D8EBFEE72020202020202035
:1063C000202020202020202000000000202030302D
:1063D000302E3030302E3030302E303029202020FA
:1063E0000000000020CFEEF0F22EF7F2E5EDE8FF1E
:1063F000202020202020205B0000000020CFEEF095
:10640000F22EE7E0EFE8F1E8202020202020205DB8
:106410000000000020436F6D6D756E697479203C3B
:1064200020202020202020200000000020C0E4F0B8
:10643000E5F1E0F220E4EBFF2054524150204E31D0
:106440000000000020203030302E3030302E303030
:10645000302E3030252020200000000020C0E4F045
:10646000E5F1E0F220E4EBFF2054524150204E329F
:106470000000000020203030302E3030302E303000
:10648000302E30305E2020200000000020C0E4F0DC
:10649000E5F1E0F220E4EBFF2054524150204E336E
:1064A0000000000020203030302E3030302E3030D0
:1064B000302E3030262020200000000020C0E4F0E4
:1064C000E5F1E0F220E4EBFF2054524150204E343D
:1064D0000000000020203030302E3030302E3030A0
:1064E000302E30302A2020200000000020C0E4F0B0
:1064F000E5F1E0F220E4EBFF2054524150204E350C
:106500000000000020203030302E3030302E30306F
:10651000302E3030282020200000000020D3D1D29F
:10652000C0CDCEC2CAC82045746865726E6574203D
:1065300000000000CDE90001BAF90230BAF90020EC
:10654000B5F97E10B5F97C00FAF7ABF8717829201F
:1065500006292AD05FF00001CDE90001BAF93630F2
:10656000BAF93420BAF93210BAF93000FAF799F8CA
:10657000BAF82C0000225B21554680B2FAF733F9B5
:10658000E88D00225D2180B2FAF72DF9B5F90400FB
:106590006FF00D07FF280CD014E0B178491CC9B288
:1065A0000AE6B178491CC9B217E6B178491CC9B2EC
:1065B000D2E7E988FF2905D12989FF2902D1698914
:1065C000FF2914D0727825210B2A16D05FF0000223
:1065D000CDE90012B5F90A30B5F90820B5F9061071
:1065E000FAF75FF8B5F90C00FF280AD012E03A4636
:1065F0002521FEA0FAF745FAF4E7B278521CD2B290
:10660000E6E7E989FF2905D1298AFF2902D1698AAC
:10661000FF2912D071780D2915D00021CDE9008114
:10662000B5F91230B5F91020B5F90E10FAF739F8AE
:10663000B5F91400FF280AD012E03A465E21EBA01B
:10664000FAF71FFAF4E7B178491CC9B2E6E7E98A1C
:10665000FF2905D1298BFF2902D1698BFF2914D08D
:10666000727826210F2A16D05FF00002CDE90012C1
:10667000B5F91A30B5F91820B5F91610FAF711F86E
:10668000B5F91C00FF280AD012E03A462621D7A00F
:10669000FAF7F7F9F4E7B278521CD2B2E6E7E98BE1
:1066A000FF2905D1298CFF2902D1698CFF2914D03B
:1066B00072782A21112A16D05FF00002CDE900126B
:1066C000B5F92230B5F92020B5F91E10F9F7E9FF28
:1066D000B5F92400FF280AD012E03A462A21C3A0C7
:1066E000FAF7CFF9F4E7B278521CD2B2E6E7E98CB8
:1066F000FF2905D1298DFF2902D1698DFF2925D0D8
:1067000072782821132A27D05FF00002CDE9001209
:10671000B5F92A30B5F92820B5F92610F9F7C1FFE7
:10672000B749002066AA0B5C1354401CC0B209286C
:10673000F9D300208DF8A1017078B2780A280FD023
:1067400000233C2166A8F9F78FFF0DE43A46282183
:10675000A6A0FAF796F9E3E7B278521CD2B2D5E7D1
:106760000123EEE7A7A10291BAF93E10564601298E
:1067700002D0022902D003E0A8A300E0ADA3029357
:10678000B6F84030012B09D0B0A30393B54B049366
:1067900003F52C630593069311B107E0B2A3F4E768
:1067A000B049039101F52C61049105914146A8423D
:1067B00001DA087103E0012A01DD81F804C098F9CB
:1067C000040004EB800154F820204B68ACA1B2A077
:1067D000FAF727F90220FAF7C0F8B6F840000128C6
:1067E00004D06FF004022121B1A073E36FF0020224
:1067F0002121B2A06EE3B3A10291B8A10391BDA182
:1068000004919849059101F52C6106910791414643
:10681000A84201DA087102E0022A00DD0B7198F942
:10682000040004EB8001D1E9012354F82010B7A043
:10683000FAF7F7F80120FAF790F80AF15805012263
:1068400028885B2180B2F9F7CEFF688801225D219C
:1068500080B2F9F7C8FFA88A0022282180B2F9F790
:10686000C2FF00222921E88AFEF749BCADA10291AE
:10687000B2A10391B7A10491BCA10591C1A1069158
:106880007849079101F52C61089109914146A84288
:1068900001DA087103E0012A01DD81F804C098F9EA
:1068A000040004EB800154F820204B68BBA1AFF238
:1068B0009860FAF7B6F80220FAF74FF8BD4DA88DA8
:1068C00001281BD06FF004022121BBA0FAF7D9F8F0
:1068D000288E0022402180B2F9F785FF688E0022C1
:1068E000232180B2F9F77FFF288F00223C2180B25C
:1068F000F9F779FF00223E21688FB5E76FF00302B8
:106900002121AFA0E2E787A102918CA1039191A17F
:106910000491ADA10591B2A106915249079101F5EB
:106920002C61089109914146A84201DA087103E0FF
:10693000012A01DD81F804C098F9040004EB80010C
:1069400054F820204B68ACA1B1A0FAF76AF80220F5
:10695000FAF703F8974DE88D01281BD06FF0040279
:10696000212195A0FAF78DF8A88E0022402180B24F
:10697000F9F739FFE88E0022232180B2F9F733FFBF
:10698000A88F00223C2180B2F9F72DFF00223E2182
:10699000E88F69E76FF00302212189A0E2E7314B1C
:1069A000A1A2A7A1ACA092E3B1A10291B6A10391CB
:1069B000BBA10491C0A10591C5A10691CAA10791EF
:1069C000CFA108912749099101F52C610A91D2497B
:1069D000897D29B1D24ED14936F9176044F8261085
:1069E0004646A84201DA30719FE19BE12020202039
:1069F000EDE5E0EAF2E8E2E5ED20202020000000ED
:106A000006C0072020CDE5E0EAF2E8E2EDEE202026
:106A100020202020202020200000000020C2EAEBBF
:106A2000FEF7E5EDE8E52020202020202020202092
:106A30000000000020C1EBEEEAE8F0EEE2E0EDE855
:106A4000E520202020202020000000002020202001
:106A500020F0E0E7ECFBEAE0EDE8E5EC2020202088
:106A600000000000843C0000202020202020E7E0DF
:106A7000ECFBEAE0EDE8E5EC20202020000000003F
:106A800020D1D3D5C8CC20CACECDD2C0CAD2CECC8C
:106A900020D1CA31000000002020202020D3CFD0F8
:106AA000C0C2CBC5CDC8C5202020202000000000DA
:106AB000D0C0C7CECCCACD2E00000000C7C0CCCA03
:106AC000CD2E000020553D202020205BC2202049F3
:106AD0003D202020205DC0200000000020D8C8CC30
:106AE00020EDE0EFF0FFE62E3D20202020202820A2
:106AF0000000000020D8C8CC20F2EEEAE03D2020C3
:106B000020202020202029200000000020202020FC
:106B10002020D2C5D1D220D8C8CC202020202020AF
:106B20000000000020C0EAF2E8E22E20F1E8E3EDE8
:106B30002E20202020202021000000002054E7E00B
:106B4000E42EE2EAEB2E20202020202040F1E5EA8E
:106B5000000000002054E7E0E42EF1F0E0E12E20F8
:106B60002020202023F1E5EA0000000020645520C9
:106B70002020202020202020202020203C252020F4
:106B80000000000020644920202020202020202018
:106B9000202020203E25202000000000D0C5CBC5AD
:106BA00020D2CECACECEC3D0C0CDC8D7C5CDC8DFC7
:106BB0000000000020010010D0C7CCCACD2E00007C
:106BC000C7CCCACD2E00000020556D617820202052
:106BD00020202020202020203CC220200000000077
:106BE00020556D696E20202020202020202020208C
:106BF0003EC2202000000000CACECDD2D0CECBDFD6
:106C000020CDC0CFD0DFC6C5CDC8DF20000000003A
:106C1000202020D3D1D2C0CDCEC2CAC820D0C5CB6F
:106C2000C52020200000000020D0E5EBE532202028
:106C300020202020202020202020202000000000D4
:106C400020D0E5EBE531202020202020202020202E
:106C50002020202000000000202020CDC0D1D2D054
:106C6000CEC9CAC020D0C5CBC5202020000000005E
:106C700020C2FBEAEBFEF7E5EDEE202020202020ED
:106C8000202020200000000020D0E5E2E5F0F120E7
:106C90002020202020202020202020200000000074
:106CA00020D2EEEAEEEEE3F0E0EDE8F7E5EDE8E520
:106CB000202020200000000020CDE0EFF0FFE6E5DE
:106CC000EDE8E520E220EDEEF0ECE520000000002C
:106CD00020CDE0EFF0FFE6E5EDE8E520EDE520E290
:106CE000FBF8E5200000000020CDE0EFF0FFE6E536
:106CF000EDE8E520EDE520EDE8E6E5200000000008
:106D000020C2EDE5F8EDE5E520F3EFF0E0E2EBE59C
:106D1000EDE8E520000000002000001044470000DE
:106D200040C00720022A00DD337196F9041004EBFD
:106D30008100D0E9012354F82110E5A0F9F771FE94
:106D40000120F9F70AFE96F902000022401C80B2E9
:106D5000212101F02FBAE4A10291E9A10391EEA152
:106D60000491F3A10591F849069101F52C61089170
:106D70000991A84202DA88F8040003E0012A01DD43
:106D800088F804C098F9040004EB800154F820202E
:106D90004B68EEA1F3A0F9F744FE0220F9F7DDFD00
:106DA000F64D01222121A88A80B2F9F71CFDE88A5C
:106DB0000122402180B2F9F716FDE8890122232142
:106DC00080B2F9F710FD01222421288A4CE5ECA1BC
:106DD0000291F1A10391F6A10491FBA1DA4E059174
:106DE000FF49A842B1F95A1044F8216004EB81012F
:106DF00006F52C664E608E60CE6002DA88F80400DC
:106E000003E0022A01DD88F8043098F9040004EB5D
:106E10008001D1E9012354F82010AFF60440C2E507
:106E200088F8040003E0022A01DD88F8043098F9AC
:106E3000041004EB8100D0E9012354F82110E9A0EB
:106E4000F9F7EFFD0120F9F788FD98F9020000221B
:106E5000401C80B22121F9F7C6FC98F902104FF0CE
:106E60000002785C4FF04001012801D0E3A000E06F
:106E7000E4A0F9F706FEC14898F90210EA304FF095
:106E8000000230F811004FF02301A8B3DFA000BFCB
:106E9000F9F7F7FDB94898F90210FA306FF00102DE
:106EA00030F811004FF05D0108B1DAA000E0DBA07E
:106EB000F9F7E7FD98F90210DA4830F8110022E2FC
:106EC0006FF001022821D5A004E000BF6FF001029D
:106ED0002821D0A0F9F7D5FD37E4D3A10291D8A19C
:106EE0000391DDA10491E2A10591E7A10691EC498E
:106EF0000791A84297DA93E7FFE7C2A0C8E7CAA1C3
:106F00000291CFA10391D4A10491E6A10591DEA144
:106F10000691E3490791A84202DA88F8040003E0E9
:106F2000022A01DD88F8043098F9040004EB80019E
:106F3000D1E9012354F82010E0A0F9F772FD0120F7
:106F4000F9F70BFD78784FF0000201284FF040016F
:106F500018D0AAA0F9F795FDB2484FF000021838F2
:106F60004FF02301408878B1A8A000BFF9F789FD50
:106F7000AC486FF0010210384FF05B01408828B137
:106F8000A6A004E09FA0E5E79EA0EFE7A1A0F9F787
:106F900078FDA44840884CE0A3A10291A8A10391E8
:106FA000ADA10491BFA10591B7A10691BC4907917C
:106FB000A84202DA88F8040003E0022A01DD88F81A
:106FC000043098F9040004EB8001D1E9012354F85E
:106FD0002010C0A0F9F725FD0120F9F7BEFCB87814
:106FE0004FF0000201284FF0400119D083A000BFEC
:106FF000F9F747FD8B484FF0000218384FF0230196
:10700000808878B181A000BFF9F73BFD85486FF01B
:10701000010210384FF05B01808828B17FA004E0A6
:1070200078A0E5E777A0EFE77AA0F9F72AFD7D4899
:10703000808800283FF44AAF42E77BA1029180A1FB
:10704000039185A1049197A105918FA1069194497F
:107050000791A84202DA88F8040003E0022A01DD61
:1070600088F8043098F9040004EB8001D1E9012389
:1070700054F820109DA0F9F7D4FC0120F9F76DFC1D
:10708000F8784FF0000201284FF040011ED05BA0BD
:10709000F9F7F7FC63484FF0000218384FF023016E
:1070A000C08888B159A000BFF9F7EBFC5D486FF0CC
:1070B000010210384FF05B01C08830B155A000BF0D
:1070C000F9F7DFFC57481DE124E126E11FE18AE2E0
:1070D00020CDC0D1D2D0CEC9CAC020D0C5CBC5200A
:1070E0004E212020000000002055322020202020AA
:1070F000202020202021C22020202020000000006D
:107100002055332020202020202020202040C22075
:1071100020202020000000002049320920202020CB
:1071200020202020202341202020202000000000BB
:107130002049330920202020202020202024412005
:107140002020202000000000843C0000202020207F
:1071500020CDC0D1D2D0CEC9CAC820202020202026
:1071600000000000202020D4C8CAD1C8D0CEC2C0A0
:10717000CDCDDBC520202020000000002001001024
:1071800020D1F3F5EEE920EAEEEDF2E0EAF220B9E3
:10719000312020200000000020D1F3F5EEE920EAA4
:1071A000EEEDF2E0EAF220B93220202000000000EB
:1071B00020D1F3F5EEE920EAEEEDF2E0EAF220B9B3
:1071C000332020200000000020D1F3F5EEE920EA72
:1071D000EEEDF2E0EAF220B93420202000000000B9
:1071E000200000102020D1D3D5CEC920CACECDD2C8
:1071F000C0CAD2204E21202000000000F0E0E7EEBF
:10720000ECEA2E00E7E0ECEAEDF3F200EDE5E7E072
:10721000ECEA2E00E2FBEAEB2E000000E2EAEB2EA5
:10722000000000002202001020F1EEF1F2EEFFED6E
:10723000E8E5202D20402020202020200000000014
:1072400020E0E2E0F0E8E9EDEEE52020202020203B
:10725000202020200000000020F1EEF1F2EEFFEDF2
:10726000E8E5202D20232020202020200000000001
:1072700020C7E2F3EA202020202020202020202008
:10728000205D20200000000020C4E8F1EFEBE5E9DC
:107290002020202020202020202820200000000066
:1072A000BDA0010020D0E5EBE520202020202020FB
:1072B00020202020205B202000000000202020C46F
:1072C000C0D2D7C8CA20C4DBCCC0202020202020B8
:1072D00000000000202020C4C0D2D7C8CA20D3C4D8
:1072E000C0D0C0202020202000000000C4C0D2D781
:1072F000C8CA20CFC5D0C5C2CED0C0D7C8C22E20E4
:1073000000000000C08800287FF4E0ADD8E5AFF2AF
:107310000C10BDE6AFF21410C6E6AFF20010CFE6D7
:10732000B1A10291B6A10391BBA10491C0A10591A5
:10733000C5A10691CA490791CAA10891CF490991EF
:10734000022A02DD88F8043003E0A84201DA88F856
:10735000040098F9040004EB8001D1E9012354F8FA
:107360002010C7A0F9F75DFB0120F9F7F6FACA4D26
:10737000B5F8560020B16FF002022121C7A003E04A
:107380006FF001022121C7A0F9F77BFB0022212128
:10739000B5F868001AE5C4A10291C9A10391B049EA
:1073A0000491B6490591022A02DD88F8043003E011
:1073B000A84201DA88F8040098F9040004EB80017F
:1073C000D1E9012354F82010C3A04EE3C84E012F89
:1073D000AFF61011029103D0C6A10391A04902E0BB
:1073E000CAA10391CFA10491A4490591022A02DD0B
:1073F00088F8043003E0A84201DA88F8040098F91C
:10740000040004EB8001D1E9012354F82010CBA043
:10741000F9F707FB3079012801D0022000E00320B2
:10742000F9F79BFA0AF15805012228885B2180B2FE
:10743000F9F7D9F9688801225D2180B2F9F7D3F90B
:1074400000223E21A88A3BE0A94E012FAFF68C1105
:10745000029103D0A7A10391814902E0ABA103915E
:10746000B0A10491854905914146022A01DD0B71C5
:1074700002E0A84200DA087198F9040004EB8001E8
:10748000D1E9012354F82010B2A0F9F7CAFA3079F3
:10749000012801D0022000E00320F9F75EFA0AF18A
:1074A0005805012228885B2180B2F9F79CF9688889
:1074B00001225D2180B2F9F796F90022E88A3E2187
:1074C00080B2F9F790F9B6F93810322091FBF0F05C
:1074D000401C002280B23C213BE4614BA3A2A9A145
:1074E000AEA0F9F79EFA0120F9F737FA0AF158052C
:1074F00001222888402180B2F9F775F90122212163
:10750000688863E4ABA10291B0A10391B5A1049195
:10751000BAA10591BFA10691C4A107915049089154
:1075200056490991012A02DD87F804C002E0A84209
:1075300000DA387198F9040004EB800154F8202037
:107540004B68C0A1C5A0F9F76CFA0220F9F705FA5B
:10755000514D0A260022B5F90000212190FBF6F0DA
:1075600080B2F9F740F9B5F90200002290FBF6F07D
:1075700080B24021F9F737F9A8880122232180B28F
:10758000F9F731F9E8880122242180B2F9F72BF9C3
:1075900028890022252180B2F9F725F900223C2113
:1075A000688913E4B3A10291B8A10391BDA104912C
:1075B000C2A10591C7A10691CCA10791D1A10891C3
:1075C000D6A10991DBA10A91E0A10B91E5A10C9153
:1075D000EAA10D91EFA10E91F4A10F91F9A11091E3
:1075E000FEA1119106E240E220CDE0E3F0F3E7EAEC
:1075F000E02020202020202020202020000000004B
:1076000020C1CFD120202020202020202020202079
:10761000202020200000000020CFF0E5E4E5EBFC76
:10762000EDFBE520EFE0F02E2DF0FB200000000048
:1076300020C2FBF5EEE4EDE0FF20F5E0F0E0EAF239
:107640002E2DEAE00000000020D0E5E2E5F0F12078
:1076500020202020202020202020202100000000A9
:10766000843C000020CAE2E0F0F620525334383562
:1076700020202021CCC3D620000000004447000079
:107680002020202020CAC0CBC8C1D0CEC2CAC02072
:10769000202020200000000020010010C5D1D2DCF5
:1076A00000000000CDC5D20020EFEE20EDE0EFF0AD
:1076B000FFE6E5EDE8FE202020202020000000006D
:1076C00020EFEE20F2EEEAF32020202020202020E0
:1076D0002020202000000000C2DBD5CEC4CDC0DFBA
:1076E00020D5C0D0C0CAD22E2DCAC02000000000B4
:1076F0002000001020CFF3F1EA20202020202020BD
:1077000020202020202020200000000020D8E0E3BE
:10771000202020203C2020D8C8CC202020203E2023
:107720000000000020D1F2EEEF20202020202020B9
:10773000202020202020202000000000C2DBD52EA9
:1077400020D5C0D02E20CFCE20CDC0CFD0DFC62EAA
:1077500000000000C2DBD52E20D5C0D02E20CFCE19
:1077600020D2CECAD3202020000000002049E2FB16
:10777000F53D2020202020214120202020202020F5
:10778000000000002055E2FBF53D20202020204095
:10779000C2202020202020200000000020CAC0CBD2
:1077A000C8C1D0CEC2CAC020CDC0C3D0D3C7CAC8FA
:1077B000000000002055E8F1F22E6D61782E2020A7
:1077C0002020202021C22020000000002055E8F1C8
:1077D000F22E6D696E2E2020202020204042202095
:1077E000000000002049E8F1F22E6D61782E202083
:1077F0002020202023412020000000002049E8F123
:10780000F22E6D696E2E2020202020202441202081
:10781000000000002074F1E8E3ED3D20202020204E
:10782000202020203CB043200000000020746D6127
:10783000783D2020202020202020202025B043201B
:10784000000000002020CFC0D0C0CCC5D2D0DB20AB
:10785000D0C0C1CED2DB202000000000202020209C
:10786000CCC0CAD1CCC0CBDCCDDBC52020202020B1
:107870000000000020C1CFD1204E31202020202048
:1078800020202020202020200000000020C1CFD177
:10789000204E3220202020202020202020202020A8
:1078A0000000000020C1CFD1204E33202020202016
:1078B00020202020202020200000000020C1CFD147
:1078C000204E342020202020202020202020202076
:1078D0000000000020C1CFD1204E352020202020E4
:1078E00020202020202020200000000020C1CFD117
:1078F000204E362020202020202020202020202044
:107900000000000020C1CFD1204E372020202020B1
:1079100020202020202020200000000020C1CFD1E6
:10792000204E382020202020202020202020202011
:107930000000000020C1CFD1204E3920202020207F
:1079400020202020202020200000000020C1CFD1B6
:10795000204E3130202020202020202020202020D8
:107960000000000020C1CFD1204E31312020202046
:1079700020202020202020200000000020C1CFD186
:10798000204E3132202020202020202020202020A6
:107990000000000020C1CFD1204E31332020202014
:1079A00020202020202020200000000020C1CFD156
:1079B000204E313420202020202020202020202074
:1079C0000000000020C1CFD1204E313520202020E2
:1079D00020202020202020200000000020C1CFD126
:1079E000204E313620202020202020202020202042
:1079F0000000000090A1129195A113919AA11491F9
:107A00009FA11591A4A11691A9A11791AEA11891BA
:107A1000B3A11991B8A11A91BDA11B91C2A11C914A
:107A2000C7A11D91CCA11E91D1A11F91D6A12091DA
:107A3000DBA121910099E04E022A44F821600099CF
:107A400006F52C6604EB81014E608E6001DD3B7112
:107A500002E0A84200DA387198F9041004EB8100C2
:107A6000D0E9012354F82110D4A0F8F7DAFFFDF78C
:107A700097B8D8A10291DDA10391E2A10491E7A1F9
:107A8000EC4D0591F6B3ECA10691DEA10791F0A1B2
:107A90000891F5A10991DBA10A91F949CDE90B19EA
:107AA000CDF8349078B3012878D0022876D0032816
:107AB00076D0042874D0052872D0062873D0072801
:107AC00071D008286FD009286FD00A286DD00B28F4
:107AD0006BD00C286CD00D286AD00E2868D03B7172
:107AE00097F9040004EB8001D1E9012354F8201038
:107AF000E4A0F8F796FF0120F8F72FFF97F90200AE
:107B0000401C01E043E049E080B200222121F8F767
:107B10006AFE97F90200E04E00EB400006EB4010D1
:107B200001228069402180B2F8F75DFE97F90200DA
:107B3000012200EB400006EB40102321C06980B217
:107B4000F8F751FEB5F84E000122242180B2F8F773
:107B50004AFE97F90200012200EB400006EB4010BC
:107B60002521006A80B2F8F73EFE97F90200002254
:107B700000EB400006EB40105E21406A00B2F8F7CF
:107B800007FC97F90100B0B1032814D029E0C3A184
:107B90000691C8A17AE703E005E006E0002008E0CE
:107BA00087F804E09CE7062003E087F8048097E765
:107BB0000C20387194E7B9780120884002B20A237A
:107BC000D021CD20F8F7DCFA0A230022C921C820F1
:107BD000F8F7D6FA0A234FF47A72E521E120F8F794
:107BE000CFFA787806281BD1B9780120884002B2F4
:107BF0000A23D021CD20F8F7C3FA28230022C92177
:107C0000C820F8F7BDFA0A23B5F94E20BF21BE20DF
:107C1000F8F7B6FA0A230022E621E120F8F7B0FAD5
:107C20007878092805D1A87E10B1012802D156E143
:107C30004CE13CE262E1000020C1CFD1204E31375F
:107C400020202020202020202020202000000000B4
:107C500020C1CFD1204E31382020202020202020CC
:107C6000202020200000000020C1CFD1204E31393B
:107C70002020202020202020202020200000000084
:107C800020C1CFD1204E32302020202020202020A3
:107C9000202020200000000020C1CFD1204E323112
:107CA0002020202020202020202020200000000054
:107CB00020C1CFD1204E3232202020202020202071
:107CC000202020200000000020C1CFD1204E3233E0
:107CD0002020202020202020202020200000000024
:107CE00020C1CFD1204E323420202020202020203F
:107CF000202020200000000020C1CFD1204E3235AE
:107D000020202020202020202020202000000000F3
:107D100020C1CFD1204E323620202020202020200C
:107D2000202020200000000020C1CFD1204E32377B
:107D300020202020202020202020202000000000C3
:107D400020C1CFD1204E32382020202020202020DA
:107D5000202020200000000020C1CFD1204E323949
:107D60002020202020202020202020200000000093
:107D700020C1CFD1204E33302020202020202020B1
:107D8000202020200000000020C1CFD1204E333120
:107D90002020202020202020202020200000000063
:107DA00020C1CFD1204E333220202020202020207F
:107DB0002020202000000000843C00002020CAC0B9
:107DC000CBC8C1D0CEC2CAC020C1CFD1EEE22020E4
:107DD000000000002055E8F1F2203D202020204046
:107DE000C2202020202020200000000020EEF2EA07
:107DF000E0EBE8E1F0F3E9F2E52055E8F1F22020CC
:107E0000000000002020EDE0E6E0F2E8E5EC209A3A
:107E100020E8EBE8209C2020000000002049E8F149
:107E2000F2203D202020202025C0202020202020BE
:107E3000000000002000001020EEF2EAE0EBE8E194
:107E4000F0F3E9F2E52049E8F1F22020000000001B
:107E50002074E8F1F2203D2020205EB04320202055
:107E6000202020200000000020EEF2EAE0EBE8E114
:107E7000F0F3E9F2E52074E8F1F2202000000000C0
:107E8000BDA0010020CAC0CBC8C1D0CEC2CAC0208C
:107E9000C1CFD1204E21200044E30720202020ED37
:107EA000E0E6ECE8F2E520A420E4EBFF202020202F
:107EB00000000000EAE0EBE8E1F0EEE2EAE820EDA5
:107EC000F3EBFF2049E8F1F200000000B97801204F
:107ED0008840C04302B20A23D021CD200CE0B978FB
:107EE0000120884002B20A23D021CD20F8F748F9BA
:107EF0000A230022C921C820F8F742F90A234FF4C7
:107F00007A72E521E120F8F73BF9D0E0AFF23C11BD
:107F10000291AFF228110391AFF218110491F8A168
:107F20000591FDA10691AFF224110791AFF2141152
:107F3000FF4D0891EEB3AFF200110991AFF23C1181
:107F40000A91AFF2F4010B91AFF2E4010C91AFF2A0
:107F50004C110D91F749CDE90E19CDF8409048B379
:107F600001287BD0022879D0032879D0042877D043
:107F7000052875D0062878D0072876D0082874D030
:107F8000092874D00A2872D00B2870D00C2871D020
:107F90000D286FD00E286DD087F8043097F90400B3
:107FA00004EB8001D1E9012354F82010AFF22C102A
:107FB00001E04DE052E0F8F734FD0120F8F7CDFC88
:107FC00097F902000022401C80B22121F8F70BFC37
:107FD00097F90200D84E00EB400006EB401001225A
:107FE0008069402180B2F8F7FEFB97F90200012278
:107FF00000EB400006EB40102321C06980B2F8F787
:10800000F2FBB5F84E000122242180B2F8F7EBFB19
:1080100097F90200012200EB400006EB40102521F9
:10802000006A80B2F8F7DFFB97F90200002200EB4C
:10803000400006EB40105E21406A00B2F8F7A8F954
:1080400097F90100C8B1032817D02CE008E00CE034
:10805000AFF2B8110991AFF2A41171E700200AE064
:1080600087F804E09AE702E004E0062003E087F8DE
:10807000048093E70C20387190E7B978012088409C
:1080800002B20A23D021CD20F8F77AF80A23002281
:10809000C921C820F8F774F80A234FF47A72E52151
:1080A000E120F8F76DF8787806283FF4BCADD720CA
:1080B000F8F77DF8B0B3A1480088D9287CD140F604
:1080C000B83000909EA3A4A2A9A1AFA0F8F7ECFC41
:1080D00072E0B3A10291B8A10391BD49049101F5E9
:1080E0002C610591012A02DD87F804C002E0A84254
:1080F00000DA387197F9040004EB800154F820206D
:108100004B68B4A1B9A0F8F78CFC0220F8F725FC65
:10811000BC4D002240212888F8F765FB00226888C2
:10812000232147E048E0B849029118310391183102
:10813000049118310591B5A10691B34978310791A1
:10814000A349089101F52C610991012A02DD87F804
:1081500004C002E0A84200DA387197F9040004EB89
:10816000800154F820204B689AA1A0A0F8F759FC90
:108170000220F8F7F2FBA34D0022AD1D2121288833
:10818000F8F731FB688800224021F8F72CFBA8881B
:1081900000222321F8F727FBAD1D00222888262185
:1081A000F8F721FB688800222A21F8F71CFBA88831
:1081B00000222821F8F717FB924D9A4E103D28789F
:1081C000412841D04D287ED01F28FCD077287CD074
:1081D00078287BD079287AD07A2879D0262878D048
:1081E0007B282ED1904B1A4602F6C81101F11800D7
:1081F000F8F717FC8D4800230C220088012180B27B
:10820000F8F70BFA8A4800230F220088012180B278
:10821000F8F703FA8748002312220088012180B270
:10822000F8F7FBF984488749B0F9000000908348CB
:10823000B0F900308248B0F9002005F14B000DF094
:1082400015FE69B0BDE8F08F95F90100E0B3012893
:108250004FD002284ED003284DD004284CD00528FA
:108260004BD006284AD0072849D00828E9D16E4BC0
:108270001A4611460846F8F7D4FB734C0023022235
:1082800020881946F8F7C9F96088002302220121E5
:10829000F8F7C3F90222A08800231146F8F7BDF9C8
:1082A000E088002302220321F8F7B7F90023207A9F
:1082B00004221946F8F7B1F9607A0023042201215B
:1082C000F8F7ABF906E0A8E2E9E0BAE3EBE3FDE397
:1082D000FDE3FDE3A07A002304220221F8F79DF9D3
:1082E000E07A002304220321F8F797F9A0890023FC
:1082F000ACE01FE137E19FE1A3E1C8E1EFE153E228
:108300002055EDE0E3F0203D20202023C220202056
:10831000202020200000000020EEF2EAE0EBE8E15F
:10832000F0F3E9F2E52055EDE0E3F0200000000075
:1083300020000010BDA0010044E30720040000104D
:1083400020202020EFF0EEE8E7E2E5E4E5EDE02094
:10835000202020200000000020E0E2F2EEEDEEEC14
:10836000EDEEE920F0E0E1EEF2FB2020000000005D
:1083700020202020EDE0EFF0FFE6E5EDE8FF2020F3
:1083800020202020000000002020202020D3F1F217
:10839000E0EDEEE2EAE020202020202000000000B6
:1083A0002055E2E2EEE43D2020202040C2202020A3
:1083B00020202020000000002055EFFDF1203D206E
:1083C00020202023C2202020202020200000000088
:1083D000843C0000202020D1C8CBCEC2DBD520C2F7
:1083E000C2CEC4CEC22020200000000020202020C9
:1083F0002020CAC0CBC8C1D0CEC2CAC020202020F5
:1084000000000000F8010010B457000020CFDDD1BB
:108410002020F42E42202020202AC22020202020AC
:10842000000000005CC007204447000012A10100CA
:1084300014A1010016A1010010A101000EA101006C
:108440000CA101005451000044F3072007221946F3
:10845000F8F7E3F8E089002307220121F8F7DDF8B7
:10846000208A002307220221F8F7D7F8608A002328
:1084700007220321F8F7D1F80023208B1322194695
:10848000F8F7CBF8207D002313220121F8F7C5F877
:1084900000231322BAF86600032180B260E0FC4A90
:1084A000F5A31146FBA0F8F7BCFA002304221946F5
:1084B00040F21B40F8F7B1F800230B22194645F2B1
:1084C0007820F8F757F8082007F0E2FE002380B282
:1084D00013221946F8F7A1F8F44C02220023208851
:1084E0001146F8F79AF86088002308220221F8F76D
:1084F00094F8A088002302220321F8F78EF8E08880
:10850000002308220321F8F788F8E94C00230E2203
:10851000607A0221F8F781F8A07A00231322022161
:10852000F8F77BF8E07A00230E220321F8F775F8BC
:10853000207B36E1D64BDFA11A46E4A0F8F771FAAA
:10854000E84890F82F0010F061FD00230E22012171
:10855000F8F763F800230E221946BAF856009CE794
:10856000F8F75BF86DE6CA4BDFA01A461146F8F73C
:1085700058FAE348072201210078F8F7B2F9E14CF4
:108580000023132220781946F8F747F86078002373
:1085900013220121F8F741F8A078002313220221C9
:1085A000F8F73BF86E3400232088102200F00F000B
:1085B0001946F8F732F86088002300F00F00102207
:1085C0000121F8F72AF8A088002300F00F001022FC
:1085D0000221F8F722F8083C002320880A2200F044
:1085E0000F001946F8F719F86088002300F00F0013
:1085F0000A220121F8F711F8A088002300F00F00EB
:108600000A220221F8F709F81834002320880D22E5
:1086100000F00F001946F8F700F86088002300F01A
:108620000F000D220121F7F7F8FFA08800230D228B
:1086300000F00F00022193E7B3A3B9A29449BEA0B2
:10864000BAE2934BC2A01A461146F8F7EAF9A548D8
:1086500000230722408E194680B2F7F7DEFF07227B
:1086600001213068F8F7EBF8BF48072202210068C3
:10867000F8F7E5F8BD48132202210068F8F7DFF8A3
:10868000BB48132203210068F8F7D9F8D9E5804BDD
:10869000B8A01A461146F8F7C4F9BC4800230622D0
:1086A00019460088F7F7B9FFB948002306220121CF
:1086B0000088F7F7B2FFB74800230622022100889E
:1086C000F7F7ABFFB4480023062203210088F7F731
:1086D000A4FFB24800230C2203210088DDE66C4B86
:1086E0001A4611460846F8F79CF9AD4C00230422BF
:1086F00020881946F7F791FF002360880922194660
:10870000F7F78BFF0023A0880E221946F7F785FFA5
:108710000023E08813221946F7F77FFF2089002302
:1087200004220121F7F779FF608900230922012142
:10873000F7F773FFA08900230E220121F7F76DFFE1
:10874000E089002313220121F7F767FF208A002325
:1087500004220221F7F761FF608A00230922022127
:10876000F7F75BFFA08A00230E220221F7F755FFDF
:10877000E08A002313220221F7F74FFF208B00230A
:1087800004220321F7F749FF608B0023092203210C
:10879000F7F743FFA08B00230E220321F7F73DFFDD
:1087A000E08B0023132236E0394B7EA01A46114697
:1087B000F8F737F90AF166040023E08A1322194614
:1087C00080B2F7F72AFF474D00235235022228884E
:1087D000012180B2F7F721FF6888022200231146A9
:1087E00080B2F7F71AFF208800230222032180B20B
:1087F000F7F713FF05F5C074002320880A22012132
:10880000F7F70BFF608800230A220221F7F705FF24
:10881000A08800230A220321A2E6684B1A461146CB
:108820000846F8F7FEF895F9010048B1012811D083
:10883000811E1C293FF696AE09291CDC60A1CEE002
:10884000DBF80800C0073FF48DAE5C4B62481A4667
:10885000114609E0DBF8080080077FF583AE574B2F
:108860005D481A4611461C30F8F7DBF800225D21FE
:10887000BAF85E0085E1B1E02020202020202A2ADD
:108880002A2A2A2A2A2A202020202020000000002C
:10889000444700002A303030302A30303030303019
:1088A0002A202020202020200000000040710010FD
:1088B0002C710010205443505F53544154452020E4
:1088C00020202020202020200000000020454550AE
:1088D000524F4D5F434E5420202020202020202046
:1088E0000000000020000010414220202020202015
:1088F00020202020202020202020202000000000F8
:108900003CC00720A401001020202020202020208F
:1089100020202020202020202020202600000000D1
:108920002020202020202020202020202020202047
:108930002020205E00000000CAC52020202020202A
:1089400020202020202020202020202000000000A7
:1089500020C0C2C0D0C8C820202020202020202035
:10896000202020200000000064C0072068C00720ED
:108970006CC007202A2A2020202020202020202010
:1089800020202020202020200000000054C00720AC
:1089900052C007200000001056C00720020000103F
:1089A000FC6D0010372020202020202020202020B7
:1089B000202020202020202000000000A8A001006E
:1089C000202020C0E2E0F0E8FF20C1CFD1204E2BD4
:1089D000202020200000000050300000B4A10291AF
:1089E000B94900EB400201EB421111F8D11C31B141
:1089F000012906D0022906D0032906D007E0B3A139
:108A000004E0B8A102E0BDA100E0C2A103910121F0
:108A100081403068014201D0C4A000E0C9A00490A8
:108A2000CE4802AC0346059007CCF7F7FAFF95F95C
:108A300001000022801E80B25FF02B01F7F7D3FE09
:108A400090E5BAF84200564601280ED0C44802907C
:108A5000A0F536500390C148049095F9010095F9AE
:108A60000410884207DA28710AE0BEA00290C3A071
:108A70000390C848F0E7411A012901DD401EF2E7E2
:108A800095F9040004EB800154F820204B68C2A142
:108A9000C7A0F7F7C6FF0220F7F75FFF01222121E9
:108AA000B6F844006DE0BAF846005646012810D0EA
:108AB000AB480290B7480390A848049095F901008C
:108AC00095F9041088420FDA287112E036E063E06D
:108AD00075E0A4A00290BCA00390C1A00490C6A021
:108AE0000590AC480690E9E7411A012901DD401ED6
:108AF000EAE795F9040004EB800154F820204B6864
:108B0000C3A1ABA0F7F78DFF0220F7F726FF36F8D9
:108B1000480F0022212180B2F7F765FE70880022FD
:108B2000242180B2F7F75FFEB0880022402180B296
:108B3000F7F759FE00222321F08822E0BAF850000E
:108B4000564601281FD086480290924803908348D9
:108B5000CDF8100095F901002871B3A254F8203027
:108B6000B6A1BBA0F7F75DFF0320F7F7F6FE36F8D6
:108B7000520F0022212180B2F7F735FE00227088C3
:108B8000402180B25AE777A00290B6A00390BBA024
:108B9000049080480590DDE795F9010030B1012887
:108BA00006D002287FF44CAFBAA302E0BFA300E0D6
:108BB000C4A3CAA2CFA1D5A0F7F733FFD2E4D94E00
:108BC000717E012913D0022913D0032913D006295D
:108BD00013D00C2913D0D4A00290D9A0039081B156
:108BE000DDA00490E2A00590E74806900BE0E7A026
:108BF000F2E7ECA0F0E7F1A0EEE7F6A0ECE7FBA0CF
:108C0000EAE7E148049095F9010095F904209042C3
:108C100001DA287104E0821A012A01DD421E2A715C
:108C2000022801D101B1287195F9040004EB8001FB
:108C300054F820204B68F3A1F8A0F7F7F2FE0220C9
:108C4000F7F78BFE0022402136F8600FF7F7CBFDD7
:108C5000002223217088F7F7C6FD00222421B08866
:108C6000F7F7C1FD00222521F088F7F7BCFD0022AF
:108C70005E217089F7F7B7FDC3483189493800EBA9
:108C800081006FF001022621F7F7FBFE0022282168
:108C9000B089D3E670B5E748A24C8034B0F916101D
:108CA000B4F97000B1F5FA6F01DA401CC5E1C3E117
:108CB000202020C0E2E0F0E8FF20C1CFD1204E20EC
:108CC0002B2020200000000044E30720202020204B
:108CD00020EFE5F0E5E3F0E5E2212121202020204E
:108CE000000000002020E7E0E2FBF8E5EDEE205573
:108CF000E2FBF52121212020000000002020E7E0F8
:108D0000EDE8E6E5EDEE2055E2FBF52121212020FE
:108D10000000000020202020EEF2EAEBFEF7E8EB56
:108D2000F1FF212121202020000000002020202010
:108D3000EDE520F3F1F2F0E0EDE5EDE0202020207C
:108D4000000000002020202020F3F1F2F0E0EDE50B
:108D5000EDE02020202020200000000044470000FB
:108D6000046A000020C0EAF2E8E2EDEE20202020B4
:108D700020202020202020200000000020516D61B4
:108D8000782020202020202020202021C02AF72009
:108D900000000000843C0000D1D7C5D2D7C8CAD398
:108DA00020C0CCCFC5D0D7C0D1CEC220000000009B
:108DB000202020C2DBCACBDED7C5CDC8C520CFCE90
:108DC00020202020000000002049EDE0E3F02F49A2
:108DD000F3F1F22020202020202021250000000097
:108DE0002054EDE5E0EAF2E8E2ED2E2020202040DC
:108DF000F1E5EA2E000000002054F1F0E0E1E0F29D
:108E0000FBE22E2020202023F1E5EA2E00000000C6
:108E1000202020D1CDC8C6C5CDC8DE20D2CECAC044
:108E20002020202000000000202020202020D3D15E
:108E3000D2C0C2CAC820202020202000202020CF5D
:108E4000CE20CFD0C5C2DBD8C5CDC8DE20202000C3
:108E500020C2DBCACBDED7C5CDC8C520C1CFD1EE7D
:108E6000E220200020CFEEF0EEE320202020202082
:108E700020202020202021250000000020C7E0E441
:108E8000E5F0E6EAE020202020202040F1E5EA2E6F
:108E90000000000020202020D1CDC8C6C5CDC8DEEE
:108EA00020D2CECAC0202020000000002020202098
:108EB000202020C2D0C5CCC5CDC820202020202015
:108EC000000000002020202020C0CCCFC5D0D7C07B
:108ED000D1C0CC2020202020000000002020202015
:108EE0002020202020CFCE20202020202020202025
:108EF00000000000202020202020C7C0C2C5D0D8FC
:108F0000C5CD20202020202000000000202020208F
:108F1000202020CFD0CED6C5D1D120202020202087
:108F2000000000002000001020E2FBEAEBFEF7E565
:108F3000ED202020202020202020202000000000E4
:108F400020C4EBE8F2E5EBFCEDEEF1F2FC20202092
:108F50002028F72E0000000020EEF7E5F0E5E4ED14
:108F6000EEE520E2EAEBFEF7E5EDE8E500000000C3
:108F700020203025202026305E202030403A30232B
:108F80003A30242000000000BDA0010020F0E0E7FE
:108F900020E220ECE5F1FFF62020202020202020F8
:108FA0000000000020F0E0E720E2203220ECE5F1B4
:108FB000FFF6E020202020200000000020F0E0E765
:108FC00020E2203320ECE5F1FFF6E02020202020F5
:108FD0000000000020F0E0E720E220EFEEEBE3EEFF
:108FE000E4E02020202020200000000020F0E0E726
:108FF00020E220E3EEE4202020202020202020205A
:1090000000000000C2DBD0C0C2CDC8C2C0DED9C8DB
:10901000C920C7C0D0DFC42000000000202020C02D
:10902000C2D2CECCC0D2C8D7C5D1CAC8C920202090
:1090300000000000FC6D0010401E0A22A4F8700021
:1090400055422946F248F7F721F9B4F970000A2889
:1090500001DB012003E0A84203DB4FF0FF30A4F85E
:109060007200B4F97200B4F97410884256D0E8491D
:109070001031B1F95410022950DDB4F93E10012924
:1090800002D002293AD049E0E14DB4F84010F03D59
:10909000D9B1012802D0401C12D03FE095F82B0036
:1090A00010B1012806D039E0E878012836D0F8F769
:1090B000F4F907E0E878022830D0F8F726FA01E062
:1090C000F8F782FAB4F8400040BBB4F97200411CD2
:1090D00002D0012820D021E095F82B0010B1012802
:1090E00006D01BE0E878012818D0F8F7D6F915E08B
:1090F000E878022812D0F8F708FA0FE0B4F8401028
:1091000031B101280AD1F8F75FFAB4F8400028B964
:10911000B4F97200401C01D1F8F756FA34F8720F16
:10912000608070BD2DE9F043BA48016A41F4001136
:109130000162416B21F400114163016A21F0F86181
:109140000162B549CA6CB54B1A40CA64016C41F45E
:1091500080710164416D21F4807141654FF461615A
:10916000491EFDD1016C41F480710164416D41F4EF
:1091700080714165406BDFF8989260F0F860820D75
:1091800009F19009A9F5C070C9F824204946C47FA7
:109190008D6A90F8201090F82130A2F5407605F005
:1091A0007F074FF001084FF0000CFF3E01D0AA42AC
:1091B0001BD080F823C080F826C0042C00D229B12F
:1091C00090F8244014B980F825808577994202D31D
:1091D00080F82580877780F824C0142180F821103A
:1091E00080F81FC080F820C01EE0641CE4B2C47781
:1091F000042C19D3491CC9B280F81FC080F8201074
:10920000994211D3877780F820C080F8258080F8B4
:10921000248090F8231039B1590880F821100229D0
:1092200002D8022180F82110C9F82820BDE8F08377
:109230002DE9F04F7648B1B0F03890F825000028BD
:1092400004F0A184DFF8C8910025A9F17009A9F103
:109250008002A9F86850A9F86A50B2F86E00507000
:109260001146B2F93400DFF8B881897F0A2817DA8D
:10927000FD2911D07D290FD0FB290DD07B290BD0E2
:10928000F72909D0772907D0EF2905D06F2903D016
:10929000FE2901D07E2903D16248058088F800505C
:1092A0005B4CD834F92920787ED07929C8D00126A2
:1092B0007A297AD0A4F5E472D2780692032A75D07E
:1092C000274697F901201346521C52B208925A1EA3
:1092D00052B2099297F902C0412868D0C83CB4F94B
:1092E00026209346B4F928209246A4F5807292F87D
:1092F0002620521CD2B29646B4F90220059204F1FF
:109300008002002892680E92B4F900200B927AD065
:109310000D2879D06B2878D06A2877D00F2876D09E
:109320001028FCD04D287FD01A287ED025287DD04B
:109330004FF0030804287AD0402801F071862828CD
:1093400001F04287702801F09D87362802F02E86B2
:10935000342802F09786122802F014872D2802F094
:1093600093872B2802F0DA872C2803F07F8031289E
:1093700003F07681742803F0F581442803F002831A
:10938000462803F037834528FBD0B8464C2803F025
:109390005F83A4F180025028B2F95C707AB203F0C6
:1093A0003C844E28FBD003E042E050E05AE05CE011
:1093B000522803F03984752803F04984762803F095
:1093C000E284722803F05085712803F066857328C3
:1093D00003F079856D2803F0FD86772804F0F98184
:1093E000782804F06482792804F021837A2802F036
:1093F000D7857B2804F0A0837C28FBD07D2804F04F
:10940000A38304F0C0BB92E0EBE3EBE3EBE3EBE31D
:109410001001001000C0092000C00240FF0FC0FF73
:1094200051C0072058C00720FBE3FBE3FBE3FBE34D
:109430004128DCD0FD4800231A46816CC0F84D104D
:1094400010F84C1F41710121412003F023BD92F817
:109450002A0020B182F82A5082F82350D1E782F8FE
:109460002A60F9E7F248C570CBE7F14EEF2912D038
:10947000F72913D0012B18D0052B36D006F5E47050
:10948000FD2990F9040038D0FB2938D0FE293DD0C1
:109490007E2947D0B5E70898607000E06270092225
:1094A00000212571601C02F0BCB8FD2908D1ACF187
:1094B000010C84F802C01F220021A01CF6F7DBFE7D
:1094C000B07FFB2807D1A0781F22401CA07000218C
:1094D000A01CF6F7D0FEB07FFE2892D1F58625704D
:1094E0006570A570E57025718BE77E2989D1D1481B
:1094F000016821F00101016083E7401E00E0401C8B
:10950000207104220021201D01F046BF08230722FC
:10951000062105208DE80F000423032202210120EB
:1095200002F0DCBE0321C44807F034F869E7C04804
:10953000052790F82B2000F58070B0F90C008446C8
:10954000401C00B211909CFBF7F08146401C00EBE0
:10955000800000B2322712909CFBF7F08046401C3E
:10956000784300B21390ACF1010000B21490A9F15D
:10957000010000EB800000B21590A8F101007843D3
:1095800000B21690A9480A27006B814699FBF7F8AC
:1095900008F1010707EB8707401C7F00CDE917079B
:1095A0003C2799FBF7F707977F1CC7EB0717BF000E
:1095B000A9F10100CDE91970A8F1010808EB8800B4
:1095C00040001B90079F7F1EC7EB071080000F9085
:1095D000F2B3DFF858920527A9F18009B9F9120012
:1095E0000D90401C00B21C900D9890FBF7F0804647
:1095F000401C00EB800000B21D900D98322790FBBC
:10960000F7F08446401C784300B21E900D98401E2F
:1096100000B21F90A8F1010000EB800000B2209082
:10962000ACF10100784300B22190B9F852004FF03C
:109630000A0C401C00B222907C48476B781C249096
:1096400097FBFCF08046401C00EB8000400000E0EF
:1096500081E04FF03C0C97FBFCFC25900CF10100E5
:10966000C0EB001080007F1ECDE92607A8F10100A5
:1096700000EB80004000ACF1010C2890CCEB0C100A
:1096800080002990B9F91A000A278446401C00B2CC
:109690002A909CFBF7F08046401C00EB80004000C5
:1096A00000B2052710909CFBF7F02E90401C00EBB9
:1096B000800000B232272B909CFBF7F08146401CC3
:1096C000784300B22C90ACF1010000B22D90A8F1CB
:1096D000010000EB800040000FFA80F82E98401E39
:1096E00000EB800000B22E90A9F10100784300B297
:1096F0002F90012A7BD04D4F0A20803FB7F912707E
:1097000097FBF0F08146401C00EB8000400007B260
:10971000A9F1010000EB80004000DFF8149100B2D5
:10972000022A7ED0FB297DD0FD297CD0002B7BD066
:10973000012B7AD009F5E477022B7FD0042B7ED061
:10974000052B7DD0062B7CD0082B7BD0092B7AD023
:109750000A2B79D06DE3364FFB2976D0FD2975D0E1
:1097600007F5E47883B1012B42D0022B6FD0042B94
:109770006ED0052B6DD0062B6CD0B9E1042100E032
:10978000022141700A226BE3FE290BD106980128C1
:1097900006D087F83050F7F780FE88F8045001E0D3
:1097A000F7F712FFB87FEF2810D1B4F85600002861
:1097B00004F0E981F8780128FAD078790128F7D007
:1097C00031467E714FF4827006F01FFEB87FF72895
:1097D00044F0D981B4F856000028E9D0F87801287F
:1097E000E6D078790028E3D029467D71F1E36CE179
:1097F000B4F8560010B1B4F8580060BBB4F850008B
:1098000048BB0A4A0A20803AB2F90C2092FBF0F0D9
:10981000401C00EB8000400000B2EF292DD06F29E2
:109820001AE0EFE26BE36BE3F6E3F6E3A00100106E
:109830002000001000400440D0F40720EEE3EEE3E7
:10984000EEE3EEE361E361E3ECE354E15BE181E04D
:10985000C8E0FFE020E159E01AD0FE4A0A20B2F940
:109860000C2092FBF0F0401E00EB8000400000B2A4
:10987000F7291FD0772931D048E0BCF57A7F1DDA6F
:1098800011981BE0B4F90C10202006F0BEFD20E07A
:1098900087F826E0BEF1320F04D2BCF57A7F26DAD3
:1098A000129824E0139822E0B4F90C10202006F05E
:1098B000ACFD27E0BCF57A7F00DA1498A081E5487A
:1098C0005A4651460C30F6F7E1FC97F83000002874
:1098D000D8D087F8305087F8265017E087F826E070
:1098E000BEF1320F16D2BCF57A7F00DA1598A0814E
:1098F000D8485A4651460C30F6F7C8FC97F8300065
:109900000028D1D087F8305087F82360B87FFE2830
:1099100002D00DE01698EAE7F878012806D087F81B
:109920003050F7F7BAFD88F8045001E0F7F74CFE25
:10993000B87FE7280BD1F878012808D134F8500F08
:109940000222401C2080C3480021503025E187F8C6
:10995000236056E5EF2908D06F290DD0F72978D07C
:10996000772918D0FE2922D02AE0BA4817998030EA
:10997000016387F8265023E0B64887F826E0BEF159
:10998000140F00F1800001D2189900E019990163C9
:1099900087F8236014E0AF4887F826E0BEF1140F83
:1099A00000F1800001D21B99F1E70F99EFE70698CB
:1099B000012870D087F83050F7F76FFD88F8045011
:1099C000A44F208C8037396B814274DD401C386392
:1099D000F0E3A08B002804D02946A183EE2006F0F6
:1099E00014FDE8E306980028B3D1762006F050FC79
:1099F00000B2ADF81000B97FEF2906D06F2909D069
:109A0000F7290CD077290FD017E0B0F57A7F01DA6B
:109A1000401C10E00A2190FBF1F0401C08E0B0F57A
:109A20007A7F01DA401E06E00A2190FBF1F0401E29
:109A300000EB80004000ADF81000B4F90020B4F94C
:109A4000021004A8F6F722FCBDF91010762003F0EE
:109A5000B7BEBFE2FE29C7D17E4C0E9880340028E5
:109A600004F0918000231A4619464D20F6F7C5FFF1
:109A700009E0491C48B288F80100202803DB0021D6
:109A80000846F6F7A7FF98F90110A26806FA01F058
:109A90001042EED0B5E4ABE2FE29FBD188F80150CC
:109AA000AFE4FE297CD0ACE4082B05D0092B06D00E
:109AB0000A2B07D0A5E49EE2FE2972D0A1E4FE297C
:109AC00070D09EE4FE296ED09BE4634FFB2912D038
:109AD000FD2918D007F5E470E3B18146012B45D08C
:109AE000022B7AD0042B79D0052B78D0062B77D097
:109AF000072BD9D1D5E757480899C83003294170B9
:109B00007FF440AE3AE653480999C83003294170C2
:109B1000F6D135E6FE290AD10699022905D005714C
:109B200087F83050F7F7F1FC01E0F7F74DFDB87F0B
:109B3000EF280FD1B4F856000028ABD0F8780228EF
:109B4000A8D078790128A5D031467E714FF4827073
:109B500006F05BFCB87FF7289CD1B4F856000028CB
:109B600098D0F87802287FF43CAE4AE4EF291BD065
:109B70006F293AD0F72958D0772971D0FE2978D0AB
:109B8000E7297FF4E4AE06980228FAD12298A4F8D7
:109B900052003048022200215230F6F782FBD6E60E
:109BA000F5E3F5E3F5E3F5E31C98608229480B9AA9
:109BB00012300599F6F76AFB97F8300020B9B4F92E
:109BC0001210222006F021FC87F8265087F830502A
:109BD000B4F91200F7F7FCFCB9E657E09DE0ECE0C1
:109BE0000CE1F1E3F1E3F1E3F1E387F826E0BEF104
:109BF000320F01D21D9800E01E98608215480B9A22
:109C000012300599F6F742FB97F8300020B9B4F905
:109C10001210222006F0F9FB87F8305087F82360F5
:109C200095E6FDE3FDE3FDE3FDE31F98608209484F
:109C30000B9A12300599F6F729FB97F8300020B9F6
:109C4000B4F91210222006F0E0FB87F8305087F8B4
:109C500026507CE6200100102000001000E008E003
:109C600087F826E0BEF1320F01D22098C5E721988F
:109C7000C3E70698022806D087F83050F7F745FC6E
:109C800089F8045063E6F7F79FFC60E6EF2908D0F7
:109C90006F290CD0F72972D0772915D0FE291DD055
:109CA00025E0F9482499416387F826501FE0F648DB
:109CB00087F826E0BEF1140F01D2259900E026991D
:109CC000416387F8236012E0EF4887F826E0BEF191
:109CD000140F01D22899F3E72999F1E70698022891
:109CE00078D087F83050F7F710FC89F80450E64F29
:109CF000208C796B81426EDD401C7863E08B0128FB
:109D000008D0314602E0E08B20B12946E183F02003
:109D100006F07BFBDC20796BF5E30698002843F026
:109D20003287EF2906D06F290CD0F72922D0772966
:109D300033D00EE6BCF57A7F01DA2A9800E010985D
:109D400060831FE087F826E0BEF1320F10D2BCF529
:109D50007A7F01DA2B9829E0109827E0CA485A4602
:109D600051466638F6F792FAB4F91A1078206EE682
:109D70002C981BE0BCF57A7F02DA2D98E0E755E2DB
:109D8000A4F81A80C0485A4651466638F6F77EFA5B
:109D9000B4F91A10782003F0FBBB87F826E0BEF177
:109DA000320F08D2BCF57A7F02DA2E986083D5E7AD
:109DB000A4F81A80D2E72F98F8E7FE29B9D10E98B7
:109DC000B14C0028B5D000231A4619464D20F6F7AD
:109DD00014FE0BE02BE20EE3401C40B289F80100B8
:109DE000202803DB00210846F6F7F4FD99F901006D
:109DF000A26806FA00F11142EED0AAE5FE2998D138
:109E00004570A6E5FB297AD0FD2979D05BB3012BFB
:109E100053D0022B75D0042B74D0052B73D09A4FDE
:109E20004837062B70D0082B6FD0092B6ED00A2B29
:109E30006DD00B2B6CD00C2B3FF45CAE0D2B3FF494
:109E40003BAE0E2B3FF43BAE0F2B3FF43BAE80E519
:109E5000072978D003E0072976D000E041700F226F
:109E60000021401CF4E3FE2909D10698012807D0FF
:109E700089F83050F7F711FB834848300571CBE281
:109E8000F7F7A2FBC8E200BF99F805000128B4D09B
:109E9000314689F805604FF4827006F0B6FA00BFCB
:109EA00099F81E00F728A8D1B4F856000028A4D0CD
:109EB00099F80300012876D14BE5EF2908D06F29E6
:109EC00072D0F7290AD077296FD0FE293ED0E6E27A
:109ED000119804E0129825E0139823E01498A081CB
:109EE00069485A4651467438F6F7D0F999F8300067
:109EF00058B300BF89F8305089F82650CFE2D7E137
:109F0000E1E13AE07AE0B4E014E121E36FE1AAE1B3
:109F1000CAE1159806E000BF89F8305089F823603F
:109F2000BDE21698A08158485A4651467438F6F753
:109F3000ADF999F830000028EED1B4F90C102020CA
:109F400006F063FAE8E7BCE1C6E187E2069801287B
:109F500007D089F83050F7F7A0FA4B484830057120
:109F60009DE2F7F731FB9AE234F8500F0222401CD1
:109F70002080454800213038D7E0EF2916D06F29DE
:109F80001AD0F72926D0772928D0FE297FF4ECAC07
:109F9000069801282CD089F83050F7F77EFA3A4815
:109FA000483005710CE55AE05EE267E236481799E1
:109FB000016389F8265003E5334889F826E0BEF1AD
:109FC000140F01D2189900E01999016389F82360F0
:109FD000F6E44BE02C481A990163F1E42A4889F829
:109FE00026E0BEF1140F01D21B99EEE70F99ECE7C2
:109FF000F7F7EAFAE4E41E2973DBEAE4FE290AD162
:10A00000069802280FD089F83050F7F77EFA1E49DB
:10A0100004204831087172E164E17FE1BEE1EFE1C3
:10A020000FE246E2C6E2F7F7CFFA68E199F80500D9
:10A03000012803F0A885314689F805604FF4827045
:10A0400006F0E3F999F81E00F72843F09C85B4F870
:10A0500056000028EDD099F803000228E9D099F8BD
:10A0600005000028E5D0294689F805504FF4827094
:10A07000F2E3EF2973D06F2972D0F72932D0772914
:10A080006FD0FE293ED054E1A00100101C982EE0B4
:10A09000F9480B9A0599F6F7F9F899F8300020B9C4
:10A0A000B4F91210222006F0B0F989F8305089F87E
:10A0B00026503CE01D9823E0EF480B9A0599F6F7EF
:10A0C000E5F899F8300010B106E01E9818E0B4F9F0
:10A0D0001210222006F099F989F8305089F823608F
:10A0E00025E02FE20D99B1F57A7F00DA1F986082A2
:10A0F000CEE70D99B1F57A7F02DA209800E0219839
:10A100006082D9E70698022870D089F83050F7F7B6
:10A11000FCF9D9490420B631087108E02298A4F866
:10A120005200D548022200214030F6F7BAF889F8EB
:10A1300023600EE4EF2978D06F2913D0F72975D06A
:10A1400077291CD0FE297FF4ABAD069802286ED08B
:10A1500089F83050F7F7D9F904203871C7E5F0E0F5
:10A16000F6E002E1C44889F826E0BEF1140F00F1E0
:10A170006E0073D22599416389F82360B7E5BE4824
:10A1800089F826E0BEF1140F00F16E0067D228991D
:10A19000F1E7762006F07CF800B2ADF8100099F8EF
:10A1A0001E10EF297ED06F2906D0F7297BD07729A2
:10A1B00007D00FE0BDE1C8E10A2190FBF1F0401C9F
:10A1C00003E00A2190FBF1F0401E00EB800040000C
:10A1D000ADF81000B4F90020B4F9021004A8F6F7A5
:10A1E00055F8BDF91010762002F0C8BFD3E00698EC
:10A1F00098B34FE4BCF57A7F70DA2A9860831BE04D
:10A200006F296CD0F7296BD077296AD042E42B985C
:10A2100027E0109825E098485A4651460830F6F74E
:10A2200035F8B4F91A107820DEE7D1E0D9E0DFE0A4
:10A230002C9816E0A4F81A808F485A4651460830E8
:10A24000F6F724F8B4F91A10782002F049BF00BFDD
:10A25000BCF57A7F74DA2E9803E08AE1BFE0C5E0AE
:10A260002F986083D7E7FE29C3D1834C0E986E34B4
:10A270000028BED000231A4619464D20F6F7BDFB34
:10A2800008E0401C40B27870202803DB002108461B
:10A29000F6F7A0FB97F90100A26806FA00F1114257
:10A2A000EFD007E459E15EE1FE29A2D17D7005E41B
:10A2B00071480899B630032941707FF4C9AD042173
:10A2C000CCE50821CAE56C480999B63003294170EC
:10A2D0007FF4C1AD0221C1E50621BFE54DE14EE1AC
:10A2E00058E15DE1FE290AD1069802283FF49BAEB1
:10A2F00089F83050F7F709F95F48B630057199F8D9
:10A300001E00EF287FF49EAEB4F856000028C8D097
:10A3100099F8030002287FF489AE26E4EF2910D0D3
:10A320006F2915D0F7293FF4DDAE77291DD0FE291E
:10A3300022D0E7297FF4BDAE06980228FAD1EDE6D7
:10A3400035E10D98B0F57A7FFFF6A0AE67829FE603
:10A3500089F826E0BEF1320FBFF4B7AE0D98B0F524
:10A360007A7FFFF6A7AE6782A6E689F826E0BEF1FF
:10A37000320FBFF4C4AEBCE6069802280BD089F8B1
:10A380003050F7F7C2F83C48B6300571CFE62FE100
:10A3900033E137E13CE1F7F717F9C8E6EF2917D0C9
:10A3A0006F293FF4DFAEF7291BD077293FF4E7AEE2
:10A3B000FE297FF475AC0698022819D089F8305030
:10A3C000F7F7A3F83D7192E427E153E169E181E1F8
:10A3D000294824996E30416389F8265087E42699EC
:10A3E000C9E6254827996E30416380E42999C2E681
:10A3F000F7F7EAF87BE41E29BFF685AC1D207CE464
:10A40000FE2909D1069801283FF43AAD89F8305069
:10A41000F7F743F80420387199F81E00EF2803E09D
:10A42000FFE11AE264E29AE27FF43AADB4F8560032
:10A43000002803F0A88399F8030001287FF424ADD5
:10A4400077E4EF293FF444AD6F290DD0F7293FF4AD
:10A4500045AD772912D0FE2917D020E0B4F90C10B1
:10A46000202005F0D2FF45E589F826E0BEF1320F45
:10A47000BFF432AD2EE500003201001089F826E06D
:10A48000BEF1320FBFF44DAD43E5069801283FF40D
:10A4900068AD89F83050F7F700F80420387199F862
:10A4A0001E00E7287FF405AE99F803000128F9D1D2
:10A4B0005AE5EF2908D06F290CD0F72917D0772952
:10A4C00019D0FE2922D02DE0FA481799016389F8A6
:10A4D000265027E0F74889F826E0BEF1140F01D294
:10A4E000189900E01999016389F823601AE0F1488E
:10A4F0001A99016316E0EF4889F826E0BEF1140FBF
:10A5000002D21B99EFE77AE30F99ECE7069801284E
:10A5100006D089F83050F6F7C0FF0420387101E00A
:10A52000F7F752F8E34F218C386B884207DD491C5E
:10A530003963A08B012808D03146FFF74EBA1E2898
:10A54000BFF65BAD1D20FFF742BAD820396B56E34A
:10A55000069800283FF41DAE4FE4B0F57A7FBFF6B1
:10A560002BAE401C34E6B0F57A7FBFF62AAE401E13
:10A570002EE6EF297FF444AE3CE610983EE689F8DB
:10A5800026E0BEF1320FBFF453AEBCF57A7FBFF6C2
:10A5900040AE3CE6BCF57A7FBFF64CAE2D982DE67A
:10A5A00089F826E0BEF1320FBFF45AAE50E6A4F8A7
:10A5B0001A8030E6FE29CFD10E98BE4C0028CBD0B1
:10A5C00000231A4619464D20F6F717FA08E0401CFA
:10A5D00040B27870202803DB00210846F6F7FAF92C
:10A5E00097F90100A26806FA00F11142EFD004E4E5
:10A5F00000231A4619460F20FAE300231A4619468B
:10A600000D20F5E300231A4619467B2002F042BCD8
:10A6100000231A4619467D20F8E74FF47A70F5F7C3
:10A620000CFEA548817FFD2907D0FB2908D0F7291A
:10A6300002F0FA81FE290ED014E07978491E01E07B
:10A640007978491C7970B0F85600801E42B242E217
:10A65000FDE3781CFBE3B0F9561097F90120891E41
:10A660008A42E5D0B0F856000128C0D17878002899
:10A67000DED021E44FF47A70F5F7DFFD8E48807F5D
:10A68000FD2804D0FB2805D0FE2808D014E47878F3
:10A69000401E01E07878401C787004221BE2787834
:10A6A000F5E04FF47A70F5F7C8FD8348807FFD2808
:10A6B00004D0FB2805D0FE2808D03AE57878401E63
:10A6C00001E07878401C7870082204E27878082845
:10A6D000AED02EE53220F5F7B0FD774CA17FEF2903
:10A6E0000AD0F7290BD004F5BC70FD290ED0FB2948
:10A6F00011D0FE2918D01CE57878401C01E078784C
:10A70000401E787002220021781CFCE397F90110AA
:10A71000425C521C03E097F90110425C521E425405
:10A72000084409220021EEE390F9011090F900207D
:10A7300001EB810102EBC203490003EB021290F925
:10A74000020001EB82010844397880B20F290AD057
:10A75000102921D048292ED03E293DD0232945D08B
:10A7600022294FD0E5E4B82808D100210846F6F7A1
:10A7700031F900231A46194604204DE0002108460D
:10A78000F6F728F94FF47A704C4B00904CA252A186
:10A790001846F6F789F9CCE4A0F540716939EDD196
:10A7A0000846F6F717F900231A461946122033E037
:10A7B000F5F743FDBDE4A0F54071B539DED108469B
:10A7C000F6F708F900231A4601214920F6F715F992
:10A7D0000A2084F82700F0E3A0F580712739CDD155
:10A7E0007E703D710A2084F82700A2E47D28C5D13F
:10A7F0000021BC780846F6F7EDF800222346114602
:10A80000242009E07E28B9D100210846F6F7E2F8B5
:10A8100000231A4619462520F6F7EFF84FF47A7010
:10A82000C6E7FE299ED1234C0E9806FA03F1884311
:10A83000A06009D1F3E3401C40B27870202803DB0C
:10A8400000210846F6F7C6F897F90100A26806FA53
:10A8500000F11142EFD06CE400E24FF47A70F5F7AA
:10A86000ECFC1548807FFD283FF411AFFB283FF436
:10A8700011AFFE2802D0F72870D05AE497F90100F2
:10A8800040B101280BD002280ED003280CD0042898
:10A89000F2D04EE400231A4619462220ABE30023EF
:10A8A0001A4619462620A6E3801E0022C3B211468E
:10A8B0002320A0E3A0010010200000104447000066
:10A8C0002020202020EDE5E2E5F0EDFBE92121212B
:10A8D000202020200000000020202020202020CF49
:10A8E000E0F0EEEBFC2020202020202000000000E3
:10A8F000002211461046F5F79BFCF94CA07FFD287D
:10A9000009D0FB280AD097F9011059B10129A2D02A
:10A91000022967D00DE47878401E01E07878401C69
:10A920007870F0E398F80010022994D0EF2802D054
:10A93000F72804D008E0B4F84C00401C02E0B4F85A
:10A940004C00401EA4F84C00E548182201214C3070
:10A95000F5F79CFCB4F94C10C0207FE1F8E34FF40C
:10A960007A70F5F76AFCDE4A1921907FFB283AD00D
:10A97000FD2870D092467B286ED097F9011081B3E4
:10A9800001296AD0032969D0052968D0072967D031
:10A99000092972D00B2971D00D2970D00F296FD0E1
:10A9A00011296ED012296DD013296CD014296BD0C7
:10A9B00016296AD0172969D0192968D01B2967D0B0
:10A9C0001C2971D01E2970D020296FD021296ED06A
:10A9D00023296DD024296CD025296BD026296AD053
:10A9E00007E4BCE0EFE37878401C40B278700228BE
:10A9F00021D0042823D0062825D0082827D00A28CB
:10AA00002FD00C2831D00E2833D0102841D0142854
:10AA100041D01622152840D0172840D0182840D001
:10AA20001A2849D01B2849D01D2849D01F2849D0B1
:10AA300022284BD04EE087F8018002206EE00520EE
:10AA4000787004206AE007207870062066E009200C
:10AA50007870082062E03FE07FE09CE0D2E0E0E038
:10AA6000EEE00B2078700A2058E00D2078700C2062
:10AA700054E00F2078700E2050E0F0E01AE120E161
:10AA800026E131E14DE153E16FE1E4E1EAE10CE27D
:10AA900012E2112059E0132040E07A701AE03A7176
:10AAA00018E07970182039E00DE213E219E25AE259
:10AAB00060E292E299E2A3E21B2078701A202DE076
:10AAC0001E2000E0202078701D2027E023207870D1
:10AAD000202023E02622BFE27878401E40B2787022
:10AAE00002281DD004281DD006281ED008281ED0FC
:10AAF0000A281ED00C281ED00E281ED010281ED0CA
:10AB000015281ED018281FD01A2820D01D2820D084
:10AB10001F2820D02228DDD1212078703871D9E774
:10AB20007E70D7E787F80180D4E705200DE0072085
:10AB30000BE0092009E00B2007E00D2005E00F20C5
:10AB400003E014207870A6E717207870C2E77970C8
:10AB5000C0E71C20E1E71E20DFE7242061E3144664
:10AB6000EF2806D06F2804D0F72806D0772804D025
:10AB700066E434F8560F401C02E034F8560F401ECD
:10AB800020222080012156485630F5F77FFBB4F98A
:10AB90000010982062E01146EF2806D06F280AD0F6
:10ABA000F72812D0772816D020E0228C3C20B2FB68
:10ABB000F0F0401C14E0228C4FF49670B2FBF0F0E1
:10ABC000401C4FF4967250430DE0228C3C20B2FBA7
:10ABD000F0F0401E04E0228C3C20B2FBF0F0401F5D
:10ABE000C0EB00108000208481F823604FF46142A4
:10ABF0004FF496713B48F5F75FFB218CE02005F0A0
:10AC00003EFC1DE4EF2806D06F2804D0F72804D0BE
:10AC1000772802D014E4314600E029466184E4201C
:10AC20001CE0EF2806D06F2804D0F72804D077283E
:10AC300002D005E4314600E02946A184E6200DE07B
:10AC4000EF2806D06F2804D0F72804D0772802D048
:10AC500082E4314600E029466185E820FEE31146A2
:10AC6000EF2806D06F2804D0F7280FD077280DD012
:10AC700072E491F82B00D0B1012814D002280FD033
:10AC80000BE000BF92F82B10EA20E7E391F82B00CD
:10AC900030B1032807D0022809D081F82B50F1E702
:10ACA00081F82B80EEE7022081F82B00EAE781F89B
:10ACB0002B60E7E7FE28A4D100231A46194673202B
:10ACC000A4E4FE289DD100231A46194675209DE470
:10ACD000FE2896D100231A461946762096E40000F5
:10ACE00020000010400100101146EF2806D06F2808
:10ACF00004D0F7280CD077280AD02DE491F82C0046
:10AD0000012808D00AE000BF92F82C10EC20A5E33F
:10AD100091F82C0010B181F82C50F5E781F82C60E7
:10AD2000F2E7FE2885D100231A46194670206DE40B
:10AD30001446EF2806D06F2804D0F72807D07728CC
:10AD400005D009E4B9F838004D46401C03E0B9F8D5
:10AD500038004D46401E288764220121F948F5F746
:10AD600095FAB5F93810F4209CE04FF4F0735900CF
:10AD70004D008E004FF0F00C40F6B4384FF4B45252
:10AD8000EF2806D06F2804D0F72825D0772823D0C5
:10AD90002DE4B9F93A004C464FF43457782807D0DF
:10ADA000F02808D0984214D0884206D1658711E077
:10ADB000A4F83AC00EE063870CE0A84201D1668790
:10ADC00008E0B04201D1628704E0904201D1678778
:10ADD00000E061873A4620E0B9F93A004C4678280D
:10ADE00007D0F02807D0984208D1A4F83AC014E060
:10ADF00001E1628711E0782060870EE0884201D18E
:10AE000063870AE0A84207D0B04201D1658704E019
:10AE1000904201D1668700E06187CA487821801C92
:10AE2000F5F734FAB4F93A10F62005F0EEFAB4F971
:10AE30003A100B2005F0E9FAB4F93A10404605F053
:10AE4000E4FAB4F93A0000EB8000400000E0A3E22D
:10AE500009F0E9F80DE4FE289AD100231A461946B4
:10AE60006D202DE714464FF4FA724FF48C75EF28DD
:10AE700006D06F2804D0F72807D0772805D005E43E
:10AE8000B9F83C004F46401C03E0B9F83C004F467F
:10AE9000401EB887AB480021001DF5F7F7F9B7F958
:10AEA0003C10284605F0B1FADAE3FE28D2D100239F
:10AEB0001A461946362003E7FE28CBD100231A464E
:10AEC00019467220FCE6FE28C4D100231A46194612
:10AED0007720F5E6FE28BDD100231A4619467820D2
:10AEE000EEE64A2005F0D4F900B2ADF810009AF869
:10AEF0001E105546EF2907D06F290AD0F7290DD02B
:10AF0000772910D018E08CE30A2190FBF1F0401C67
:10AF10000DE00A2190FBF1F00A3008E00A2190FBD5
:10AF2000F1F0401E03E00A2190FBF1F00A3800EB3B
:10AF300080004000ADF81000B4F90010C1EBC10072
:10AF400042000A2092FBF0F201EB410303EBC10146
:10AF500091FBF0F001B212B204A8F5F797F9BDF930
:10AF600010104A20F7E3FE2889D100231A4619461B
:10AF70007920A5E61546EF2808D06F2809D0F728D4
:10AF80000AD077280BD0762814D00BE0E06F401C55
:10AF900007E0E06F143004E0E06F401E01E0E06F76
:10AFA0001438E067E26F43F2C8206749824205D255
:10AFB000E16706E043F6982002E0FEE38A4200D90A
:10AFC000E067E06F01B24FF49F7005F01EFAE06F8A
:10AFD000000C01B24FF4A070C4E7FE28C4D10021D8
:10AFE0000846F5F7F7FCFFF761B9FE28BCD100234E
:10AFF0001A4619461020F5F700FDF7F706FF2AE478
:10B00000FE28FCD100231A4601213420F5F7F5FC77
:10B010006421A9F86C10C821A9F86E101BE473E034
:10B02000DFF82081EF29A8F1B80810D0F72910D057
:10B03000FE2969D0454C83B1012B2ED0022B4AD07A
:10B04000032B62D0042B7BD0052B7AD015E4089813
:10B0500000E00998787005229BE194F828008DF8AB
:10B060000000FD2906D07D2904D0FB2905D07B29CD
:10B0700003D00FE0C0B2401C01E0C0B2401E8DF80A
:10B080000000172200216846F5F7EAF89DF8000055
:10B0900084F8280088F823603CE494F824008DF8B4
:10B0A0000000FD2914D07D2912D0FB2901D07B2975
:10B0B000F0D1C0B2B0F101008DF800003B220021B8
:10B0C0006846F5F7CDF89DF8000084F82400E1E724
:10B0D000C0B2401CF0E794F820008DF80000FD2974
:10B0E00005D07D2903D0FB2901D07B29D2D18DF851
:10B0F00000503B2200216846F5F7B2F89DF80000A9
:10B1000084F82000C6E7FEE3FEE394F82C008DF8F7
:10B110000000FD291DD07D291BD0FB2901D07B29F2
:10B12000B8D1C0B2B0F101008DF800001F2201219A
:10B130006846F5F795F89DF8000084F82C00A9E71B
:10B140000AE026E0D8000010A0860100004002407E
:10B15000F0E3C0B2401CE7E794F838008DF8000037
:10B16000FD2913D07D2911D0FB2901D07B2991D154
:10B17000C0B2401E8DF800000C2201216846F5F790
:10B180006FF89DF8000084F8380083E7C0B2401CD7
:10B19000F0E7A08FFD2940B28DF8000011D07D2985
:10B1A0000FD0FB2901D07B2991D1401E8DF80000E2
:10B1B000632200216846F5F753F89DF90000A08747
:10B1C00068E7401CF2E792E04FF47A70F5F735F843
:10B1D000FE4CA07FFB280CD0FD2817D07B281FD069
:10B1E00097F9011001291DD003292FD005297ED000
:10B1F000BEE47878401C40B27870022802D0032860
:10B2000002D00BE03E7109E0042006E07878401E91
:10B2100040B27870032801D1022078700522FCE347
:10B220000520F1E0EF2806D06F2804D0F72806D0DB
:10B23000772804D09CE434F8560F401C02E034F820
:10B24000560F401E1E22208000219CE440F61A4525
:10B25000EF2806D06F2804D0F72806D0772804D02E
:10B2600086E434F85C0F401C02E034F85C0F401EAA
:10B270002080D6480C2200215C30F5F707F8B4F99D
:10B280000010F7E34FF47A70F4F7D7FFCF4C0121A9
:10B29000B4F9702002B11521A07FFB282BD0FD2826
:10B2A0007DD07B2870D040F6180540F2D47840F26B
:10B2B000D67A4FF4FB6B672867D097F90130EBB370
:10B2C000012B7ED0022B7DD0042B7CD0062B7BD093
:10B2D000082B7AD0092B79D00A2B78D00B2B77D07A
:10B2E0000D2B76D00F2B75D0112B74D000E0FEE320
:10B2F000132B71D0A5E17878401C40B278700228F9
:10B300001DD003281FD0052822D0072824D00A28C2
:10B3100024D00B2824D00C2824D00D2824D00E288B
:10B3200024D00F2824D0102824D0112824D012286B
:10B3300024D0132824D0142828D029E038E13879E3
:10B3400030BB3E710AE00420787087F8048005E085
:10B3500006207870052014E008207870BD7017E092
:10B360000A200EE00D2078700C200AE00F20787083
:10B370000E2006E011207870102002E01320787073
:10B3800012203871EAE70AE040E041E015207870C9
:10B390004AB20021FFF75DB9F4F76DFF31E4787828
:10B3A0004AB2401E78700021781CF4F764FF97F9C8
:10B3B000010014281BD012281BD010281BD00E28E7
:10B3C0000BE00CE11BE1A2E123E2A6E2C7E2E7E227
:10B3D00051E3D3E3F7E3F7E3F7E30ED00C280ED005
:10B3E00007280ED005280ED003287ED009E41320AC
:10B3F0000AE0112008E00F2006E00D2004E00B20F9
:10B4000002E0062000E00420787012E4797010E475
:10B4100001214FF4FA6004F0F8FF0021284604F0FF
:10B42000F4FF002140F2D27004F0EFFFC02140464B
:10B4300004F0EBFFA821504604F0E7FF0121584635
:10B4400004F0E3FFED2140F2DA7004F0DEFFFF21AB
:10B4500040F2DC7004F0D9FFFF2100E0B2E040F2DE
:10B46000DE7004F0D2FFFF214FF4FC6004F0CDFF4A
:10B47000002140F2E27004F0C8FFC0214FF40160E7
:10B4800004F0C3FFA82140F6120004F0BEFF012122
:10B4900040F6140004F0B9FFFE2140F6160004F057
:10B4A000B4FFA12140F60C0004F0AFFFA22140F64A
:10B4B0000E0004F0AAFF312140F6DE0004F0A5FFE3
:10B4C00032214FF40E6004F0A0FF332140F6E20079
:10B4D00004F09BFF002140F6E40004F096FF0021F9
:10B4E00040F6E60004F091FF00E0F0E3FF2140F2B7
:10B4F000E47004F08AFFFF2140F2E67004F085FF5B
:10B50000FF214FF4FD6004F080FFFF2140F2EA705C
:10B5100004F07BFFFF2140F2EC7004F076FFFF2186
:10B5200040F2EE7004F071FFFF214FF4FE6004F072
:10B530006CFFFF2140F2F27004F067FFFF2140F240
:10B54000F47004F062FFFF2140F2F67004F05DFF3A
:10B55000FF21C80004F059FFFF2140F2FA7004F007
:10B5600054FFFF2140F2FC7004F04FFFFF2140F236
:10B57000FE7004F04AFFFF214FF4006004F045FF25
:10B58000FF2140F6020004F040FFFF2140F60400D6
:10B5900004F03BFFFF2140F6060004F036FFFF21D8
:10B5A00040F6080004F031FFFF2140F60A0009E0F0
:10B5B000FE2803D0F72801D0EF286FD142B1002137
:10B5C0004FF4FA6004F021FF44E400002000001072
:10B5D00001214FF4FA6004F018FF002151E682B314
:10B5E000FE2803D0F72801D0EF28EDD1B4F872007F
:10B5F00008B1002100E0012140F2D270E2E77E288C
:10B6000009D097F9021079B101292CD0022946D02E
:10B6100003295FD01EE4B8780322401CB8700021D3
:10B62000B81CF4F71DFE15E4EF2806D06F2804D0EF
:10B63000F72807D0772805D012E0B4F87400401C32
:10B6400003E0FEE3B4F87400401EA4F87400FF2287
:10B650000021FB48F4F725FEB4F97410404621E4BC
:10B6600084F823600BE4EF2814D06F2812D0F72859
:10B6700001D07728F4D1B4F87600401EA4F8760003
:10B68000EF48FF220021801CF4F70BFEB4F976107E
:10B69000504607E4B4F87600401CEFE7F2E3EF28E9
:10B6A00014D06F2812D0F72801D07728D8D1B4F859
:10B6B0007800401EA4F87800E148FF220021001D18
:10B6C000F4F7EFFDB4F978105846C8E7B4F87800FD
:10B6D000401CEFE7EF2816D06F2814D0F72801D0D0
:10B6E0007728BDD1B4F87A00B0F10100A4F87A004F
:10B6F000D348FF220021801DF4F7D3FDB4F97A105E
:10B7000040F2DA70ABE7B4F87A00401CEEE77E282E
:10B7100081D097F9021031B1012921D002293CD002
:10B72000032959D06BE4EF2816D06F2814D0F728DE
:10B7300001D0772894D1B4F87C00401EA4F87C0096
:10B74000BF48FF2200210830F4F7ABFDB4F97C10AC
:10B7500040F2DC7083E7FCE3B4F87C00401CEDE7CA
:10B76000EF2816D06F2814D0F72801D077289DD164
:10B77000B4F87E00B0F10100A4F87E00B048FF22CA
:10B7800000210A30F4F78DFDB4F97E1040F2DE702E
:10B7900065E7B4F87E00401CEEE7EF2817D06F286D
:10B7A00015D0F72801D077289BD1B9F800004D4675
:10B7B000401EFF222880002100E0F6E3A0480C3064
:10B7C000F4F76FFDB5F900104FF4FC6047E7B9F8E6
:10B7D00000004D46401CECE7EF2815D06F2813D031
:10B7E000F72801D07728A5D1B9F802004D46401EB0
:10B7F00068809348FF2200210E30F4F752FDB5F91E
:10B80000021040F2E2702AE7B9F802004D46401CEF
:10B81000EEE77E283FF4FFAE97F9021031B101291F
:10B8200021D002293CD0032957D00FE4EF2815D0AE
:10B830006F2813D0F72801D0772898D1B9F83000B5
:10B840004D46401E28867E48FF2200213C30F4F7FA
:10B8500028FDB5F930104FF4016000E7B9F8300069
:10B860004D46401CEEE7EF2815D06F2813D0F7287F
:10B8700001D0772898D1B9F832004D46401E68862D
:10B880006F48FF2200213E30F4F70BFDB5F932106E
:10B8900040F61200E3E6B9F832004D46401CEEE7F0
:10B8A000EF2815D06F2813D0F72801D077289AD128
:10B8B000B9F834004D46401EA8866148FF22002199
:10B8C0004030F4F7EEFCB5F9341040F61400C6E64B
:10B8D000B9F834004D46401CEEE7EF2818D06F2829
:10B8E00016D0F72801D07728A7D1B9F836004D46F1
:10B8F000401EE8865248FF2200214230F4F7D1FC76
:10B90000B5F9361001E070E34AE340F61600A6E60A
:10B91000B9F836004D46401CEBE7EF2806D06F28FB
:10B9200009D0F7280BD077280DD011E0B9F82C10EA
:10B93000491C0BE0F2E3B9F82C10891C06E0B9F8B9
:10B940002C10491E02E0B9F82C10891EA9F82C1001
:10B9500084F82360B9F92C1040F60C0032E6EF2889
:10B9600006D06F2808D0F7280AD077280CD010E02E
:10B97000B9F82E10491C0AE0B9F82E10891C06E00F
:10B98000B9F82E10491E02E0B9F82E10891EA9F848
:10B990002E1084F82360B9F92E1040F60E0011E63F
:10B9A0007E2807D1B8780822401CB8700021B81C46
:10B9B000F4F756FCA07F234DEF2801D06F2826D145
:10B9C00097F90210685C401CC0B26854202801D26C
:10B9D000202010E0A0F121020F2A01D230200AE03D
:10B9E000A0F13A02072A01D2412004E0A0F15B0253
:10B9F000062A13D26120685440F6DE02C0B202EB80
:10BA000041020146104604F000FD84F82360A07F47
:10BA1000F72806D0772804D00CE457E37A28D7D843
:10BA2000EAE797F902007A22295C491EC9B2295433
:10BA3000202918D3A1F121030F2B05D220210EE0DC
:10BA40009400001006C00720A1F13A03072B01D291
:10BA5000392104E0A1F15B03062B02D25A212954BB
:10BA600002E07A2900D92A54295C40F6DE0202EB72
:10BA70004000F4E5F1E37E283FF4CDAD97F90210E4
:10BA800031B1012921D002293ED0032959D085E4C2
:10BA9000EF2815D06F2813D0F72802D077287FF42D
:10BAA000CBADB9F804004D46401EA880FF2200210E
:10BAB000FE48F4F7F6FBB5F9041040F2E470CEE569
:10BAC000B9F804004D46401CEFE7EF2817D06F2867
:10BAD00015D0F72801D07728E1D1B9F806004D46F6
:10BAE000401EE880F148FF220021801C00E055E262
:10BAF000F4F7D7FBB5F9061040F2E670AFE5B9F8F8
:10BB000006004D46401CECE7EF2815D06F2813D0F7
:10BB1000F72801D07728C2D1B9F808004D46401E59
:10BB20002881E248FF220021001DF4F7BAFBB5F995
:10BB300008104FF4FD6092E5B9F808004D46401C2E
:10BB4000EEE7EF2815D06F2813D0F72801D077281B
:10BB5000A5D1B9F80A004D46401E6881D348FF229E
:10BB60000021801DF4F79DFBB5F90A1040F2EA7040
:10BB700075E5B9F80A004D46401CEEE77E283FF413
:10BB80004AAD97F9021031B1012924D002293FD0E2
:10BB900003295AD02AE4EF2818D06F2816D0F728A6
:10BBA00001D0772898D1B9F80C004D46401EA881E5
:10BBB000BE48FF2200210830F4F773FBB5F90C10E2
:10BBC00040F2EC704BE55DE0DEE061E1B9F80C00BD
:10BBD0004D46401CEBE7EF2815D06F2813D0F7280F
:10BBE00001D0772897D1B9F80E004D46401EE88164
:10BBF000AE48FF2200210A30F4F753FBB5F90E10CE
:10BC000040F2EE702BE5B9F80E004D46401CEEE711
:10BC1000EF2815D06F2813D0F72801D0772897D1B7
:10BC2000B9F810004D46401E2882A048FF2200218E
:10BC30000C30F4F736FBB5F910104FF4FE600EE54A
:10BC4000B9F810004D46401CEEE7EF2815D06F28DC
:10BC500013D0F72801D07728A4D1B9F812004D46A7
:10BC6000401E68829148FF2200210E30F4F719FB34
:10BC7000B5F9121040F2F270F1E4B9F812004D4635
:10BC8000401CEEE77E283FF4C6AC97F9021031B1B4
:10BC9000012922D002293DD0032958D094E4EF286D
:10BCA00016D06F2814D0F72801D077289AD1B9F888
:10BCB00014004D46401EA8827C48FF22002110300F
:10BCC000F4F7EFFAB5F9141040F2F470C7E497E115
:10BCD000B9F814004D46401CEDE7EF2815D06F2849
:10BCE00013D0F72801D0772899D1B9F816004D461E
:10BCF000401EE8826D48FF2200211230F4F7D1FA8D
:10BD0000B5F9161040F2F670A9E4B9F816004D46E0
:10BD1000401CEEE7EF2815D06F2813D0F72801D08C
:10BD2000772899D1B9F818004D46401E28835F48FE
:10BD3000FF2200211430F4F7B4FAB5F918104FF4CB
:10BD4000FF608CE4B9F818004D46401CEEE7EF2880
:10BD500015D06F2813D0F72801D07728A6D1B9F8CD
:10BD60001A004D46401E68835048FF2200211630BD
:10BD7000F4F797FAB5F91A1040F2FA706FE4B9F8CF
:10BD80001A004D46401CEEE77E283FF444AC97F97C
:10BD9000021031B1012921D002293CD0032959D008
:10BDA00012E4EF2815D06F2813D0F72801D0772898
:10BDB0009AD1B9F81C004D46401EA8833B48FF228B
:10BDC00000211830F4F76DFAB5F91C1040F2FC7040
:10BDD00045E4B9F81C004D46401CEEE7EF2815D0AD
:10BDE0006F2813D0F72801D077289AD1B9F81E0010
:10BDF0004D46401EE8832D48FF2200211A30F4F7FB
:10BE000050FAB5F91E1040F2FE7028E4B9F81E0091
:10BE10004D46401CEEE7EF2817D06F2815D0F728C5
:10BE200001D077289AD1B9F820004D46401E2884C9
:10BE30001E48FF2200211C30F4F733FAB5F9201018
:10BE400000E0A9E04FF4006009E4B9F820004D4695
:10BE5000401CECE7EF2816D06F2814D0F72801D04B
:10BE60007728A5D1B9F822004D46401E68840F48B6
:10BE7000FF2200211E30F4F714FAB5F9221040F623
:10BE8000020006E42CE2B9F822004D46401CEDE722
:10BE90007E283FF4C0AB97F9021049B1012923D0A5
:10BEA00002293ED003295AD01AE20000A400001053
:10BEB000EF2814D06F2812D0F72801D0772894D11A
:10BEC000B9F824004D46401EA884FF220021F848FE
:10BED000F4F7E7F9B5F9241040F6040012E4B9F8D4
:10BEE00024004D46401CEFE7EF2815D06F2813D0F3
:10BEF000F72801D0772895D1B9F826004D46401E85
:10BF0000E884EB48FF220021801CF4F7CAF9B5F958
:10BF1000261040F606001DE4B9F826004D46401CE8
:10BF2000EEE7EF2816D06F2814D0F72801D0772835
:10BF300097D1B9F828004D46401E2885DC48FF22DD
:10BF40000021001DF4F7ADF9B5F9281040F60800FE
:10BF50001EE4E7E3B9F828004D46401CEDE7EF2862
:10BF600015D06F2813D0F72801D07728A7D1B9F8BA
:10BF70002A004D46401E6885CD48FF220021801DC5
:10BF8000F4F78FF9B5F92A1040F60A001EE4B9F863
:10BF90002A004D46401CEEE78B4285D1FE28FCD19D
:10BFA00000210846F4F716FD9AE15DE240F6B8304C
:10BFB000F4F743F9BE4CA43CA07FFB280DD0FD282C
:10BFC00014D07B281CD097F90110E1B101293CD095
:10BFD0000229E3D001294FD082E17878401C07E0A4
:10BFE00001220021781CF4F746F906E07878401E1B
:10BFF0007870B9F83E000028F2D00222FFF7C9B9E4
:10C000000220FFF701BA4FF48D76EF2806D06F2893
:10C0100004D0F72807D0772805D013E0B9F83E0000
:10C020004F46401C03E0B9F83E004F46401EF887DB
:10C030009F48022200211A30F4F728F9B7F93E1080
:10C04000304614E084F823504AE1B9F83E10002944
:10C05000A4D04FF48E73EF280CD06F280AD0F728A5
:10C0600001D07728EED12946A9F84010184604F0EF
:10C07000CCF9E7E73146F7E7B9F83E1000298DD053
:10C080002EE100BF40F6B830F4F7D7F8884CA43C56
:10C09000A07FFB280ED0FD2810D07B2819D097F95F
:10C0A000011040F2FE32012916D002293FD00329A7
:10C0B0008FD015E17878401C787006E07878401EC3
:10C0C00040B27870012800D13D7103220121FEF7B2
:10C0D000C0BA87F8018003E17E2811D0EF2819D07B
:10C0E0006F281CD0F7281ED077287FF4B9AAB9F89A
:10C0F0006C10491FA9F86C106D480021483028E0E9
:10C10000B9F86C1019B1A9F86C50FFF7A9BAA9F8E1
:10C110006C20FAE7B9F86C10491CEBE712E1B9F8AA
:10C120006C10491DE6E7B9F86C10491EE2E77E285D
:10C1300012D0EF2819D06F281BD0F7281DD07728F0
:10C14000E3D1B9F86E10491F5948A9F86E100021C3
:10C150004A30F4F79BF8D8E7B9F86E1011B1A9F896
:10C160006E50D2E7A9F86E20CFE7B9F86E10491CDF
:10C17000EAE7B9F86E10491DE6E7B9F86E10491EF6
:10C18000E2E700BF4FF47A794846F4F756F8DFF853
:10C190002081A8F1A40898F81E10FB2971D0FD2970
:10C1A00070D07B293FF43CA897F90100042807D000
:10C1B000062813D0FE293DD092E0787006221DE7B4
:10C1C0004FF48370EF2902D0F72902D088E031467E
:10C1D00000E02946A4F85610FFF7F4B92820EF290B
:10C1E00006D06F2904D0F7290CD077290AD012E0A5
:10C1F000B4F968100A2903D01E290AD00A2008E0E1
:10C200001E2006E0B4F968100A2902D02829F5D1C9
:10C21000F6E7A4F86800264828220A21C430F4F77B
:10C2200035F8B4F968104FF4426004F0EEF888F87D
:10C23000235055E040B1012810D0022813D0032824
:10C2400016D005287ED04BE000231A46194631202F
:10C25000F4F7D3FB88F81A6010E0F0E300231A46E5
:10C2600019462D2008E000231A461946742003E0E1
:10C2700000231A4619464420F4F7BFFB4846FEF750
:10C2800097BA8AE28CE200BF4FF47A763046F3F731
:10C29000D4FF074CA43CA07FFB2806D0FD2809D082
:10C2A0007B281ED0FE2820D02EE07878401C03E0AA
:10C2B000C40000107878401E7870B4F85600002151
:10C2C00042B2781CF3F7D7FFA57600950195029549
:10C2D00003957878632316224FEA000107F09EFD4C
:10C2E0005AE2B4F85600401C8BE6B4F9561059B126
:10C2F00097F901208A4207DA00227B7811462C2028
:10C30000F4F77BFB3046BAE797F90110B4F95620F1
:10C3100091428ED1FE2815D03EE200BF4FF47A70D4
:10C32000F3F78BFFFE4CA07FFB280FD0FD282CD00D
:10C330007B284ED097F90110F1B303295ED006296E
:10C340007BD000E070E3092978D025E27878401CA2
:10C3500040B27870012812D0022810D0042832D0C0
:10C36000052830D0072830D008282ED00A282ED013
:10C370000B282CD00D2805D00E2803D021E087F8FB
:10C3800001801EE00F2078701BE07878401E40B2DC
:10C390007870012814D0022812D00428EFD0052884
:10C3A000EDD007280FD008280DD00A280DD00B2873
:10C3B0000BD00D280BD000E00DE00E2807D000E0D8
:10C3C0007D70092297E00620DDE70920DBE70C20DD
:10C3D000D9E7092015E6E7287AD0EF2879D06F2829
:10C3E00078D0F72877D077287FF48FAE0520CDE975
:10C3F000000502950395B87805232DE0FE280FD09F
:10C40000EF2869D06F2868D0F72867D07728EBD15C
:10C410002520CDE9000502950395B87825231BE07A
:10C420002120CDE9000502950395B8782123EE225D
:10C43000014607F0F3FCA67667E69BE011E06F2863
:10C440007AD0F72879D07728F6D13520CDE90005C4
:10C4500002950395B8783523EE22014607F0DEFCFD
:10C4600053E6FE286AD097E1002008E74FF47A707F
:10C47000F3F7E3FEAA4CA07FFB2810D0FD283FD0A5
:10C480007B2865D097F901100029A4D0032970D02A
:10C490000629B3D009296DD00C29E2D07CE1787847
:10C4A000401C40B27870012819D0022817D0042807
:10C4B00018D0052816D0072816D0082814D00A2826
:10C4C00014D00B2812D00D2812D00E2810D011E055
:10C4D00040E046E04FE055E08FE096E09DE087F8D1
:10C4E000018007E0062004E0092002E00C2000E0C3
:10C4F0000F2078700C220021781CF3F7BCFED7E0E7
:10C5000079783846491E49B27970012917D0022935
:10C5100015D0042915D0052913D0072914D00829CE
:10C5200012D00A2912D00B2910D00D2901D00E29C2
:10C53000E0D10C214170DDE782E089E01FE2457027
:10C54000D8E780F80180D5E70621F3E70921F1E774
:10C550000C2056E5CDE9006502950395B8780123D6
:10C560007AE70220CDE9000502950395B878022309
:10C5700072E70FE059E0CDE9008502950395B878A0
:10C58000032369E70420CDE9000502950395B878F7
:10C59000042361E7E72810D0EF2816D06F281CD0BD
:10C5A000F72822D077287FF4B0AD1520CDE900051B
:10C5B00002950395B87815234EE71120CDE90005C3
:10C5C00002950395B878112346E71220CDE90005BE
:10C5D00002950395B87812233EE71320CDE90005B4
:10C5E00002950395B878132336E71420CDE90005AA
:10C5F00002950395B87814232EE72220CDE9000593
:10C6000002950395B878222326E72320CDE900057B
:10C6100002950395B87823231EE72420CDE9000571
:10C6200002950395B878242316E7EF287FF407AF27
:10C630003220CDE9000502950395B87832230BE747
:10C640003320CDE9000502950395B878332303E73D
:10C650003420CDE9000502950395B8783423FBE634
:10C660004FF47A70F3F7E9FD2D4CA07FFB280CD036
:10C67000FD2810D097F9011047F23055E1B101299A
:10C680003CD002293FF4EDAE86E07878401C04E00F
:10C6900002280DD080E07878401E787002220021B8
:10C6A000781CF3F7E8FD97F9010018B10128EFD1E4
:10C6B000A57671E0A6766FE0242003F0E9FD00B2D4
:10C6C000ADF81000A17FEF2906D06F2906D0F72919
:10C6D00006D0772906D008E0401C04E0801C02E068
:10C6E000401E00E0801EADF810002A46642104A818
:10C6F000F3F7CCFDBDF9101024200CE4162003F054
:10C70000C7FD00B2ADF81000A17FFE290BD0EF29C4
:10C7100011D06F2912D0F72913D0772914D017E040
:10C7200020000010FAE3F848B0F90010142003F0DC
:10C730006CFEA6760CE0A676401C07E0A676401DAF
:10C7400004E0A676401E01E0A676401FADF810007A
:10C750002A46322104A8F3F799FDBDF910101620DE
:10C7600014E400BF4FF47A752846F3F766FDE74CF2
:10C77000A17FFB2911D0FD2912D097F9010090B1BA
:10C78000012842D0022876D0032870D004286FD028
:10C7900005286ED006286DD008E17878401C0CE59D
:10C7A0007878401E09E5182003F072FD00B2ADF85C
:10C7B0001000A17FEF2906D06F2909D0F7290CD0EE
:10C7C00077290FD017E00A2190FBF1F0401C0DE013
:10C7D0000A2190FBF1F00A3008E00A2190FBF1F009
:10C7E000401E03E00A2190FBF1F00A3800EB8000C4
:10C7F0004000ADF8100044F62062322104A8F3F79F
:10C8000045FDBDF91010182077E71A2003F040FD10
:10C8100000B2ADF81000A17FEF2906D06F2909D032
:10C82000F7290CD077290FD017E00A2190FBF1F0FF
:10C83000401C0DE00A2190FBF1F00A3008E00A21CB
:10C8400090FBF1F0401E03E00A2190FBF1F00A3862
:10C8500000EB80004000ADF810002A460A2104A831
:10C86000F3F714FDBDF910101A2046E703E025E0A8
:10C8700047E064E081E01C2003F00AFD00B2ADF85F
:10C880001000A17FEF2906D06F2906D0F72906D026
:10C89000772906D008E0401C04E0401D02E0401E5D
:10C8A00000E0401FADF810004FF4FA620A2104A81E
:10C8B000F3F7ECFCBDF910101C201EE71E2003F05E
:10C8C000E7FC00B2ADF81000A17FEF2906D06F2978
:10C8D00006D0F72906D0772906D008E0401C04E0EE
:10C8E000401D02E0401E00E0401FADF810004FF474
:10C8F000FA62012104A8F3F7C9FCBDF910101E204B
:10C90000FBE6282003F0C4FC00B2ADF81000A17FC4
:10C91000EF2906D06F2904D0F72904D0772902D057
:10C9200004E0401C00E0401EADF810006422052128
:10C9300004A8F3F7ABFCBDF910102820DDE6262093
:10C9400003F0A6FC00B2ADF81000A17FEF2906D0DD
:10C950006F2904D0F72904D0772902D004E0401CC5
:10C9600000E0401EADF810006422052104A8F3F792
:10C970008DFCBDF910102620BFE6FE2916D101213D
:10C9800053E000BF4FF47A70F3F757FC5F4CA07F81
:10C99000FB283DF4C3AFFD283DF4BDAF97F901106E
:10C9A00029B1012912D002293FF4B4AC21E0FE28BC
:10C9B0001FD100231A4619464620F4F71EF840F608
:10C9C000B83053A358A25EA100900DE0FE2810D10C
:10C9D00000231A4619464520F4F70FF840F6B83000
:10C9E0004BA351A25CA1009060A0F4F75DF8257103
:10C9F000258718E14FF47A70F3F71FFC4348817FD5
:10CA0000FB2916D0FD2917D097F90120C2B1012AC0
:10CA10001BD008E178700122FEF7BBBC0179012927
:10CA200011D0067105871FE500210020F3F7D2FF22
:10CA30001AE57878401CEDE77878401EEAE7F4E3E1
:10CA4000FE29EBD0EFE00571EDE0FE29ECD0EAE045
:10CA50004FF47A70F3F7F1FB2C4CA07FFB280BD03E
:10CA6000FD280DD098F9010040F26C75B0B1012895
:10CA700037D0022847D0BCE098F80100401C02E003
:10CA800098F80100401E88F80100B4F85800002111
:10CA900042B208F10100F3F7EEFBAAE0A62003F092
:10CAA000F7FB00B2ADF81000A17FEF2906D06F2987
:10CAB00006D0F72906D0772906D008E0401C04E00C
:10CAC000801C02E0401E00E0801EADF8100040F621
:10CAD000B832294604A8F3F7D9FBBDF91010A620F7
:10CAE00083E0A82003F0D4FB00B2ADF81000A17FD2
:10CAF000EF2906D06F2945D0F72945D0772945D0B1
:10CB000047E0401C43E04EE0762300102000001078
:10CB1000202020E820EDE0E6ECE8F2E520EFF3F15C
:10CB2000EA202020000000002020EEF220ECE0EAC5
:10CB3000F1E8ECE0EBFCEDEEE3EE2020000000007D
:10CB400020F2EEEA20EDE0E3F0F3E7EAE820352D0D
:10CB5000323025200000000020F2EEEA20EDE0E374
:10CB6000F0F3E7EAE82031303025200020202020B3
:10CB700020D3F1F2E0EDEEE2E8F2E52020202020E3
:10CB800000000000801C02E0401E00E0801EADF8A6
:10CB9000100040F6B832294604A8F3F777FBBDF938
:10CBA0001010A82021E0AA2003F072FB00B2ADF81B
:10CBB0001000A17FEF2906D06F2906D0F72906D0F3
:10CBC000772906D008E0401C04E0801C02E0401EEB
:10CBD00000E0801EADF8100040F6B832294604A8E7
:10CBE000F3F754FBBDF91010AA2003F00EFC84F8F3
:10CBF000236098F90100B4F95810884213D1A07F3E
:10CC00002FE4FD291BD0FE290AD013E088F801008B
:10CC1000002108F10100FEF7BFBBFB290DD0F0E7B2
:10CC2000BB423FF4BDA911E0FB2906D0FD2906D087
:10CC3000FE2906D0F729F4D008E00898E6E709981D
:10CC4000E4E7BB42EDD001DC88F8045024E1F84F62
:10CC5000FB290DD0FD290DD0FE2979D07BB1012B08
:10CC60001AD0022B37D0032B54D0042B72D013E1EF
:10CC7000089800E0099888F801000522C8E74FF4F9
:10CC80009170EF2902D0F72902D005E1314600E08A
:10CC90002946A185FEF796BCFA2003F0F9FA00B206
:10CCA000ADF81000B97FEF2906D06F2904D0F7291D
:10CCB00004D0772902D004E0401C00E0401EADF80B
:10CCC00010004FF47A72002104A8F3F7DFFABDF9DF
:10CCD0001010FA20FEE3FC2003F0DAFA00B2ADF8FF
:10CCE0001000B97FEF2906D06F2904D0F72904D0AE
:10CCF000772902D004E0401C00E0401EADF810008F
:10CD00004FF47A72002104A8F3F7C0FABDF91010AD
:10CD1000FC20DFE3FE2003F0BBFA00B2ADF8100008
:10CD2000B97FEF2906D06F2904D0F72904D07729DD
:10CD300002D004E0401C00E0401EADF8100032229A
:10CD4000012104A8F3F7A2FABDF91010FE20C1E3F7
:10CD50002CE0FFE74FF48074204603F099FA00B20C
:10CD6000ADF81000B97FEF2906D06F2904D0F7295C
:10CD700004D0772902D004E0401C00E0401EADF84A
:10CD80001000322232E0AA4FFB293FF471AFFD2997
:10CD90003FF470AFFE2909D063B1012B16D0022BEE
:10CDA0002CD0032B36D0042B4DD075E0052B3FF44F
:10CDB000F7A871E04FF49270EF2902D0F72902D062
:10CDC0006AE0314600E02946E18563E74FF4937459
:10CDD00016E0401C06E06F29FBD0F72901D0772927
:10CDE00002D1401EADF810004FF47A72012104A860
:10CDF000F3F74CFABDF9101020466BE34FF494742E
:10CE0000204603F045FA00B2ADF81000B97FEF29D3
:10CE1000E1D1DEE74FF4957517E0F72922D07729A5
:10CE200020D001E0ADF81000B4F900100A2091FB09
:10CE3000F0F0643002B2012104A8F3F727FABDF93B
:10CE40001010284646E34FF49675284603F020FA62
:10CE500000B2ADF81000B97FEF2901D06F29DCD105
:10CE6000401CDFE7401EDDE7FB2904D0FD2970D020
:10CE7000FE2904D010E0089888F80100F1E3022BA5
:10CE800095D00BB1012B07D1002298F80130114643
:10CE90005FF07100F3F7B1FDD9E2FB2904D0FD2961
:10CEA00004D0FE2907D0D2E2089800E0099888F85B
:10CEB00001000722ACE6072BE2D04FF48F7000EBA5
:10CEC0004C001946E6E6DFF86891FD297ED0FB2983
:10CED00009D063B1012B66D0022B78D0032B77D019
:10CEE000042BCDD0B3E2089888F80100F1E3514853
:10CEF000C846EF29B0F9140011D04E4B0522322755
:10CF0000B3F914306F2993FBF2F293FBF7F308D0D7
:10CF1000F7291FD04D4677292DD098E255E1401CC6
:10CF200019E088F826E0BEF1320F04D2521C02EB61
:10CF30008200A08203E05B1C32204343A3823D4871
:10CF40000B9A14300599F3F7A1F9B4F9141046209F
:10CF50005DE0F1E3401EA08236480B9A143005993B
:10CF6000F3F794F9B4F914105FF0460003F04DFAAA
:10CF700088F826506BE285F826E0BEF1320F04D225
:10CF8000521E02EB8200A08203E05B1E322043436C
:10CF9000A38228480B9A14300599F3F777F9B4F96E
:10CFA0001410462011E12348C846EF29B0F91600B5
:10CFB00014D0204B05223227B3F916306F2993FB8A
:10CFC000F2F293FBF7F30BD0F72902E0FCE34AE01F
:10CFD000A3E020D04D4677292ED038E2401C1BE03C
:10CFE00088F826E0BEF1320F04D2521C02EB820018
:10CFF000E08203E05B1C32204343E3820D480B9A3E
:10D0000016300599F3F742F9B4F91610482003F0E9
:10D01000FCF9FEF73FB8401EE08206480B9A163036
:10D020000599F3F733F9B4F9161048209EE700008C
:10D03000200000102001001085F826E0BEF1320F1C
:10D0400004D2521E02EB8200E08203E05B1E32201B
:10D050004343E382FE480B9A0599F3F717F9B4F9B5
:10D0600016104820B1E0FA481638EF29B0F90E0042
:10D0700011D0F74B0522163B3227B3F90E306F293A
:10D0800093FBF2F293FBF7F307D0F7291DD04D463F
:10D0900077292AD0DBE1401C18E089F826E0BEF1B0
:10D0A000320F04D2521C02EB8200E08103E05B1CD1
:10D0B00032204343E381E6485A4651460838F3F7A5
:10D0C000E5F8B4F90E10422058E0401EE081E04837
:10D0D0005A4651460838F3F7D9F8B4F90E104220F1
:10D0E00003F093F989F82650B1E185F826E0BEF106
:10D0F000320F04D2521E02EB8200E08103E05B1E7D
:10D1000032204343E381D2485A4651460838F3F768
:10D11000BDF8B4F90E10422057E0CD481638EF297B
:10D12000B0F9100011D0CA4B0522163B3227B3F9D3
:10D1300010306F2993FBF2F293FBF7F307D0F72936
:10D1400020D04D46772929D081E1401C1BE089F889
:10D1500026E0BEF1320F04D2521C02EB8200208284
:10D1600003E05B1C322043432382B9485A465146B0
:10D17000801FF3F78BF8B4F91010442003F045F941
:10D18000FCF7D5BF401E2082B1485A465146801F49
:10D19000F3F77CF8B4F910104420A1E785F826E0F5
:10D1A000BEF1320F04D2521E02EB8200208203E055
:10D1B0005B1E322043432382A5485A465146801FB6
:10D1C000F3F764F8B4F91010442003F01EF985F861
:10D1D00023603CE14FF47A70F3F72FF89D4FB87F4E
:10D1E000FD2817D0FB2819D098F90110F1B14FF4A0
:10D1F0001672012930D002297BD003297AD0042964
:10D2000079D0052978D0062977D0072976D0FE284D
:10D2100075D01CE198F80100401E02E098F801006A
:10D22000401C88F801000822F2E452E1EF2806D001
:10D230006F2804D0F72805D0772803D004E0A4F89D
:10D24000586001E0A4F858504FF48475284603F064
:10D250001FF8B4F958103AE1EF2806D06F2808D02B
:10D26000F7282AD0772830D067E0B4F85A00401C5D
:10D2700026E097F82600642815D2401CC0B287F833
:10D280002600142806D2B4F85A100A20B1FBF0F098
:10D29000401C2AE0642806D2B4F85A103C20B1FBA6
:10D2A000F0F0401C36E0B4F85A00B0FBF2F0401C3D
:10D2B0003BE000BFA4F85A003DE0B4F85A00401E1D
:10D2C000A4F85A0087F8265037E097F8260064281B
:10D2D00024D2401CC0B287F82600142810D2B4F81B
:10D2E0005A100A20B1FBF0F0401E00EB8000400015
:10D2F000E0E732E0B0E00AE167E1BAE10DE264E2C2
:10D3000064280BD2B4F85A003C2812D33C21B0FB5D
:10D31000F1F0401EC0EB00108000CBE7B4F85A00DB
:10D32000904206D3B0FBF2F0401E4FF41671484312
:10D33000C0E7A4F85A5087F823604548228C1E2184
:10D340004430F2F7B9FF4FF48575284602F0A0FF8C
:10D35000B4F85A1079E009B2BBE0EF2806D06F2884
:10D360000CD0F7282DD0772831D061E0B4F85C00DC
:10D37000401CA4F85C0087F8265059E097F8260076
:10D38000642815D2401CC0B287F82600142806D2A3
:10D39000B4F85C100A20B1FBF0F0401C27E06428D0
:10D3A00006D2B4F85C103C20B1FBF0F0401C2CE03D
:10D3B000B4F85C00B0FBF2F0401C31E0A4F85C0073
:10D3C00034E0B4F85C00401EA4F85C0030E097F84C
:10D3D000260064281DD2401CC0B287F826001428FD
:10D3E00009D2B4F85C100A20B1FBF0F0401E00EB4B
:10D3F00080004000E2E764280BD2B4F85C003C28CF
:10D4000012D33C21B0FBF1F0401EC0EB00108000B5
:10D41000D4E7B4F85C00904206D3B0FBF2F0401EB3
:10D420004FF416714843C9E7A4F85C5087F82360AD
:10D430000748228C1E214630F2F73EFF4FF49F75BD
:10D44000284602F025FFB4F85C10884283D19AE3A5
:10D450003601001020000010EF2806D06F280CD0F5
:10D46000F72824D0772838D026E0B4F85E00401C96
:10D47000A4F85E0087F826501EE097F82600401CAE
:10D48000C0B287F82600B4F95E10142804D20A202E
:10D4900091FBF0F0401C2EE03C2091FBF0F0401C92
:10D4A00031E000BFA4F85E0087F8236004E0B4F820
:10D4B0005E00401EA4F85E000221F948F2F7E6FE85
:10D4C0004FF48775284602F0E3FEB4F95E108842F7
:10D4D00027D000E074E1284677E497F82600401C46
:10D4E000C0B287F82600B4F95E10142807D20A20CB
:10D4F00091FBF0F0401E00EB80004000D2E73C20A2
:10D5000091FBF0F0401EC0EB00108000CAE74FF422
:10D510008878EF2806D06F2808D0F72827D07728FA
:10D520003BD030E334F8600F401C23E097F826002E
:10D53000401CC0B287F82600B4F96010322804D22B
:10D54000052091FBF0F0401C35E0322091FBF0F01B
:10D55000401C37E0A4F86000D148B4F92620B4F9A3
:10D560002810801CF2F792FEB4F9601027E134F81D
:10D57000600F401E2080CA4834F93A2C34F9381C18
:10D5800010F10200F2F782FEB4F900104FEA080031
:10D5900002F03BFF87F82650F5E297F82600401C82
:10D5A000C0B287F82600B4F96010322806D20520F0
:10D5B00091FBF0F0401E00EB8000CBE7322091FBA6
:10D5C000F0F0401E32214843C4E74FF48978EF2839
:10D5D00006D06F2808D0F72827D0772830D0D2E29D
:10D5E00034F8620F401C23E097F82600401CC0B2BC
:10D5F00087F82600B4F96210322804D2052091FB86
:10D60000F0F0401C2AE0322091FBF0F0401C2DE0AD
:10D61000A4F86200A248B4F92620B4F92810001D2D
:10D62000F2F734FEB4F96210C9E034F8620F401E1C
:10D6300020809B4834F93C2C34F93A1C001DA1E7AA
:10D6400097F82600401CC0B287F82600B4F9621093
:10D65000322807D2052091FBF0F0401E00EB80003D
:10D66000D6E7CAE0322091FBF0F0401E3221484359
:10D67000CEE74FF48A78EF2806D06F2808D0F72835
:10D6800028D0772831D07EE234F8640F401C24E0A3
:10D6900097F82600401CC0B287F82600B4F9641041
:10D6A000322804D2052091FBF0F0401C2BE0322000
:10D6B00091FBF0F0401C2DE0A4F864007848B4F928
:10D6C0000020B4F90210801DF2F7E0FDB4F96410F7
:10D6D00075E000E134F8640F401E2080704834F992
:10D6E000642C34F9621C801D4CE797F82600401C1E
:10D6F000C0B287F82600B4F96410322806D205209B
:10D7000091FBF0F0401E00EB8000D5E7322091FB4A
:10D71000F0F0401E32214843CEE74FF48B78EF28DB
:10D7200006D06F2809D0F7281BD0772824D02AE20A
:10D7300034F8660F401C17E061E097F82600401CA3
:10D74000C0B287F82600B4F96610322804D205204A
:10D7500091FBF0F0401C1DE0322091FBF0F0401CEA
:10D760001FE034F8660F401E20804D4834F9662CC7
:10D7700034F9641C083005E797F82600401CC0B255
:10D7800087F82600B4F96610322806D2052091FBEE
:10D79000F0F0401E00EB800005E0322091FBF0F03D
:10D7A000401E32214843A4F866003D48B4F90020E9
:10D7B000B4F902100830F2F769FDB4F9661040467A
:10D7C00002F023FEFCF7C3B887E008293FF42CA938
:10D7D000D9E13448FB2900F18002B2F9422008D097
:10D7E0000746FD290BD04C464FF49770F2B34BB16E
:10D7F00011E0089888F80100CAB3022214E50998DC
:10D80000FFF73ABBF72901D077293FD1A4F842505E
:10D81000002102F0FAFD98F80100012832D1B87F0A
:10D820003D464FF49879EF2806D06F2804D0F728AA
:10D830000CD077280AD023E0B4F84410491C09B270
:10D84000A4F844106F280CD1091D08E0B4F8441066
:10D85000491E09B2A4F84410772802D1091FA4F880
:10D86000441044F6206201210D4801E00FE06BE016
:10D870009A38F2F70BFDB4F94410484602F0C5FDA2
:10D8800085F8236098F8010002280DD07BE1F3BBF6
:10D89000EF2901D06F2975D1A9F84260C3E00000DB
:10D8A0007E01001020000010B87FFEF777BBFF4814
:10D8B000FB2900F18002B2F9462008D00746FD2975
:10D8C0000BD04C464FF49970EAB34BB111E0089875
:10D8D00088F80100C2B30422A6E40998FFF704BB4C
:10D8E000F72901D077294DD1A4F84650002102F044
:10D8F0008CFD98F80100012824D1B87F3D464FF4F3
:10D900009A79EF2808D06F2806D0F72800E0C1E008
:10D9100006D0772804D013E0B4F84800401C02E099
:10D92000B4F84800401EA4F84800E04864220A21E8
:10D93000C830F2F7ABFCB4F94810484602F065FD78
:10D9400085F8236001E067E085E098F8010002288F
:10D950002CD1B87F3D464FF49C79EF2806D06F2834
:10D9600004D0F7280FD077280DD01DE0B4F84C1064
:10D97000491C09B2A4F84C106F2809D1091DA4F85C
:10D980004C1005E0C7E0B4F84C00401EA4F84C0071
:10D99000C6484FF47A720121CC30F2F777FCB4F923
:10D9A0004C10484602F031FD85F8236098F80100DC
:10D9B00003282BD1B87F3D464FF49D79EF2806D040
:10D9C0006F2804D0F7280ED077280CD01CE0B4F8CC
:10D9D0004E10491C09B2A4F84E106F2808D1091D39
:10D9E000A4F84E1004E0B4F84E00401EA4F84E0017
:10D9F000AE484FF47A720121CE30F2F747FCB4F909
:10DA00004E10484602F001FD85F8236098F80100A9
:10DA100004283FF449AFB6E0E3BBEF2901D06F29FA
:10DA200079D1A9F84660012102F0EFFC75E09F4A28
:10DA3000FB2902F18000B0F9500006D01746FD29FD
:10DA40000BD04C4638B363B115E0089988F8011043
:10DA500008B10322D2E60122D0E6099888F8010035
:10DA6000F7E7F72901D0772955D1A4F850500021C4
:10DA70004E2002F0CAFC98F80100012822D1B87F9C
:10DA80003D46EF2808D06F2806D0F72808D0772821
:10DA900006D015E041E03FE0B4F85200401C02E03F
:10DAA000B4F85200401EA4F8520080481422052108
:10DAB000D230F2F7EBFBB4F95210502002F0A5FC83
:10DAC00085F8236098F8010002281FD1B87F3D46F1
:10DAD000EF2806D06F2804D0F72806D0772804D086
:10DAE00012E034F8540F401C02E034F8540F401E8A
:10DAF00020806E481E220321D430F2F7C7FBB4F910
:10DB00000010522002F081FC85F8236098F8010093
:10DB100003283FF4C9AE36E023B198F8010001288C
:10DB2000F7D030E0EF2901D06F292CD10121A9F8DD
:10DB300050604E2078E700BF4FF47A70F2F77DFB1B
:10DB40005A48807FFEF7E6BB4FF47A70F2F775FB18
:10DB5000564CA07FFD2802D0FB2804D010E098F896
:10DB60000100401E02E098F80100401C88F8010006
:10DB7000B4F85600002142B208F10100F2F77BFB35
:10DB8000A07FFE2806D04949002081F8250031B049
:10DB9000BDE8F08F98F901000028FEF645AFB4F912
:10DBA00056108842BEF640AF002298F80130114668
:10DBB0007C20F2F722FFFEF757BC3D49C8054160C3
:10DBC0000021016103210170AA2101725521017216
:10DBD0007047AA21480701725521017270472DE94B
:10DBE000F041324C012633482673E17D39B1016A98
:10DBF00041F080610162416B81F080614163B4F862
:10DC00004410491C09B2A4F8441002297CDB002509
:10DC1000A4F84450E6724069244FC0F3C0602077F6
:10DC2000617F8037884204D0B7F86210491CA7F89A
:10DC3000621060772048214A214B0178B2F9002018
:10DC4000914207DA01F10101C9B20170914204DB8E
:10DC50001E7002E001DD05701D70B4F84600401C26
:10DC600000B2A4F84600142802DBA4F84650A673BC
:10DC7000608F401C00B260870A2872DB658766737C
:10DC8000B7F86400401C00B2A7F86400B0F5FA7F52
:10DC900005DB07F16007BD80788838807D80A08F24
:10DCA00042F21077401C00B2A0870BE02000001069
:10DCB00080841E0000C00920CAE107209E230010B6
:10DCC000912300100A2809DBA587E67301F080FE86
:10DCD000B4F93200B84201DA401C6086A08F0528F2
:10DCE00006D1E07E401CC0B2E076062800D3E5767F
:10DCF000E08F401C00B2E08714280EDBE587267415
:10DD0000607D10B1657501E02BE06675207D401CDB
:10DD1000C0B22075062800D32575B4F84000401C19
:10DD200000B2A4F84000322807DBA4F84050667423
:10DD3000A07D08B1A57500E0A675B4F84200401CAE
:10DD400000B2A4F8420064280BDBA4F84250A67489
:10DD5000B4F93400B84201DA401CA086207E10B12C
:10DD60002576BDE8F0812676FBE72DE9F04F87B0F8
:10DD7000FFA1D1E90001CDE9040101F059FDDFF86F
:10DD8000F883FE48012588F8175001684FF4FA69B6
:10DD9000B1FBF9F14FF0E020491E4161072101611B
:10DDA000F74E306820F000603060306C40F080004A
:10DDB0003064306C40F48070306401F082FEF148D1
:10DDC000401EFDD1212001F08DFE0D2001F08AFEC4
:10DDD000112001F087FE442001F084FEEA4947F655
:10DDE000FF7048808880C880088148818881C88108
:10DDF000088248828882C882088348838883C883CF
:10DE000048848884C884088548858885C8850886AC
:10DE100048868886C886088748878887C887DB49F8
:10DE20000880488002F015F902F05BF902F041F930
:10DE3000D74911200872DFF85CA300248AF800405B
:10DE400000F050FEAAF14C00062201788DF8151062
:10DE500041788DF8141080788DF8130004A9CE480D
:10DE600009F0D6FF40F6DE0002F012FACB4F387010
:10DE70004FF40E6002F00CFA10F0FF00787001D041
:10DE8000202800D17C7040F6E20002F001FA10F088
:10DE9000FF00B87001D0202800D1BC7040F6E4002B
:10DEA00002F0F6F910F0FF00F87001D0202800D140
:10DEB000FC7040F6E60002F0EBF910F0FF0038715C
:10DEC00001D0202800D13C7140F6E80002F0E0F9D2
:10DED00010F0FF00787101D0202800D17C7140F64D
:10DEE000EA0002F0D5F910F0FF00B87101D0202847
:10DEF00000D1BC7140F6EC0002F0CAF910F0FF004E
:10DF0000F87101D0202800D1FC7140F6EE0002F03B
:10DF1000BFF910F0FF00387201D0202800D13C7208
:10DF20007C72484602F0B4F9012811D19C4B9DA2A5
:10DF3000A2A11846F2F775FDF4F7E7FFA54802F035
:10DF4000D8F809F047FDA34802F0D3F8F4F765FECE
:10DF5000F2F74EFE8A48016841F400610160816970
:10DF600041F4006181614FF41651002003F059FB28
:10DF70003A2788F82D50EC2002F08AF9DFF8F89162
:10DF8000012809F1800909F5807B78D1022188F800
:10DF90002D10D02002F0B5F988B3B9F83E104846EC
:10DFA00002290BD1B0F8401021B1B9F87200012854
:10DFB0003FD003E0B9F97200401C3BD0032188F840
:10DFC0002D10D02002F09DF9CBF838005E46D82005
:10DFD00002F097F9B16B401AF06356468AF8004098
:10DFE000EA2002F055F958B1EA2002F051F902286E
:10DFF00006D0EA2002F04CF9032803D004E008E040
:10E00000357101E00320307188F80350042188F84D
:10E010002D10D42002F075F988B3B9F83E104846A7
:10E0200002290DD1B0F8401031B1B9F872000128C1
:10E0300006D1002007B0ABE5B9F97200401CF9D059
:10E04000D42002F05EF9CBF838005E46DC2002F006
:10E0500058F9B16B401AF06356468AF80040EA203E
:10E0600002F016F901280ED0EA2002F011F9022878
:10E0700006D0EA2002F00CF9032804D004E006E000
:10E080000320307100E03571022188F8031005F09B
:10E0900033FEB9F93A004E4600EB8000400005F02F
:10E0A000C2FF3C49A146C839A1F85440B6F93A002C
:10E0B00040F6B83191FBF0F001B2474802290180E7
:10E0C00001DA0221018089B2891C0180FFF775FD08
:10E0D000082002F0DDF8401C01B2002902DBB1F596
:10E0E0007A7F00DD0021082002F08FF93B4B0A22E5
:10E0F000002101200AF066FF444688F82F0018B17D
:10E100004FF4FB710AF0A2FFB6F93A00A0F57F4187
:10E11000FF3902D14FF470607087B6F93A10F620DB
:10E1200002F073F92E49A846DFF8B8A081F88850AC
:10E130004D46DFF8B490E57509F03CFE9AF8001002
:10E1400019B18AF8005002F0A0FE2848017811B1F8
:10E15000057004F06DFC2648017811B1057003F0DC
:10E160007EFCA07A00B1A572207B00B142E049E0BC
:10E17000007304323C4600002000001090E10720AC
:10E1800000C0092080A90300EC7000107623001065
:10E1900000400240E801001000C0072006C0072030
:10E1A0004447000020202020202045746865726EBE
:10E1B0006574202020202020000000002020202046
:10E1C000C8EDE8F6E8E0EBE8E7E0F6E8FF2020201D
:10E1D0000000000044EF07209E2300108941010049
:10E1E00044E30720CDE10720B8E107209123001088
:10E1F0007D2300107648B0F90010C82901DA491CC7
:10E2000001802573E07A30B1E572F2F77DFD05F00B
:10E2100029FE05F050FF607B40B16573A07808B916
:10E22000FAF780FFFBF704F8FAF734FDA07B10B192
:10E23000A573F4F749FDE07B90B30BF06BFACBF8D4
:10E240000C80E573002604E03046F4F786F8761C6F
:10E25000F6B2B4F956008642F6DBF3F799FAF4F712
:10E26000A9FEF4F752FEA07810B95A4801F041FF18
:10E2700057480580F1F7E4FFF1F766FFF1F7E0FF9B
:10E28000F3F717FAF4F7F0F9F4F740F9F3F7B3F806
:10E29000F4F73CF9F4F77CFAF4F72EFBF2F7E6FC1E
:10E2A000207CA0B32574A07828B901F08DFCA0785B
:10E2B00008B900F017FC4848016A41F0806101622A
:10E2C000F2F712FC00F092F8F4F7A8FD434894F836
:10E2D0002E2046780378801C41788DE84E00037824
:10E2E000001F42780178212002F041FB3B48001DCD
:10E2F0004278017808384378CDE90035CDE902123B
:10E300000378801E42780178222002F030FB607C86
:10E3100080B133486574032280F8008042708570B4
:10E320000522C270057180F80580062103F0F4FB18
:10E330002C490880A07C98B3A574A07808B9FFF791
:10E3400048FC01F081FB94F828007F1C401CFFB2C0
:10E3500084F828003C2F06D3002701F07AFE01F054
:10E36000C0FE01F0A6FE94F829000A2802D2401C43
:10E3700084F82900F2F705FF18484638B0F9541020
:10E38000B1F57A7F02DA491CA0F85410F2F77BFE4F
:10E39000F2F7ACFEF2F783FDF3F7FCF803F0BEF8FA
:10E3A000E07C00B1E57499F8001000293FF4C3AE99
:10E3B00089F800500C4802F0F5FF4FF4C5710120B8
:10E3C00003F018F84FF4C771002003F013F8B2E619
:10E3D0002EC0072044EF072000C00920660100106E
:10E3E0007AFD0720C8E1072018009C002DE9F04FB6
:10E3F000FB48FC4E3C210088B085FB480127008883
:10E40000F085FA4800883086F94800887086F94817
:10E4100000887080F8480088B0FBF1F0B080F748C1
:10E4200000210088F080F64800883081F548008897
:10E430007081F5480078B081F4480078012864D0F4
:10E44000F181F348DFF8E0A3DFF8E093008826F8D5
:10E45000100FF0480AF13C0505F13C0CB0F9000042
:10E4600005F1780800EB800040003064EA4805F1CF
:10E47000B40B028872854288B2858088F085E748AF
:10E4800002883286428872868088B086E4480068B6
:10E49000F064E4480088F086A6F110064FF0000012
:10E4A00000EB4004431C09EB44122AF81030946935
:10E4B00025F81040146A2CF81040546A28F81040CF
:10E4C00054782BF81040D8B21E28E9D3D8480088D9
:10E4D0007082D8480088B082D7480088F082D74838
:10E4E00000883083D6480088012810D0D5480068BD
:10E4F0007065D548008801280BD0D4480068B06505
:10E50000D34805783DB1718306E0F78199E77165DD
:10E51000EFE7B165F4E77783CE48008808B1B783A9
:10E5200000E0B183CC48D34CDFF84CC30088F083C3
:10E53000CA4804F10C0300883084C94800887084FC
:10E54000C8480088B084C8480088F084C74800885C
:10E550003085C748008870850020421C22541CF872
:10E560000080B8F1000F16D01F54D0B20C28F4D39D
:10E57000C24ADFF870C200200CF1640CB2F900400E
:10E580000CF10803421C2CF8102023F81010002C6A
:10E5900003DD1F8002E01954E7E71980D0B2042898
:10E5A000F0D3B748A6F848100078032801D035B951
:10E5B00002E0B448007810B121F0010001E041F020
:10E5C0000100A6F84800B04800780028B6F84800D6
:10E5D00022D040F0020000BFA6F84800AB48007807
:10E5E0000028B6F848001AD040F00400A6F8480009
:10E5F000A74800780028B6F8480013D040F008007B
:10E6000026F8480FA3480078002830880DD040F045
:10E6100010003080BDE8F08F20F00200DCE720F031
:10E620000400E3E720F00800EAE720F01000F0E73C
:10E63000012805D16B48B0F90210982001F0E5BE21
:10E640007047012808D16748B0F90400C0EB0010FA
:10E650008100E02001F013BF7047012805D1614817
:10E66000B0F90610E42001F0D0BE7047012805D1B2
:10E670005C48B0F90810E62001F0C7BE70470128D9
:10E6800005D15848B0F90A10E82001F0BEBE704725
:10E69000012807D15348B0F90C10032902D8EA2009
:10E6A00001F0B3BE704701280AD14E48C1894FF42A
:10E6B0008170012901D0012100E0002101F0A5BEF7
:10E6C0007047012808D14748B0F91010481EFD28AE
:10E6D00002D8F42001F099BE704701280ED14148BC
:10E6E0004DF65042006DA0F59661914206D80A2180
:10E6F00090FBF1F001B2F62001F087BE704710B533
:10E70000012811D16448B0F900206448B0F9001024
:10E7100034481230F1F7BAFD3248B0F91210BDE8B2
:10E720001040222001F071BE10BD10B5012811D19A
:10E730005B48B0F900205B48B0F90010294814305C
:10E74000F1F7A4FD2748B0F91410BDE810402020CF
:10E7500001F05BBE10BD10B5012811D14E48B0F9D3
:10E7600000204E48B0F900101E481630F1F78EFD1B
:10E770001C48B0F91610BDE81040762001F045BEE7
:10E7800010BD10B5012811D14548B0F90020454809
:10E79000B0F9001013481830F1F778FD1148B0F9BE
:10E7A0001810BDE81040782001F02FBE10BD10B544
:10E7B000012814D10B48224C416D1E2976DB0E4AEC
:10E7C0001288914275DD521C4265406D01B2DC2019
:10E7D00001F01BFE2088012879D0012171E076E04C
:10E7E000FE0000100CE1072000010010F8000010EE
:10E7F000FA000010760000104001001042010010E5
:10E80000440100104A0100104B0000104C000010A1
:10E81000D8000010DA000010FE0100100402001001
:10E82000CC0100101A0100101C6F001044E30720F7
:10E83000320100102C010010380100103A010010C4
:10E840003E010010D40100103C010010D001001066
:10E8500025000010780100107A0100107C010010E2
:10E860007E01001080010010820100108401001060
:10E8700086010010AC70001062F307201201001036
:10E8800023000010F0C00720E8C007201CC00720AC
:10E890001BC007201AC00720200100102201001011
:10E8A000460100104801001000E002E01D21416512
:10E8B0008BE709B2DC2001F0A8FD2088002806D0F3
:10E8C00000212180BDE81040F02001F09EBD10BD68
:10E8D00010B5012825D17D487D4C816D1E290FDBA7
:10E8E0007C4A128891420EDD521C8265806D01B215
:10E8F000D82001F08AFD2088012812D001210AE0E9
:10E900001D218165F2E709B2D82001F07EFD208843
:10E91000002806D000212180BDE81040EE2001F043
:10E9200074BD10BD7047704770477047704770479F
:10E9300070477047704770477047012805D163489A
:10E94000B0F94C108C2001F060BD704770477047E3
:10E95000012805D15D48B0F94E10962001F055BD53
:10E96000704770477047012806D15848B0F91C100D
:10E970004FF4847001F049BD7047012806D1534817
:10E98000B0F91E104FF4857001F03FBD70470128AB
:10E9900006D14E48B0F920104FF49F7001F035BDFC
:10E9A0007047012806D14948B0F922104FF487700A
:10E9B00001F02BBD7047012806D14448B0F924105E
:10E9C0004FF4887001F021BD7047012806D13F48FF
:10E9D000B0F926104FF4897001F017BD7047012877
:10E9E00006D13A48B0F928104FF48A7001F00DBDF5
:10E9F0007047012806D13548B0F92A104FF48B70C2
:10EA000001F003BD70472DE9F041012822D12F48C4
:10EA1000324C314AB0F94A50314B0026B4F900402B
:10EA200045F25551802D31D008DC032D14D0042D32
:10EA300018D0052D1CD0062D0AD13FE00127812DCD
:10EA40001CD0264C822DB4F902402FD0832D25D026
:10EA5000A0F84A20BDE8F081A0F84A10BDE8F041D6
:10EA6000F2F753BDA0F84A10BDE8F041F2F715BD2A
:10EA7000A0F84A10BDE8F041F2F780BDA0F84A20A6
:10EA8000062CE7D1A0F84A101F70E3E7A0F84A204F
:10EA9000062CDFD1A0F84A101E70DBE7A0F84A2050
:10EAA000062CD7D1A0F84A105F70D3E7A0F84A200F
:10EAB000062CCFD1A0F84A105E70CBE7A0F84A1020
:10EAC000F2F764FDBDE8F041F2F77EBD0CE10720EE
:10EAD0003C01001040010010EEEEFFFF40C0072097
:10EAE0003EC007202DE9F05F182001F0D1FBFF495F
:10EAF00008801A2001F0CCFBFD4908801C2001F0A1
:10EB0000C7FBFC4908801E2001F0C2FBFA490880BF
:10EB1000262001F0BDFBF9490880282001F0B8FB50
:10EB2000F749DFF8E483DFF8E4A30880F5480078CC
:10EB300048B3F7480188F748A8F800100188AAF8F8
:10EB40000010422001F0A4FBF3490880442001F0AA
:10EB50009FFBF2490880462001F09AFBF0490880AB
:10EB6000482001F095FBEF490880762001F090FBEA
:10EB7000ED490880782001F08BFBEC490880EC48D7
:10EB8000008890B116E0EB48008820B9202001F001
:10EB90007FFBA8F80000E84800880028D1D1222097
:10EBA00001F076FBAAF80000CBE7D82001F0A9FB22
:10EBB000E2490860E248008820B9DC2001F0A1FBAE
:10EBC000E0490860E02001F09CFBDF490880E42078
:10EBD00001F05EFBDD490880E62001F059FBDC49CD
:10EBE0000880E82001F054FBDA490880EA2001F0AF
:10EBF0004FFBD9490870EC2001F04AFBD749087057
:10EC0000EE2001F07EFBD6490880F02001F079FB70
:10EC1000D4490880F42001F03BFBD3490880F6205A
:10EC200001F036FBD14C20800B2001F031FBD04DA0
:10EC3000288040F6B43001F02BFBCE4900B20880AA
:10EC4000B4F90020B5F900108A4204D0824202D003
:10EC5000814200D121804FF4917001F019FBC64927
:10EC600008804FF4927001F013FBC4490880FA2029
:10EC700001F00EFBC2490880FC2001F009FBC149EC
:10EC800008804FF4937001F003FBBF4908804FF4F4
:10EC9000947001F0FDFABD490880FE2001F0F8FAF9
:10ECA000BB4908804FF4807001F0F2FAB94908803E
:10ECB0004FF4957001F0ECFAB74908804FF4967064
:10ECC00001F0E6FAB54908804FF4837001F0E0FAEC
:10ECD000B34908804FF4847001F0DAFAB149088032
:10ECE0004FF4857001F0D4FAAF4908804FF49F705B
:10ECF00001F0CEFAAD4908804FF4877001F0C8FAF0
:10ED0000AB4908804FF4887001F0C2FAA949088025
:10ED10004FF4897001F0BCFAA74908804FF48A705B
:10ED200001F0B6FAA54908804FF48B7001F0B0FAF3
:10ED3000A34908804FF4977001F0AAFAA14908800E
:10ED40004FF4987001F0A4FA9F4908804FF499702D
:10ED500001F09EFA9D4908804FF49A7001F098FAEC
:10ED60009B4908804FF49B7001F092FA9949088002
:10ED70004FF49C7001F08CFA974908804FF49D7015
:10ED800001F086FA9549088040F61C4001F080FAAF
:10ED9000934908604A2001F07BFA924908804C2090
:10EDA00001F076FA90490880142001F071FA8F4939
:10EDB0000860162001F06CFA8D490880242001F0CB
:10EDC00067FA8C490880A62001F062FA8A4C2080FC
:10EDD000A82001F05DFA6080AA2001F059FAA08015
:10EDE0007A2001F055FA854908807C2001F050FA1C
:10EDF00083490880C62001F04BFA82490880C82068
:10EE000001F046FA80490880822001F041FA7F49EA
:10EE10000880842001F03CFA7D494FF0000B5C46ED
:10EE200008807C48A0F800B0882001F031FA7A49C7
:10EE300008808C2001F02CFA784908808E2001F09F
:10EE400027FA77490880902001F022FA7549088056
:10EE5000922001F01DFA74490880942001F018FAFC
:10EE600072490880962001F013FA714908809820B1
:10EE700001F00EFA6F4908804FF48C7001F008FA27
:10EE80006D4908804FF48E7001F002FA6B490880DA
:10EE90004FF48D7001F0FCF9694908804FF48F70D0
:10EEA00001F0F6F9674D28804FF4907001F0F0F909
:10EEB00068804FF4416001F0EBF9634D288040F623
:10EEC000124001F0E5F9614E308040F61A4001F041
:10EED000DFF95F4908802888318808445D49088047
:10EEE000802001F0D5F95C490880B7E020010010CE
:10EEF000220100102401001026010010280100103A
:10EF00002A010010500000102C01001032010010E6
:10EF1000DAC00720BE0300102E01001030010010DF
:10EF20003401001036010010380100103A010010C1
:10EF3000D8C00720D6C00720BA030010D0010010A7
:10EF4000BC030010D4010010400100104201001069
:10EF5000440100104A0100104B0000104C0000104A
:10EF60003C0100103E010010D8000010DA00001033
:10EF7000AA030010C2C007204C0100104E0100106F
:10EF800050010010520100105401001056010010F1
:10EF9000580100105A0100105C0100105E010010C1
:10EFA00076010010780100107A0100107C01001039
:10EFB0007E01001080010010820100108401001009
:10EFC00086010010E2000010E4000010E6000010CE
:10EFD000E8000010EA000010EC000010EE00001045
:10EFE000E401001068000010F6000010B4030010E7
:10EFF000B803001078C007205A0300106003001007
:10F000007AC0072062030010700000106403001033
:10F010007EC007206603001080C007206803001030
:10F0200082C007206A03001084C007206C03001010
:10F030006A00001076000010DC000010E0000010F4
:10F04000DE00001040C007207A0000107800001099
:10F050007C0000108CC007207CC00720BC2001F081
:10F0600017F9FF490870BE2001F012F9FD49088028
:10F07000C42001F00DF9FC490880CA2001F008F90C
:10F08000FA490880CC2001F003F9F9490880CE2024
:10F0900001F0FEF8F749088040F6184001F0F8F852
:10F0A000F54908804E2001F0F3F8F449088050201B
:10F0B00001F0EEF8F2490880522001F0E9F8F14938
:10F0C00008804FF4426001F0E3F8EF4908804FF404
:10F0D000D07001F0DDF8ED4D28704FF4DF7001F0D5
:10F0E000D7F8C1B2EA48697004802A78552A01D15C
:10F0F000641C0480552902D1A1B2491C01804FF43F
:10F10000D17001F0C5F8E34C20804FF4D27001F0CB
:10F11000BFF8E14D28804FF4D37001F0B9F8DF4E0D
:10F1200030804FF4D47001F0B3F8DD4908804FF41B
:10F13000D87001F0ADF8DFF86C93A9F800004FF437
:10F14000D57001F0A5F8D84F38804FF4E07001F089
:10F150009FF860804FF4E17001F09AF868804FF4F6
:10F16000E27001F095F870804FF4E37001F090F8D0
:10F17000CB4948804FF4E87001F08AF8A9F8020002
:10F180004FF4E47001F084F878804FF4E97001F0F6
:10F190007FF8C64908804FF4EA7001F079F8C44955
:10F1A00008804FF4EB7001F073F8C24908804FF407
:10F1B000EC7001F06DF8C04908804FF4ED7001F07B
:10F1C00067F8BE4908804FF4EE7001F061F8BC4961
:10F1D0000880A02001F05CF8BA490870A22001F074
:10F1E00057F8B9490870A42001F052F8B7490880CF
:10F1F000C02001F04DF8B6490880C22001F048F85F
:10F20000B44908804FF49E7001F042F8B24908807A
:10F210004FF49F7001F075F8B04908604FF4A37087
:10F2200001F036F8AE4908804FF4A47001F030F8D0
:10F23000AC4908804FF4A57001F02AF8AA4908806B
:10F240004FF4A67001F05DF8A84908604FF4A7706C
:10F2500001F057F8A64908604FF4A87001F018F8BB
:10F26000A44908804FF4A97001F012F8A24908805F
:10F270004FF4AA7001F00CF8A04908804FF4AB706D
:10F2800001F006F89E4908804FF4A07001F000F8E4
:10F290009C4908804FF4A17000F0FAFF9A49088059
:10F2A0004FF4A27001F02DF89849086040F6B8308C
:10F2B00000F0EEFF9649088040F6BA3000F0E8FF13
:10F2C0009449088040F6BC3000F0E2FF9249088083
:10F2D00040F6BE3000F0DCFF904908804FF43C60FF
:10F2E00000F0D6FF8E49088040F6C23000F0D0FF13
:10F2F0008C49088040F6C43000F0CAFF8A49088073
:10F3000040F6C63000F0C4FF8849088040F6E83077
:10F3100000F0BEFF864C208040F6EA3000F0B8FFD7
:10F32000844D288040F6EC3000F0B2FF824E3080F1
:10F3300040F6EE3000F0ACFF804F38804FF43F6075
:10F3400000F0A6FFDFF8F891A9F8000040F6F230CF
:10F3500000F09EFF608040F6F43000F099FF688076
:10F3600040F6F63000F094FF708040F6F83000F080
:10F370008FFF788040F6FA3000F08AFFA9F802008B
:10F3800040F6FC3000F084FFA08040F6FE3000F034
:10F390007FFFA8804FF4406000F07AFFB08040F615
:10F3A000024000F075FFB88040F6044000F070FFA6
:10F3B000A9F8040040F6064000F06AFFE08040F63D
:10F3C000084000F065FFE88040F60A4000F060FF6A
:10F3D000F08040F60C4000F05BFFF880BA2000F0AF
:10F3E00057FF58490870B02000F052FF5649088076
:10F3F000B22000F04DFF55490880B42000F048FFCE
:10F4000053490880B62000F043FF52490004000C25
:10F41000088001D00D2801D3A1F800B0B82000F079
:10F4200037FF4D49088040F6144000F031FF4B494A
:10F43000088040F6164000F02BFF494908804FF441
:10F44000FA6000F025FF4749088040F2D27000F0D2
:10F450001FFF4549088040F2D47000F019FF85E095
:10F46000A80300108E0000106E0000106E03001044
:10F4700088C00720700300108AC00720F000001029
:10F48000F2000010F4000010880100107E0000104F
:10F4900072030010B0010010B4010010B801001098
:10F4A00078030010BC010010C00100108A01001098
:10F4B0008C0100108E0100109001001092010010CC
:10F4C00094010010740300108EC007207603001012
:10F4D0006C00001086C0072090C007209C0100101F
:10F4E0007C03001092C007207E03001098C0072004
:10F4F000880300109CC007208C0300109EC00720CA
:10F500008E03001094C007208003001084030010B5
:10F51000A0C0072090030010A6C00720960300108B
:10F52000ACC007209C030010B2C00720A20300104B
:10F530000A020010120200101A020010220200102B
:10F54000B8C00720390000108200001084000010AD
:10F5500086000010880000108A00001018010010BA
:10F56000C0C007209000001092000010874908805A
:10F5700040F2D67000F08CFE854908804FF4FB60A5
:10F5800000F086FE8349088040F2DA7000F080FEC9
:10F590008149088040F2DC7000F07AFE7F490880E3
:10F5A00040F2DE7000F074FE7D4908804FF4FC608C
:10F5B00000F06EFE7B49088040F2E27000F068FEC9
:10F5C000794908804FF4016000F062FE77490880B5
:10F5D00040F6120000F05CFE7549088040F6140009
:10F5E00000F056FE7349088040F6160000F050FE09
:10F5F0007149088040F2E47000F04AFE6F490880CB
:10F6000040F2E67000F044FE6D4908804FF4FD6062
:10F6100000F03EFE6B49088040F2EA7000F038FED0
:10F620006949088040F2EC7000F032FE67490880BA
:10F6300040F2EE7000F02CFE654908804FF4FE6049
:10F6400000F026FE6349088040F2F27000F020FED0
:10F650006149088040F2F47000F01AFE5F490880AA
:10F6600040F2F67000F014FE5D4908804FF4FF6030
:10F6700000F00EFE5B49088040F2FA7000F008FED0
:10F680005949088040F2FC7000F002FE574908809A
:10F6900040F2FE7000F0FCFD554908804FF4006018
:10F6A00000F0F6FD5349088040F6020000F0F0FD3E
:10F6B0005149088040F6040000F0EAFD4F490880F7
:10F6C00040F6060000F0E4FD4D49088040F60800D1
:10F6D00000F0DEFD4B49088040F60A0000F0D8FD3E
:10F6E0004949088040F60C0000F0D2FD47490880E7
:10F6F00040F60E0000F0CCFD4549464E002408803F
:10F7000040F6DE0505EB440000F086FD3055641C34
:10F71000E4B20A2CF6D34048B0F9001041B1491EBA
:10F7200009B2018021B9B8F90010202000F06DFE67
:10F730003A48B0F9001041B1491E09B2018021B91F
:10F74000BAF90010222000F060FE3548B0F9001030
:10F7500041B1491E09B2018021B932480168D8205F
:10F7600000F08DFE3048B0F9001000290BD0491E82
:10F7700009B20180002906D12C480168BDE8F05F7C
:10F78000DC2000F07CBEBDE8F09F0000940000107B
:10F7900096000010980000109A0000109C000010C5
:10F7A0009E000010A0000010A2000010D000001069
:10F7B000D2000010D4000010D6000010A4000010E9
:10F7C000A6000010A8000010AA000010AC00001055
:10F7D000AE000010B0000010B2000010B400001025
:10F7E000B6000010B8000010BA000010BC000010F5
:10F7F000BE000010C0000010C2000010C4000010C5
:10F80000C6000010C8000010CA000010CC00001094
:10F81000CE00001006C00720D6C00720BA03001093
:10F82000D8C00720D0010010BC030010D401001084
:10F8300030B54E482021C0F8A01100BFD0F8A0116B
:10F840004906FBD500F180000322C0F884204FF464
:10F850000031C0F828114FF00001C0F82C114FF012
:10F860000103C0F88C30424C446003604FF0AA039F
:10F87000C3604FF05504C460A0F18000D0F88850F8
:10F880006D01FBD540F8802FC360C460C0F88810BC
:10F89000384A4264C0F848118168A0F180006FEADC
:10F8A00011618A073449D0F80C2102F0030207D015
:10F8B00092B3012A46D0022A4AD0032A51D13BE012
:10F8C0002AB1012A11D0022A27D0032A49D150F89F
:10F8D000882FC2F30E02521C53000268C2F3074283
:10F8E000521CB3FBF2F2254B0CE050F8882FC2F308
:10F8F0000E02521C53000268C2F30742521CB3FBB3
:10F90000F2F21F4B5A43C36FA0F18800DBB203F140
:10F910000103B2FBF3F223E00EE050F8882FC2F3AC
:10F920000E02521C53000268C2F30742521CB3FB82
:10F93000F2F24FF4FA43E5E7D0F804210F4BD2B2CC
:10F94000521C0BE0D0F804210D4BD2B2521C05E042
:10F95000D0F804214FF4FA43D2B2521CB3FBF2F2B6
:10F960000A6043F23A01016030BD000000C00F4060
:10F970004F0003004AF1004090E1072000093D00DC
:10F98000809698004FF04021012008600C480168E3
:10F99000491C01600B49002008700B48016821F0E8
:10F9A000FF01091D0160016841F08071016070472D
:10F9B00006490120086002484168491C41607047BF
:10F9C00094E107200EC00720004003400080004063
:10F9D0002B48016A41F0004101622A494A68D30775
:10F9E00009D0294B1B8833B1836B43F000438363F9
:10F9F0000620887003E0C36B43F00043C3635008E4
:10FA000048604878401E10F0FF00487003D1202065
:10FA1000487088684860704710B51A4A002320244F
:10FA20004F2908D0412909D052290BD0532908D198
:10FA30005360936004E0C2E9010301E0506090600C
:10FA4000547010BD906010BD30B50E4C002520786C
:10FA5000401CC0B22070092800D925700B480068EE
:10FA600028B152214FF03330FFF7D6FF05E0532184
:10FA70000020FFF7D1FF06480560E57030BD0000AB
:10FA800000C009209CE107206603001060C0072029
:10FA9000CCC007207D48016841F0404101604168C9
:10FAA00021F003014160416841F00C01416041686F
:10FAB00041F03001416076481421C1603821016075
:10FAC00070477448016C41F400510164C16D41F408
:10FAD0000051C1657049491EFDD1416D41F400518D
:10FAE0004165704710B56B4C0246206840F40060D9
:10FAF0002060606940F400606061FFF7CBFF002187
:10FB0000606920F400606061491CC9B20529F7D31F
:10FB1000104600F015FB0020616921F4006161616D
:10FB2000401CC0B20528F7D30020616941F4006190
:10FB30006161401CC0B20528F7D3BDE8104000F059
:10FB40001DBB70B5534C0246206840F40060206035
:10FB5000606940F400606061FFF79CFF002160690C
:10FB600020F400606061491CC9B20529F7D34B4DF0
:10FB70000020012AE88002D0022A05D00EE00020F1
:10FB800000F0DEFAE88009E0002000F0D9FA434DE9
:10FB9000AD1D6870002000F0D3FA28700020616964
:10FBA00021F400616161401CC0B20528F7D3002038
:10FBB000616941F400616161401CC0B20528F7D35E
:10FBC000BDE8704000F0DABA2DE9F0410820FFF7F7
:10FBD00089FF0120FFF7B5FF304CE088C00753D103
:10FBE00020783830C0B2FFF77DFF0220FFF7A9FF71
:10FBF000208904F10A02401C20812178284889B11B
:10FC00006178E38800EB4105491C2B84A380002325
:10FC1000C9B223706170102900D363706178C9077D
:10FC200008D019E06378E18820F813106180012082
:10FC3000207011E000252B4600EB411636F81370BA
:10FC40005B1CDBB23D44102BF8D32B0922F811309A
:10FC5000491CC9B20229EDD360881080207878B1A0
:10FC60005FF02100FFF73EFF0D20FFF73BFF2078FC
:10FC700040B11120FFF736FFBDE8F041442031E7E5
:10FC80002020EFE71020F5E7BDE8F08100C002403A
:10FC90000000024000C00920C0D401006C23001005
:10FCA000EC700010FE48016A21F07F510162816B07
:10FCB00041F40011816300BF00BF00BF00BF00BF5F
:10FCC00000BF00BF00BF00BF00BFC16B41F4802177
:10FCD000C16300BF00BF00BF00BF00BF00BF00BFC7
:10FCE00000BF00BF00BF816B41F400218163416B05
:10FCF0008900FCD47047EA48016A21F07F51016213
:10FD0000816B41F40011816300BF00BF00BF00BFE1
:10FD100000BF00BF00BF00BF00BF00BFC16B41F408
:10FD20008021C16300BF00BF00BF00BF00BF00BF94
:10FD300000BF00BF00BF00BF816B41F48011816331
:10FD4000416B8900FCD47047D54A00B50346106A60
:10FD500040F430101062FFF7A5FF00BF00BF00BFE6
:10FD600000BF00BF00BF00BF00BF00BF00BFD06B1F
:10FD700040F48020D06300BF00BF00BF00BF00BFC1
:10FD800000BF00BF00BF00BF00BFD06B40F4001039
:10FD9000D06300BF00BF00BF00BF00BF00BF00BFF7
:10FDA00000BF00BF00BF106A40F07F501062906B30
:10FDB00040EA83509063D06B6FEA0301C9B240EA16
:10FDC0008150D06300BF00BF00BF00BF00BF00BFB5
:10FDD00000BF00BF00BF00BFD06B40F40020D06365
:10FDE00000BF00BF00BF00BF00BF00BF00BF00BF1B
:10FDF00000BF00BF00BDAA4A00B50346106A40F428
:10FE000080201062106A40F440101062FFF773FF08
:10FE100000BF00BF00BF00BF00BF00BF00BF00BFEA
:10FE200000BF00BFD06B40F48020D06300BF00BF94
:10FE300000BF00BF00BF00BF00BF00BF00BF00BFCA
:10FE4000D06B40F40010D06300BF00BF00BF00BF04
:10FE500000BF00BF00BF00BF00BF00BF106A40F07E
:10FE60007F501062906B40EA83509063D06B6FEAD2
:10FE70000301C9B240EA8150D06300BF00BF00BF98
:10FE800000BF00BF00BF00BF00BF00BF00BFD06BFE
:10FE900040F48010D06300BF00BF00BF00BF00BFB0
:10FEA00000BF00BF00BF00BF00BF00BD7C4A00B55F
:10FEB0000346106A40F440201062106A40F40010BB
:10FEC0001062FFF7EFFE00BF00BF00BF00BF00BF22
:10FED00000BF00BF00BF00BF00BF906B40F4802098
:10FEE000906300BF00BF00BF00BF00BF00BF00BFE6
:10FEF00000BF00BF00BFD06B40F40010D06300BF54
:10FF000000BF00BF00BF00BF00BF00BF00BF00BFF9
:10FF100000BF106A40F07F501062906B40EA83503F
:10FF20009063D06B6FEA0301C9B240EA8150D0639D
:10FF300000BF00BF00BF00BF00BF00BF00BF00BFC9
:10FF400000BF00BFD06B40F40020D06300BF00BFF3
:10FF500000BF00BF00BF00BF00BF00BF00BF00BFA9
:10FF6000184600BD4E4A00B50346106A40F4802092
:10FF70001062106A40F440101062FFF7BCFE00BF30
:10FF800000BF00BF00BF00BF00BF00BF00BF00BF79
:10FF900000BF906B40F48020906300BF00BF00BFA3
:10FFA00000BF00BF00BF00BF00BF00BF00BFD06BDD
:10FFB00040F40010D06300BF00BF00BF00BF00BF0F
:10FFC00000BF00BF00BF00BF00BF106A40F07F50FD
:10FFD0001062906B40EA83509063D06B6FEA03012C
:10FFE000C9B240EA8150D06300BF00BF00BF00BF6C
:10FFF00000BF00BF00BF00BF00BF00BFD06B40F418
:020000040001F9
:100000008010D06300BF00BF00BF00BF00BF00BFB3
:1000100000BF00BF00BF00BF00BD10B540F0B80476
:100020002046FFF791FE2046BDE81040E3E610B5FC
:100030000446FFF789FE2046BDE81040DBE610B518
:1000400040F0C0042046FFF77FFE2046BDE8104088
:10005000D1E61348016A41F07F510162016A41F41F
:1000600070110162016841F0C04101600021C26964
:1000700042F08042C261491C6429F8DB09494FF013
:10008000000200BF521C8A42FBDB0022836943F05E
:1000900080438361521C322AF8DB4FF0000003E0FA
:1000A00000C009207088020000BF401C8842F6DBB7
:1000B000704730B500242046FFF7AFFF0020FFF760
:1000C000B6FF00250020FFF7F1FE0020FFF74AFFF2
:1000D0006D1CEDB23C2DF5D9641CE4B2032CEAD9B9
:1000E00030BD00B5AF20FFF72FFEAF205DF804EB69
:1000F00081E6F0B584460020FFF7A1FF5FF000061F
:1001000006EB4600C0EB86100CEB400404F13D0505
:100110003046FFF782FF0020FFF789FF0027207895
:10012000FFF7C4FE2878FFF71DFF7F1C641C6D1CC1
:10013000FFB23D2FF3D3761CF6B2032EE0D9F0BD0B
:10014000FF49886048680006FCD58868C0B27047DF
:10015000FC48016841F040410160416821F0030121
:100160004160416841F00C014160416841F030015B
:100170004160F3482021C16001607047F148016887
:1001800021F040410160416821F003014160416874
:1001900021F00C014160416821F030014160E849E3
:1001A00000200860704700B5FFF7D2FFE64A1068EC
:1001B00040F480101060D06940F48010D0610620B7
:1001C000FFF7BEFF106840F480101060906940F4A3
:1001D000801090615DF804EBD0E700B5FFF7B8FF41
:1001E000D94A106840F480101060D06940F4801043
:1001F000D0610520FFF7A4FFFF20FFF7A1FF034612
:10020000106840F480101060906940F48010906194
:10021000FFF7B4FF184600BD2DE90140FFF7DDFFF1
:10022000C007FBD1FFF794FFC74A106840F4801065
:100230001060D06940F48010D061106840F48010E4
:100240001060D06940F48010D0610320FFF778FF80
:100250009DF80100FFF774FF9DF80000FFF770FFA5
:10026000FF20FFF76DFF0346106840F48010106018
:10027000906940F480109061106840F48010106024
:10028000906940F480109061FFF778FF184608BD30
:100290002DE90140FFF7A1FFC007FBD1FFF758FF91
:1002A000A94A106840F480101060D06940F48010B2
:1002B000D0610320FFF744FF9DF80100FFF740FFE6
:1002C0009DF80000FFF73CFFFF20FFF739FF0346D2
:1002D000FF20FFF735FF03EB0023106840F4801088
:1002E0001060906940F480109061106840F48010B4
:1002F0001060906940F480109061FFF73FFF18464E
:1003000008BD31B5FFF769FFC007FBD1FFF720FF3C
:100310008D4A106840F480101060D06940F480105D
:10032000D0610320FFF70CFF9DF80100FFF708FFE5
:100330009DF80000FFF704FFFF20FFF701FF0346D1
:10034000FF20FFF7FDFE0446FF20FFF7F9FE0546FC
:10035000FF20FFF7F5FE05EB002004EB002003EB88
:100360000023106840F480101060906940F4801001
:100370009061106840F480101060906940F4801023
:100380009061FFF7FBFE184638BD13B54FEA010434
:10039000FFF723FFC007FBD1FFF7DAFE6A4A1068B8
:1003A00040F480101060D06940F48010D0610320C8
:1003B000FFF7C6FE9DF80100FFF7C2FE9DF80000A2
:1003C000FFF7BEFEFF20FFF7BBFE2070FF20FFF708
:1003D000B7FE6070FF20FFF7B3FEA070FF20FFF7AD
:1003E000AFFEE070106840F480101060906940F437
:1003F00080109061106840F480101060906940F4A3
:1004000080109061BDE81C40B8E603B5FFF7E5FE3B
:10041000C007FBD1FFF7C7FEFFF79AFE4A4A1068F4
:1004200040F480101060D06940F48010D061022048
:10043000FFF786FE9DF80100FFF782FE9DF80000A1
:10044000FFF77EFE9DF80400FFF77AFE9DF8053069
:100450001846FFF775FE106840F480101060906930
:1004600040F480109061106840F480101060906932
:1004700040F480109061FFF781FE18460CBD03B573
:10048000FFF7ABFEC007FBD1FFF78DFEFFF760FE65
:100490002D4A106840F480101060D06940F480103C
:1004A000D0610220FFF74CFE9DF80100FFF748FEE7
:1004B0009DF80000FFF744FE9DF80400FFF740FEA2
:1004C0009DF80500FFF73CFE9DF80600FFF738FE9B
:1004D0009DF807301846FFF733FE106840F480108F
:1004E0001060906940F480109061106840F48010B2
:1004F0001060906940F480109061FFF73FFE18464D
:100500000CBD13B54FEA0104FFF767FEC007FBD12E
:10051000FFF749FEFFF71CFE0B4A106840F48010FD
:100520001060D06940F48010D0610220FFF708FE0F
:100530009DF80100FFF704FE9DF8000006E00000B2
:100540000000024000C0024000C00920FFF7F8FD93
:100550002078FFF7F5FD6078FFF7F2FDA078FFF750
:10056000EFFDE3781846FFF7EBFD106840F48010CC
:100570001060906940F480109061106840F4801021
:100580001060906940F480109061FFF7F7FD184605
:100590001CBD00002DE9F04FDFF808A44FF09E0CC1
:1005A0009AF80220531CDBB29946FF4D002605F154
:1005B000400B05F1600E0EEB82030BEB8204082961
:1005C00024D84FF4702707EA014145F8221005F1BD
:1005D0002001D04641F822C007780BF822704178FC
:1005E00061708178A170C178E17004790EF82240C1
:1005F0004179597081799970C079D87088F80290E2
:10060000B9F1080F01D38AF802608FE14FF4002797
:10061000102956D8DFF890C345F822709E270CF1B8
:10062000200CB9F1080F4CF8227090F800800BF8FC
:10063000228090F8018084F8018090F8028084F88C
:10064000028090F8038084F8038090F804800EF80C
:10065000228042795A7082799A70C279DA705F4644
:10066000744653468AF8029000D39E7008394FF4BE
:10067000702202EA01429AF802100BEB810345F85E
:1006800021209E224CF82120027A07F82120427A6C
:100690005A70827A9A70C27ADA70027B04F821204A
:1006A0000EEB8102437B5370837B9370C07BD070D1
:1006B000491CC8B251468AF802000828A5D38E709A
:1006C00034E118297ED8DFF8E08245F8227008F17D
:1006D00020084FF09E0C48F822C090F800800BF8DC
:1006E000228090F801C084F801C090F802C084F81C
:1006F00002C090F803C084F803C090F804C00EF85C
:1007000022C042795A7082799A70C279DA7074463E
:1007100053468AF80290B9F1080F00D39E709AF8F8
:100720000220DFF884920BEB820345F8227009F176
:1007300020099E2749F8227090F808C00BF822C0C3
:1007400090F809C083F801C090F80AC083F802C08D
:1007500090F80BC083F803C0037B04F8223004EB4D
:10076000820C437B8CF80130837B8CF80230C37B96
:10077000521CD0468CF80330D2B2434688F802208F
:10078000082A00D39E7010394FF4702202EA014308
:1007900098F80210424645F8213049F82170077C4C
:1007A0000BF821700BEB8103477C5F70877C9F7097
:1007B000C77CDF70037D04F821300EEB8104437D9C
:1007C000637000E007E0837DA370C07DE070491C8A
:1007D000C8B29070A6E020297DD8DFF8CC8145F81A
:1007E000227008F120084FF09E0C48F822C090F8C3
:1007F00000800BF8228090F801C084F801C090F8C6
:1008000002C084F802C090F803C084F803C090F8D6
:1008100004C00EF822C042795A7082799A70C27967
:10082000DA7053468AF80290B9F1080F00D39E702F
:100830009AF802205C4B4FF09E0C203345F8227052
:1008400043F822C0047A0BF822400BEB8203447A6F
:100850005C70847A9C70C47ADC70047B0EF8224051
:100860000EEB8203447B5C70847B9C70C47B521CC7
:10087000D046DC70D2B2D946434688F80220082A16
:1008800000D39E7098F80220474B45F82270203321
:100890000EEB820743F822C0047C09F8224009EBE2
:1008A0008203447C5C70847C9C70C47CDC70047D1E
:1008B0000EF82240447D7C70847DBC70C47D521C47
:1008C000FC70D2B27346444688F80220082A00D34E
:1008D000A670183900E029E04FF4702202EA0142C4
:1008E00098F80210444645F821202F4A203242F859
:1008F00021C0077E09F8217009EB8102477E5770FD
:10090000877E9770C77ED770027F03F821200EEB99
:100910008103427F5A70827F9A70C07FD870491CD1
:10092000C8B2A070082801D388F802609AF80010B5
:100930005046002919D0C1781C4A55F8213013635C
:10094000194B203353F8213053635BF82130936304
:100950005EF82130D36321235360491CC9B2C170B2
:10096000082900D3C6708AF80060BDE8F08F2DE931
:10097000F04F09AC0C4FB4E8004D0A4C80374FF4EF
:100980000026257907F120094FF4C77C47F8256038
:1009900007F1400649F825C006F8250006EB85005A
:1009A000417005E0A8E1072084F3072000400440DF
:1009B0008270C37006F1200000EB850200F82580EC
:1009C00082F801A082F802B082F803E06D1CE9B25F
:1009D00000222171082900D3227161780029C4D036
:1009E0006179FD4B57F821501D6359F821505D6323
:1009F00056F821509D6350F82100D863212058609B
:100A0000491CC8B26071082800D362716270ACE7FB
:100A10002DE9F04FF14889B04FF0000BC079002864
:100A20007ED0EF490878401C0870EE4803782D2BE3
:100A300077D0DFF8C0C30A24EB4ABCF90000EB49C9
:100A400090FBF4F77D1C05EB85056D00DFF8A093A6
:100A5000B2F90020B1F900104FF47A7A0FFA85F854
:100A60003D2B71D066460A25B6F9006096FBF5F578
:100A70006D1E05EB85056D002DB23E2B7ED03F2B04
:100A80007DD0402B7CD0DC48DC4ADD49DD4FB0F91D
:100A90000050B2F90020B1F90010472B71D0482B5B
:100AA00070D006460A25B6F90060492B96FBF5F58D
:100AB00069D04A2B68D0D548D349DFF858E3057888
:100AC000D34800953C220078029028430190B1F968
:100AD0000000DFF84CA38046DEF80000039090FB96
:100AE000F2F00490DAF80050CB4895FBF2F2CB49D3
:100AF000B0F800C04FF00109B1F90010CDE90525AB
:100B0000C84A0CF10100332BB2F9002073D07546AE
:100B10004FF416762D6895FBF6F707970A2701E044
:100B2000A9E012E095FBF7F508955546352B2D68A1
:100B300095FBF6F695FBF7F575D0342B74D0362B74
:100B400073D05A2B72D09BE123E0B74CB74D40785D
:100B50002070297888420FD0012818D00021EA207F
:100B6000FFF753FCB248B0F90000032804DDA749A1
:100B700081F800B0F0F77CFA207806E010E01DE084
:100B800020E026E027E029E02AE0287078E1012132
:100B9000E5E7504501DA401C05E0ACF8008007E0CD
:100BA000504503DA401EACF8000001E0ACF80050FC
:100BB0009048EFF76BFBA9F8004061E15045ECDB92
:100BC0007F1D02E05045F1DB7F1F07EB87004000EF
:100BD000E9E76D1C00E06D1E058006E06D1C00E07D
:100BE0006D1E05EB85035B0003808348EFF74EFB2A
:100BF0003C8045E1FFE7019B1BB1029901291DD013
:100C00003EE1B8F1000F02D0049B5B1C5AE0039B4D
:100C10005B1CCEF800307AE0CEF800007F48012956
:100C200029D0494607E027E041E060E09AE07B48B0
:100C3000002920D059460180EE201AE000990029B1
:100C400019D1B8F1000F02D0059B5B1C48E0691C6C
:100C5000CAF8001077E000BFCAF800007148012A06
:100C600009D0494603E06F48002A04D05946018064
:100C7000F020FFF7CAFB03E1019B1BB10299012998
:100C800009D0FDE0B8F1000F02D0079A521C39E0FC
:100C9000089B5B1C48E0009971BBB8F1000F01D0C4
:100CA000761C4BE06D1C59E0CAF800304BE0019B0C
:100CB0001BB1029901290CD0E2E0B8F1000F05D078
:100CC000049B5B1EC3EB03139B00A2E7039B5B1E0D
:100CD0009FE7009981B9B8F1000F05D0059B5B1E15
:100CE000C3EB03139B00DFE7069B5B1EDCE7019B66
:100CF0001BB1029901291BD0C2E0B8F1000F11D03D
:100D0000079A521E4FF416756A43CEF80020494ADE
:100D10001480DEF8003063453FF77EAF1E2B86DA85
:100D20001D2079E7089B5B1E03EB83035B0070E7E4
:100D3000009979BBB8F1000F0FD0761E4FF41673EF
:100D40005E43CAF800603C490C80DAF80030634525
:100D500082DC1E2B87DA1D207EE76D1E05EB8503E6
:100D60005B00A1E7304C354DDFF8D4802078354E5C
:100D7000354F10BB0098254901281AD03348008808
:100D800002280AD140462A88B0F900001AB1012889
:100D900079D002E06EE0401C75D081F80090C6F872
:100DA00000B0039939602A4981F804B0F0F76DFB6F
:100DB00003E081F800B0F0F75BF9207801285FD1FB
:100DC00012480178022957D0298821B1B8F80010BB
:100DD000012958D042E03DE000800440A8E107200E
:100DE000C0030010A8F407204601001048010010BD
:100DF000D6C007202C010010320100102001001085
:100E000022010010BA03001044010010230000105A
:100E10004B000010D0010010400100103C010010F8
:100E2000D40100103E0100105703001077C00720C6
:100E300074010010D8C00720BC030010E0000010AF
:100E400012010010D8010010DC010010DE000010BB
:100E5000E8010010B8F90010491C14D002210170FB
:100E6000C6F800B0DAF800103960FF4981F804B024
:100E7000F0F70FFB04E006E080F800B0F0F7F8F8B8
:100E8000FA4981F807B009B06FE52DE9F05FF8493C
:100E90000025A1F150044878F44F401C4870F248F6
:100EA000217890F90220914212D1617891290FD1D5
:100EB000A178DD294DD1E178DD294AD14078062895
:100EC00047D10A230022D921D720EFF759F9BD8253
:100ED0006078E84E4FF003084FF002094FF0050A22
:100EE0004FF00A0BDA282DD1E1490A31087B401C6A
:100EF0000873217801F01F004A092BD0B9EB511F6C
:100F000005D100EB400206EB421282F800A000EB94
:100F1000400106EB4111A2788A71E278CA71227908
:100F20000A7262794A72A2798A72E279CA72CD70C3
:100F300081F834B04978090703D500220321F1F77D
:100F400037FDBD826078DB280BD0DD2832D0D52874
:100F500064D056E000EB400206EB421282F80080BB
:100F6000D5E7217801F01F004A091CD0B9EB511FC9
:100F700005D100EB400206EB421282F800A000EB24
:100F8000400006EB4010A1780173E17841732179AC
:100F900081736179C173A1790174E1794174C5707C
:100FA00080F834B02CE000EB400206EB421282F8ED
:100FB0000080E4E7217801F01F004A0927D0B9EB4F
:100FC000511F05D100EB400206EB421282F800A04F
:100FD000E178A27800EB400006EB401001EB022123
:100FE00020F85A1F6179227901EB02214180E179D1
:100FF000A27901EB0221818000F8575C00F826BC41
:10100000BD82207800F01F02082A35D043E000EBB3
:10101000400206EB421282F80080D9E7217801F005
:101020001F004A0921D0B9EB511F05D100EB400246
:1010300006EB421282F800A0E178A27800EB4000B3
:1010400006EB401001EB022120F8541F6179227950
:1010500001EB02214180E179A27901EB022181803B
:1010600000F8515C00F820BCCAE700EB400206EB38
:10107000421282F80080DFE76078DE280BD17E48DC
:1010800061880180A1884180E18881807B4801805E
:101090007B480570BD82092A0DD16078DE280AD10F
:1010A0007849A07808807849E07808700A2801D249
:1010B00076480570BD82764B764E0A2A07D1607855
:1010C000DE2804D16088188060683060BD82724874
:1010D000142A13D16178DE2910D1A1780170E1784A
:1010E0004170217981706179C170A1790171E179D3
:1010F00041716188198061683160BD826749152A34
:1011000011D16378DE2B0ED1A3788371E378C3719C
:101110002379037263794372A3798372E379C3728B
:10112000C3888B81BD82162A15D16378DE2B12D13C
:10113000A3780373E3784373237983736379C37369
:10114000A3790374E379437483890B80C3894B804B
:10115000038A8B80BD82172A15D16278DE2A12D1CC
:10116000A2788274E278C27422790275627942753B
:10117000A2798275E279C275428ACA80828A0A811E
:10118000C08A4881BD823D72BDE8F09F70B5384885
:10119000434C74380188491C0180216A414A11423C
:1011A00035D14188491C4180206A226AC0F3090078
:1011B00000EB40012E48683800EB81013A4B1A40A1
:1011C0003A4B1A43636AC3F30A031343A26A4A60A1
:1011D000E26A8A6043F040720A604168CAB22349F9
:1011E000302A09D08A79521C8A7102C8204BC1F377
:1011F00003420021503B06E00022F5E710F8015BB6
:101200005D54491CC9B29142F8D3FFF73EFE042059
:10121000606070BD10B5264C206A2249084263D137
:10122000206A1349C0F3090000EB4000683901EB64
:101230008000216A1C4A11401C4A1143626AC2F3B1
:101240000A020A43A16A4160E16A816042F040718A
:101250000160A06A0549C0B2302848D08879401C96
:101260008871A26A024825E0E8010010A8E1072081
:10127000F8F4072044E30720F2010010D2C0072051
:1012800049000010B0030010D0C007205603001022
:101290001A010010CC010010FE6E00106EF3072042
:1012A00000400440000400C000000FC00020000106
:1012B0000080044050380270A26A120A4270A26A8A
:1012C000120C8270A26A120EC270E26A0271E26AA5
:1012D000120A4271E26A120C8271E26A120EC27143
:1012E0000120C871FFF794FB0420606010BD00204E
:1012F000B6E7954A507A401C507294484189491C7F
:1013000041819378D078924983421CD0914B53F815
:1013100020300B638F4B203353F820304B638D4BC1
:10132000403353F820308B638A4B603353F82030BE
:10133000CB6321234B60401CC0B2D070082804D37B
:101340000020D07001E001201070C86870477E4A0C
:101350008149D08A401CD0821379507983421DD0B4
:101360007A4B803B53F820300B63784B603B53F84B
:1013700020304B63754B403B53F820308B63734BED
:10138000203B53F82030CB6321234B60401CC0B27C
:101390005071082804D30020507101E001205070E2
:1013A000C86870476D4910B50A6842F400520A6077
:1013B0006B490A6822F00F020A600A6842F00502CF
:1013C0000A60614A4FF000015182664B4FF0010202
:1013D0001A605F4C22602161A160606121604FF062
:1013E0006E00A0614FF0190000F0A2F80720206104
:1013F000012010BDF0B55B4C01222260524B5D8A8A
:10140000524A0C3215B943F2FF751560B3F9125008
:10141000022D01DB0020F0BDC1F30A0141EA403595
:10142000002007E000EB400152F8211089B2A942E8
:1014300004D8401CB3F912108842F3D300EB4006E5
:1014400052F8261042F826505D8A6D1C5D8207E036
:10145000401C00EB400652F8265042F82610294660
:10146000B3F91250A842F3D3002060603E4D01460C
:101470000DE000BF01EB410752F8376002EBC707F0
:10148000FF68001DBFB207EB064640C5491CB3F913
:101490001260761C06EBD676B1EB660FEAD3A0603D
:1014A000E06020616061002020600120F0BD2848DC
:1014B00010B5C068244CE061E069C00705D0FFF7B3
:1014C00065FE207B00F101002073E069800705D5EF
:1014D000FFF70FFF607B00F101006073E0694007D8
:1014E00001D5012020741C48C068E061E07A401CEE
:1014F000E072E069C00708D0FFF78CFEA07B00F126
:101500000100A0734FF00000A072E069800704D5CD
:10151000FFF71DFFE07B401CE07310BD0A48018B04
:10152000491C09B20183052901DB002101837047B1
:1015300000F01F020121914040094FF0E02202EB30
:101540008000C0F800117047A8E1072084F407204C
:101550000040044084F3072000800440C4C00F40D2
:1015600000C0024000C003400080034030B5037853
:101570000122FE4C06E000BF10F8015FE35C6B4007
:10158000521CD2B28A42F7D3184630BD30B5037828
:101590000122F74C06E000BF10F8015FE35C6B40EE
:1015A000521CD2B28A42F7D3184630BD30B5F14949
:1015B0004FF48064CA89A242FDD032B9EE4B1D7D42
:1015C00015F0600F01D0187030BDEC4D4B89E85418
:1015D0005B1C98B24881A04201D100204881521C76
:1015E000CA8130BD70B58DB0002213466C4604E050
:1015F000C55CE5546A405B1CDBB28B42F8D36018D3
:1016000061544A4042700A2200258270CE1C04E0D8
:10161000605DFFF7CBFF6D1CEDB2B542F8D30DB0A6
:1016200070BD2DE9F047D84AD54ED64F12684FF01D
:101630000309930854084FF0830C4FF00708D508AE
:1016400020B1012828D00020BDE8F087306820F0C4
:10165000F0003060306840F050003060D7F8A801EA
:10166000C0F38110012808D0022803D0032803D03A
:101670001A4602E0224600E02A46BF4E86F80CC019
:101680001009B0FBF1F0010A3171307086F80C904E
:1016900086F80880052024E0306920F00F003061D2
:1016A000306940F00A003061D7F8A801C0F301208A
:1016B000012808D0022803D0032803D01A4602E0EC
:1016C000224600E02A46B14E86F80CC01009B0FB55
:1016D000F1F0010A3171307086F80C9086F80880BC
:1016E000062000F004FAC6F804800120ACE72DE9DA
:1016F000F043DFF88482D8F80800A54EC0F3420515
:101700009C4801274FF4806981880A46491C8BB2A6
:101710000189491C8CB20021032D1CD0022D33D02D
:10172000062D47D0012D14D198F8142092063FD5EC
:101730000770C289002A0CD0521EC2818F4B828949
:101740009B5C88F80030521C92B282814A4500D1DD
:101750008181BDE8F08398F8145015F09E0F03D0F6
:10176000056198F80000F4E7ED07F2D098F8005012
:10177000B554477083804B4500D1818004814C452E
:10178000E7D101818770E4E798F80050B5544770BD
:1017900083804B4500D1818004814C4501D101817A
:1017A00087707D4A7B4B10781D54401C10707B481D
:1017B0000170CEE7016941F480710161C9E7F0B5BC
:1017C000734C7226643C6527207889B0722867D1F3
:1017D000607865287ED1A07861287BD1E078642884
:1017E00078D106212046FFF7C1FEA179884257D162
:1017F00006212046FFF7CAFEE179884250D12079C0
:10180000617900EB012080B2ADF814000546FEF7C7
:1018100078FD0790281DFEF774FD06908DF8006096
:101820008DF8017061208DF8020064208DF80300AE
:101830009DF814008DF804009DF815008DF8050042
:101840009DF81C008DF806009DF81D008DF807001E
:101850009DF81E008DF808009DF81F008DF8090006
:101860009DF818008DF80A009DF819008DF80B00FE
:101870009DF81A008DF80C009DF81B008DF80D00E6
:101880000E216846FFF772FE8DF80E000E216846A5
:10189000FFF77CFE8DF80F0010216846FFF7A2FECF
:1018A000207877287CD16078722813D1A0786928B5
:1018B00010D1E07874280DD1207965280AD13448F8
:1018C0000F216438FFF752FEE17B884271D10F216E
:1018D0002F4800E08EE06438FFF758FE217C8842F4
:1018E00067D16079A17900EB012085B2ADF818507D
:1018F000E0798DF81C00207A8DF81D00607A8DF853
:101900001E00A07A8DF81F00E07A8DF82000207B61
:101910008DF82100607B8DF82200A07B8DF82300DC
:1019200028460799FEF7ABFD281D0899FEF7A7FD8D
:1019300077208DF800008DF8016069208DF8020095
:1019400074208DF803008DF804709DF818008DF850
:1019500005009DF819008DF8060007216846FFF77D
:1019600005FE8DF80700072168461AE018A101005E
:1019700018A201007C23001000C000407AF9072063
:1019800000C0024000C00F4090E10720000001406D
:101990007AF507208EFD072092230010CAE1072068
:1019A00007E0FFF7F3FD8DF8080009216846FFF70F
:1019B00019FE2078672801D047281BD16078652858
:1019C00001D0452816D1A078742801D0542811D10F
:1019D0004D4801788DF8001040788DF801004B4893
:1019E00001788DF8021040788DF8030004216846D4
:1019F000FFF7F8FD09B0F0BD084400B2B0F5806F04
:101A000002DBA0F5806000B2002802DA00F58060F9
:101A100000B2704770B53E4B06460022985D0A281A
:101A20001BD1911E3046FFF7E7FF1D5C002408E044
:101A3000511B891E3046FFF7DFFF185C4440521CE3
:101A4000D2B2AA42F4D94FF0FF313046FFF7D4FFAB
:101A5000185CA04201D1012070BD002070BD2DE9AD
:101A6000F0412C4C0025A07828B1A580E580258187
:101A7000A570BDE8F08120890028FAD0A0884FF039
:101A8000FF32114600B2FFF7B7FF214F385C0A283A
:101A9000EFD1A0886FF0020100B2FFF7ADFF3E5C0E
:101AA000642EE6D2A088114600B2FFF7A5FFFFF72B
:101AB000B1FF0028DDD0F01C4142A08800B2FFF742
:101AC0009BFFE0800022A7F1640308E0E088114654
:101AD00000B2FFF791FF385C9854521CD2B2B24268
:101AE000F4D3A088E0802581BDE8F04167E600F0EE
:101AF0001F020121914040094FF0E02202EB8000DB
:101B0000C0F8001170470000F8000010FA00001043
:101B10007AF507207C23001070B504464FF6FF705D
:101B200000224AF201050DE0A35C58400823C607D5
:101B30004FEA500000D068405B1E1BB2002BF6D16C
:101B4000521C12B28A42EFDB70BD2DE9F04F99B002
:101B500082468B46FF484FF461294FF46168B0F923
:101B60000010C81701EB1064FB4825120570417086
:101B7000FA49B1F90010CC1701EB146425128570F5
:101B8000C170F749B1F90010CC1701EB14642512AC
:101B900005714171F349B1F90010CC1701EB1464E0
:101BA00025128571C171F0493C240D6895FBF4FC48
:101BB00004FB1C51CE1701EB16673E1206724172F0
:101BC0009CFBF4F104FB11C1CE1701EB16673E122A
:101BD0008672C17295FBF9F1017395FBF8F14173BF
:101BE000E2490D6895FBF4FC04FB1C51CE1701EB98
:101BF00016673E128673C1739CFBF4F104FB11C19E
:101C0000CC1701EB146426120674417495FBF9F1AC
:101C1000817495FBF8F1C1740021D54C01754175B3
:101C200025780124022D00D144758175C175012DDF
:101C300000D1C475CF4D017641762D7805B9447633
:101C40008176C176CC49098801B1C476CB4909882F
:101C50000C0A00F81C4F4170C94909880C0A8470AD
:101C6000C170C849B1F90010CC1701EB14642512FA
:101C700005714171C449B1F90010CC1701EB14642E
:101C800025128571C171C149B1F90010CC1701EB62
:101C90001464251205724172BD49B1F90010CC17C8
:101CA00001EB146425128572C172BA49B1F90010B2
:101CB000CC1701EB1464251205734173B649B1F9D1
:101CC0000010CC1701EB146425128573C173B3495E
:101CD000B1F90010CC1701EB14642512057441749E
:101CE000AF49B1F90010CC1701EB146425128574CB
:101CF000C174AC49B1F90010CC1701EB1464251282
:101D000005754175A849B1F90010CC1701EB1464B1
:101D100025128575C175A549B1F90010CC1701EBE5
:101D20001464251205764176A149B1F90010CC174B
:101D300001EB146425128577C1778DF800A08DF82A
:101D400001B0100A8DF80200180A8DF804008DF811
:101D500003208DF8053006216846FFF7DDFE8DF87B
:101D60000600000A8DF8070000246D46285DFFF785
:101D70001DFC641CE4B2082CF8D30024285D02F09A
:101D80008EF9641CE4B2082CF8D319B0BDE8F08FCA
:101D90002DE9F04F834687488E469246B0F90010F1
:101DA000B3B0C81701EB10626B481C461312DDF884
:101DB000F0C00370417080494FF461294FF46168AD
:101DC000B1F90010CA1701EB126213128370C170CF
:101DD0007A493C220B6893FBF2F502FB1531CE17D2
:101DE00001EB16673E120671417195FBF2F102FBA1
:101DF0001151CD1701EB15652E128671C17193FB40
:101E0000F9F1017293FBF8F141726D490B6893FB94
:101E1000F2F702FB1731CD1701EB15652E12867212
:101E2000C17297FBF2F102FB1171CA1701EB12624A
:101E300015120573417393FBF9F1817393FBF8F16C
:101E4000C1736049B1F90010CA1701EB1262131295
:101E5000037441745C49B1F90010CA1701EB1262B6
:101E600013128374C1745949B1F90010CA1701EBF8
:101E700012621312037541755549B1F90010CA1762
:101E800001EB126213128375C1750022514902766B
:101E900042760B78012103B141764F4B8276C276B0
:101EA0001B7803B1C1764D498B691D1200F82A5F7A
:101EB00043700B6A1D128570C3704B6A1D12057149
:101EC000437182714B78C3718B6F1D12057243721F
:101ED000D1F880301D128572C372D1F884301D1282
:101EE00005734373827391F86130C37351F8D83F1F
:101EF0001D12057443748B681D128574C374CB68FE
:101F000001F150011D1205754375827511F8673C8A
:101F1000C3750B694FEA2325057643768B694FEA33
:101F200023258576C376CB694FEA2325057743774A
:101F3000827711F8073CC3770B6F4FEA232580F8AF
:101F4000205080F821308B6F4FEA232580F82250F3
:101F500046E000002C010010CAFD072032010010ED
:101F6000380100103A010010D0010010D401001017
:101F70002300001025000010780100107A010010E5
:101F80007C0100107E010010800100108201001011
:101F900084010010860100108A0100108C010010DD
:101FA0008E010010900100109201001094010010A9
:101FB00076010010F8000010FA000010D80100109F
:101FC000DC01001096010010ECC00720CE030010C9
:101FD000EEC007201AC007201BC0072044E30720DB
:101FE00080F82330CB6F4FEA232580F8245080F807
:101FF000253080F8262091F8593080F8273051F8A4
:10200000D03F4FEA232580F8285080F829308B688C
:102010004FEA232580F82A5080F82B30CB6801F155
:102020002C014FEA232580F82C5080F82D3080F8C1
:102030002E2011F8433C80F82F304B6B4FEA2325BC
:1020400080F8305080F83130CB6B4FEA232580F890
:10205000325080F833300B6C4FEA232580F834502F
:1020600080F8353080F836204B7F80F8373051F8D3
:10207000943F4FEA232580F8385080F839308B6838
:102080004FEA232580F83A5080F83B30CB68A1F125
:1020900094014FEA232580F83C5080F83D3080F8C9
:1020A0003E2091F87D3080F83F3051F8F43F4FEA00
:1020B000232580F8405080F841308B684FEA232573
:1020C00080F8425080F84330CB68A1F110014FEA0C
:1020D000232580F8445080F8453080F8462011F8D8
:1020E000073C80F847300B6F4FEA232580F84850B3
:1020F00080F849308B6F4FEA232580F84A5000F86A
:102100004B3FCB6F01F1C0014FEA2325457083702F
:1021100000F8032F11F8673C43700B694FEA232541
:102120008570C3708B694FEA232505714371CB69B4
:102130004FEA23258571C371027211F8073C43727F
:102140000B6F4FEA23258572C3728B6F4FEA2325ED
:1021500005734373CB6F4FEA23258573C3730274F2
:1021600091F85930437451F8D03F4FEA23258574D4
:10217000C3748B684FEA232505754375CB6801F15D
:102180002C014FEA23258575C375027611F8433C6F
:1021900043764B6B4FEA23258576C376CB6B4FEAAC
:1021A0002325057743770B6C4FEA23258577C37783
:1021B00080F820204B7F80F8213051F8943F4FEA7F
:1021C000232580F8225080F823308B684FEA23259E
:1021D00080F8245080F82530CB68A1F194014FEAB3
:1021E000232580F8265080F8273080F8282091F8A1
:1021F0007D3080F8293051F8F43F4FEA232580F8EC
:102200002A5080F82B308B684FEA232580F82C5019
:1022100080F82D30CB6801F150014FEA232580F87A
:102220002E5080F82F3080F8302011F8673C80F86D
:1022300031300B694FEA232580F8325080F8333073
:102240008B694FEA232580F8345080F83530CB690C
:102250004FEA232580F8365080F8373080F8382050
:1022600011F8073C80F839300B6F4FEA232580F8CE
:102270003A5080F83B308B6F4FEA232580F83C5072
:1022800080F83D30CB6F4FEA232580F83E5080F830
:102290003F3080F8402091F8593080F8413051F8B3
:1022A000D03F4FEA232580F8425080F843308B68B6
:1022B0004FEA232580F8445080F84530CB68A1F1DF
:1022C00010014FEA232580F8465080F8473080F807
:1022D000482011F8073C80F849300B6F16464FEA4A
:1022E000232580F84A5080F84B308B6F4FEA232526
:1022F00080F84C5080F84D30CB6F01F1C0014FEAAF
:10230000232580F84E5000F84F3F427011F8673C8B
:1023100083700B694FEA2325C57003718B694FEAFF
:10232000232545718371CB694FEA2325C57103725B
:10233000427211F8073C83720B6F4FEA2325C57276
:1023400003738B6F4FEA232545738373CB6F4FEA7B
:102350002325C5730374427491F85930837451F87E
:10236000D03F4FEA2325C57403758B684FEA2325B8
:1023700045758375CB6801F12C014FEA2325C5759E
:102380000376427611F8433C83764B6B4FEA232564
:10239000C5760377CB6B4FEA2325457783770B6CA4
:1023A0004FEA2325C57780F8203080F821204B7F25
:1023B00080F8223051F8943F4FEA232580F82350CB
:1023C00080F824308B684FEA232580F8255080F868
:1023D0002630CB68A1F194014FEA232580F82750DD
:1023E00080F8283080F8292091F87D3080F82A3054
:1023F00051F8F43F4FEA232580F82B5080F82C3019
:102400008B684FEA232580F82D5080F82E30CB685A
:1024100001F150014FEA232580F82F5080F8303029
:1024200080F8312011F8673C80F832300B694FEAB0
:10243000232580F8335080F834308B694FEA232508
:1024400080F8355080F83630CB694FEA232580F884
:10245000375080F8383080F8392011F8073C80F880
:102460003A300B6F4FEA232580F83B5080F83C3020
:102470008B6F4FEA232580F83D5080F83E30CB6FBC
:102480004FEA232580F83F5080F8403080F8412003
:1024900091F8593080F84230D1F8D0304FEA2325F6
:1024A00080F8435080F84430D1F8D8304FEA2325E3
:1024B00080F8455080F84630D1F8DC30BCF1000F90
:1024C0004FEA232580F8475080F8483080F84920AB
:1024D00091F8B92080F84A20D1F830214FEA222320
:1024E00080F84B3000F84C2FD1F83821A1F6C811F4
:1024F0004FEA222343708270D1F8042B4FEA222343
:1025000000F8033F4270867091F8E11AC170FE49ED
:1025100001EB4A0107D0BCF1010F02D1FB48891E33
:10252000016033B032E48DF800B08DF801E0620054
:102530006D468DF80220891EE81CEDF7C6FE0320CB
:1025400000EB440001B26846FFF7E6FA05EB4401F0
:102550000026C870000A0871052000EB440704E05B
:10256000A85DFFF723F8761CF6B2B742F8D800242E
:1025700004E0285D01F093FD641CE4B2A742F8D8A2
:10258000CFE72DE9FF4FB3B0824693461D4620208A
:10259000DDF80091FDF77CFEC117DB4C00EB11600C
:1025A000001220702020FDF773FE60702220FDF7DE
:1025B0006FFEC11700EB11600012A0702220FDF722
:1025C00067FEE070D2484FF461284FF4616CB0F9B7
:1025D0000000C11700EB11610A1222716071CD4831
:1025E000B0F90000C11700EB11610A12A271E0718D
:1025F000C9483C21026892FBF1F701FB1720C31781
:1026000000EB13631E122672607297FBF1F001FB60
:102610001070C31700EB13631E12A672E07292FBD8
:10262000F8F0207392FBFCF06073BC48026892FBE8
:10263000F1F701FB1720C31700EB13631E12A673FB
:10264000E07397FBF1F001FB1070C11700EB116113
:102650000B122374607492FBF8F0A07492FBFCF0F0
:10266000E0744FF0000CAE4884F814C084F815C034
:102670000178AC4A0120022902D1137803B96075B0
:1026800084F816C084F817C0012902D1137803B961
:10269000E075A54B84F818C084F819C01B7803B9FD
:1026A0006076A24B84F81AC084F81BC01B8803B163
:1026B000E0769F4B1B881E0A04F81C6F63709D4BCD
:1026C0001B881E0AA670E3709B4BB3F90030DE171F
:1026D00003EB16673E1226716371984BB3F9003015
:1026E000DE1703EB16673E12A671E371944BB3F944
:1026F0000030DE1703EB16673E1226726372914BB1
:10270000B3F90030DE1703EB16673E12A672E372D0
:102710008D4BB3F90030DE1703EB16673E122673BC
:1027200063738A4BB3F90030DE1703EB16673E1272
:10273000A673E373864BB3F90030DE1703EB16671D
:102740003E1226746374834BB3F90030DE1703EB3B
:1027500016673E12A674E3747F4BB3F90030DE17A0
:1027600003EB16673E12267563757C4BB3F9003098
:10277000DE1703EB16673E12A675E375784BB3F9C7
:102780000030DE1703EB16673E1226766376754B34
:1027900004F81CCF1B786370734BB3F90030DE175D
:1027A00003EB16673E12A670E370704BB3F900306E
:1027B000DE1703EB16673E12267163716C4BB3F99B
:1027C0000030DE1703EB16673E12A671E371694B0A
:1027D0004FF42066B3F9003093FBF6F626720A2612
:1027E00093FBF6F36372644BB3F90030DE1703EB2F
:1027F00016673E12267604F8193F604BB3F9003095
:10280000DE1703EB16673E126670A37084F803C0F0
:1028100084F804C0A4F15104022903D113780BB148
:1028200084F8550084F856C084F857C0012903D1B4
:10283000117809B184F85700334A02EB4B0164392F
:10284000B9F1000F07D0B9F1010F01D12F48016094
:1028500037B0BDE8F08F8DF800A034988DF80100F6
:102860006A006C468DF80220E01CEDF72EFD032077
:1028700000EB450001B26846FFF74EF904EB450155
:102880000026C870000A0871052000EB450704E027
:10289000A05DFEF78BFE761CF6B2B742F8D8002595
:1028A00004E0605D01F0FBFB6D1CEDB2AF42F8D8B7
:1028B000CEE770B50646324890B0B0F900008DF80A
:1028C0002400C11700EB116108128DF825002D4876
:1028D000B0F900008DF82600C11700EB1161081255
:1028E0008DF82700284800788DF8280000208DF802
:1028F00029002648B0F900008DF82A00C11700EB26
:102900001161081244E00000CAFD0720B023001046
:10291000380100103A010010D0010010D40100105D
:102920002300001050000010250000107801001056
:102930007A0100107C0100107E010010800100105F
:102940008201001084010010860100108A0100102D
:102950008C0100108E0100109001001092010010F7
:10296000940100102600001076010010EA03001008
:102970000AC10720EC030010DAC00720BE030010D4
:1029800064010010680100104E0000106601001084
:102990008DF82B00FF4872006C46B0F900008DF8EE
:1029A0002C00C11700EB116108128DF82D00FA48B8
:1029B00000888DF82E00000A8DF82F00F748B0F936
:1029C00000008DF83000C11700EB116108128DF87E
:1029D0003100C9208DF8000004208DF801008DF829
:1029E000022009A9E01CEDF770FC032000EB460073
:1029F00001B26846FFF790F804EB46010025C87065
:102A0000000A0871052000EB460604E0605DFEF751
:102A1000CDFD6D1CEDB2AE42F8D8002504E0605D3E
:102A200001F03DFB6D1CEDB2AE42F8D810B070BDA8
:102A30002DE9F04FDA4CDB498BB0A27801F11E0092
:102A40001646EDF742FCE6700025D648A570657085
:102A5000B11E1E30FFF760F800B28146DFF84483F4
:102A6000E07808F11E084044CF4F30F9020CCF4CFB
:102A700082463D8098F800004FF0050B72287DD10A
:102A80000121398098F801103846652977D1022153
:102A9000018098F802106129F8D10321018098F88B
:102AA00003106429F2D1A7F800B098F8040098F850
:102AB000051000EB012080B2ADF814000646FDF7CA
:102AC00020FC0990301DFDF71CFC089072208DF849
:102AD000000065208DF8010061208DF8020064205F
:102AE0008DF803009DF814008DF804009DF8150082
:102AF0008DF805009DF824008DF806009DF825004E
:102B00008DF807009DF826008DF808009DF8270035
:102B10008DF809009DF820008DF80A009DF821002D
:102B20008DF80B009DF822008DF80C009DF8230015
:102B30008DF80D000E216846FEF718FD8DF80E0089
:102B40000E216846FEF722FD8DF80F008DF811501A
:102B500025706E462078305C01F0A1FA20789DF84F
:102B60001110325C401C5140C0B28DF81110207021
:102B70001028EFD3102001F092FA01E009E08AE07A
:102B80009DF8110080F0100001F089FA0A2001F090
:102B900086FA98F8000077287DD10120388098F8CF
:102BA00001003E46722876D10220308098F802005B
:102BB000692870D10320308098F8030074286AD106
:102BC0000420308098F80400652864D17548A6F880
:102BD00000B00F211E30FEF7C9FC98F80F10884294
:102BE00059D1062030806F480F211E30FEF7CEFCF1
:102BF00098F81010884277D10720308098F80500A7
:102C000098F8061000EB012086B2ADF8206098F825
:102C100007008DF8240098F808008DF8250098F832
:102C200009008DF8260098F80A008DF8270098F81A
:102C30000B008DF8280098F80C008DF8290098F802
:102C40000D008DF82A0098F80E008DF82B00304604
:102C50000999FDF714FC301D0A99FDF710FC772047
:102C60008DF8000072208DF8010069208DF80200B7
:102C700074208DF8030065208DF804009DF8200075
:102C80008DF805009DF821008DF8060007216846A3
:102C9000FEF76CFC00E027E08DF80700072168468E
:102CA000FEF774FC8DF808008DF80A5025706E460A
:102CB0002078305C01F0F3F920789DF80A10325C3E
:102CC000401C5140C0B28DF80A1020700928EFD383
:102CD000092001F0E4F99DF80A0080F0090001F0F4
:102CE000DEF90A2001F0DBF998F80100039098F86A
:102CF000030098F80210D14500EB012087B298F844
:102D0000050098F8041000EB012084B22448C4F3B5
:102D1000062204F00F014271017182814181027823
:102D200002817BD1212A00D101701E49204E1E3123
:102D300081460978C1804FF03C0AC82904D1039824
:102D4000042802D0062804D09FE20720FFF7B1FD37
:102D50009BE20720FFF7ADFDDFF85880DFF858B0A1
:102D6000E00B88F800009BF8001088420DD0012885
:102D700055D00021EA20FDF748FB1048B0F90000CB
:102D8000032802DD3570EEF773F9C64698F800C0E7
:102D900016E0000060010010620100106A010010DE
:102DA000902300108EFD072006C1072050C0072089
:102DB000230000105703001077C007207401001093
:102DC0008BF800C099F805304846DFF80C844FF4C2
:102DD0007A714FF00A093D2B23D03E2B39D03F2B7F
:102DE00048D0402B54D0DFF8F483472B62D0482BD7
:102DF00069D0492B74D04A2B6FD0F949F94ADFF8D2
:102E0000E8B3DFF8E883332B68D0352B67D0342B59
:102E100072D0362B71D0012B70D036E248E20121FE
:102E2000A8E783460279007882428DD0F048B0F955
:102E300000208A4201DA521C16E092FBF9F1491C8B
:102E400033E0EC48B0F90020EB48B0F90010E84856
:102E50006BE08346027900788242DED0E448B0F924
:102E600000208A4202DA521E0280EAE792FBF9F160
:102E7000491E1AE08346027900788242CDD0DC48B0
:102E8000B0F900208A42D8DB92FBF9F1491D0CE031
:102E90008346027900788242BFD0D548B0F900203D
:102EA0008A42E3DB92FBF9F1491F01EB8101490002
:102EB0000180C6E78346017900788142ADD0CF48D2
:102EC0000188491C29E08346017900788142A4D019
:102ED000CA480188491E20E002E010E02EE07CE0B4
:102EE000834601790078814297D0C448B0F9002028
:102EF00092FBF9F1491C0DE0B1E0F1E03FE18346BE
:102F000001790078814288D0BC48B0F9002092FB5A
:102F1000F9F1491E01EB810149000180B848B0F97F
:102F20000020B848B0F90010B448EDF7AFF9A8F8A0
:102F300000909BF804108BF80010A6E1037990F83C
:102F400000C06345F9D0037098F80000337850EA68
:102F5000030C02D001281ED097E1088840B1AA498D
:102F60000B6893FBFAF0401CC0EB001080004FE0B0
:102F7000A5480168491C8FE00160A4480188012927
:102F8000DBD0012104E0A14801880029D5D02946E1
:102F90000180EE201EE0002BCFD1088800289C483D
:102FA00007D0026892FBFAF1491CC1EB01118900BC
:102FB00001E00168491C016047E096480188012949
:102FC000BBD0012104E0934801880029B5D02946EF
:102FD0000180F020FDF719FA57E1037990F800C05D
:102FE000634508D0037098F80000337850EA030C6A
:102FF00002D0012812D048E1088883490B6848B103
:103000004FF4167093FBF0F0401C4FF416735843C6
:1030100008608AE093FBF9F35B1C82E0002B2CD163
:1030200008887B490A6848B14FF4167092FBF0F0AB
:10303000401C4FF416725043086006E092FBF9F210
:10304000521C02EB820252000A6071487249ABF8CE
:103050000090026809888A4271DD491C3EE00379CC
:1030600090F800C0634508D0037098F800003378EA
:1030700050EA030C02D0012810D006E1088800288D
:10308000614807D0036893FBFAF1491EC1EB0111B7
:10309000890001E00168491E016046E073BB0888B1
:1030A00048B15B490A6892FBFAF0401EC0EB001081
:1030B0008000086003E056480168491E01605448DA
:1030C000554AABF8009001681288914202DD521C0B
:1030D000026072E71E29BFF676AF1D2101606CE722
:1030E000037990F800C0634508D0037098F8000099
:1030F000337850EA030C02D0012826D0C5E00888B6
:1031000050B141484FF41671036893FBF1F1491E29
:103110004FF416735943BFE73B490B6893FBF9F330
:103120005B1E03EB83035B000B6037483A49A2F850
:103130000090026809888A4202DD491C1CE71BE0F6
:103140001E2ABFF620AF1D2116E79BBB088800286A
:103150002F48026808D04FF4167192FBF1F1491E16
:103160004FF41672514326E792FBF9F2521E02EB1E
:1031700082025200026068E71E2AAEDB23E7017973
:103180000278914216D0DFF894800170F146BCF1CC
:10319000000F52D1307801284CD0214800880228F5
:1031A0000DD12048008800281F4804D0008801283D
:1031B0007ED004E065E0B0F90000401CF8D00120AA
:1031C00030701A480560104801681948016088F895
:1031D0000450EEF75AF930E0D6C00720BA030010C9
:1031E00044010010D8C00720BC0300104B000010A1
:1031F0002C0100104601001048010010320100109F
:103200002001001022010010D00100103C0100102C
:10321000D40100103E01001040010010E801001030
:10322000DE000010E000001012010010D8010010B4
:10323000DC0100103570EDF71BFF99F80000012844
:1032400023D1307802281DD0FA48008802280CD1FA
:10325000F94800880028F94803D000880128A7D041
:1032600003E0B0F90000401CA2D002203070F44806
:103270000560F4480168F448016088F80450EEF7EE
:1032800008F902E03570EDF7F3FEF0480178F048F8
:10329000B0F9000081426DD1039903295FD0042960
:1032A0006BD0062966D1322F6ED0332F78D000E054
:1032B00060E0342F7BD0352F6DD04FF46160362F16
:1032C0006AD0372F69D0382F68D0392F67D03A2F7E
:1032D00072D03B2F71D0DF483C2F6FD03D2F6ED086
:1032E0003E2F6DD03F2F6CD0402F6BD0412F6AD036
:1032F000422F69D0432F68D0442F67D0452F7ED00E
:10330000462F7DD0DFF850B342F20F72472F78D0AE
:10331000DFF84883482F75D0DFF844A3492F72D0D7
:10332000D0494A2F70D0D04B4B2F6ED0DFF83C9352
:103330004C2F6BD04D2F6AD0502F69D0512F68D0B1
:10334000522F67D0CA4942F210785A2F7AD0C94A10
:103350005B2F78D05C2F77D05D2F76D012E3A7F16A
:103360003201322906D223463A460095C0B203996B
:10337000FFF707F90BB0BDE8F08F23463A46C0B21D
:103380000095FEF705FDF5E7BB4821B2018020203E
:103390000AE005E00BE01AE01EE042E058E06CE0D5
:1033A000B64821B201802220FDF72FF8CAE0B448C8
:1033B00021B20180762010E277E088E09FE0B2E061
:1033C000C3E0CAE0DFE0EEE0FEE00CE11DE1AD4865
:1033D00021B20180782000E2DFF8ACC25146DCF86F
:1033E000002092FBF1F393FBFAF692FBF0F00AFB5C
:1033F00016314FF461625043C1EB01110BE05DE106
:103400006EE17FE183E187E18CE190E194E198E175
:1034100074E275E277E200EB81000119CCF800104C
:1034200014E0994A116891FBFAF691FBF0F00AFB5F
:1034300016134FF461614843C4EB041100EB8100A3
:10344000C11818E065E266E269E2A9E2D82053E01B
:103450008D4A5146106890FBF1F393FBFAF60AFB94
:1034600016310AFB13004FF461636343C1EB011192
:1034700003EB810101441160E8E7DFF8C8C1514660
:10348000DCF8002092FBF1F393FBFAF692FBF0F0EC
:103490000AFB16314FF461625043C1EB011100EB9E
:1034A00081000119CCF8001025E0664A136893FBEF
:1034B000FAF693FBF0F00AFB16314FF461635843C0
:1034C000C4EB041300EB83000144116013E05D487A
:1034D0005246016891FBF2F393FBFAF60AFB1632AF
:1034E0000AFB13114FF461636343C2EB021203EB57
:1034F000820211440160DC20FCF7C1FF42E205704A
:103500002020FCF7C5FE5C4908802220FCF7C0FEA5
:103510005A49012C088002D1EDF7F7FF12E08CB96F
:10352000EEF752F80EE005702020FCF7B1FE52498C
:1035300008802220FCF7ACFE5049012C0880EED117
:10354000EDF7ABFF514805801CE23078002803D12D
:103550004F49C4B3012C6BD014E23078002866D1F7
:103560004C480088002862D04B4A4FF48470012CEC
:1035700003D02CB1B2F900102FE1012111802CE110
:103580001580294629E13078002850D1434E44481F
:103590001E21348002883046ECF78EFE308801B25E
:1035A0004FF4857019E13078002840D13D4E3C48F9
:1035B0001E21348002883046ECF77EFE308801B24E
:1035C0004FF49F7009E18BE1307880BB364E4FF4A9
:1035D0001672022134803046ECF758FEB6F900101E
:1035E0004FF48770F9E0307808BB304E30483480B3
:1035F000B0F900202F48B0F900103046ECF746FE35
:10360000B6F900104FF48870E7E0307878B92A4EA8
:1036100027483480B0F900202648B0F90010304621
:10362000ECF734FEB6F900104FF48970D5E078E07D
:1036300051E10000DE000010E00000101201001057
:10364000D8010010D4010010DC010010ACFD0720EF
:10365000D8000010500000108A0100108C010010EA
:103660008E010010900100109201001094010010D2
:10367000DAC00720BE0300102C0100103201001038
:10368000380100103A010010D0010010E8030010CA
:103690002500001076010010780100107A0100105A
:1036A000400100107C0100107E010010800100101C
:1036B000460100104801001082010010307880BBE4
:1036C000FF4E3480FF48B0F90020FF48B0F90010E9
:1036D0003046ECF7DBFDB6F900104FF48A707CE061
:1036E0003078F0B9F94EF7483480B0F90020F64848
:1036F000B0F900103046ECF7C9FDB6F900104FF4F0
:103700008B706AE0307860B9ABF800405DE03078EB
:1037100038B9A8F8004070E0307810B9AAF8004035
:1037200082E038E03078B0BB0E460C8091E0307813
:1037300088BB1E461C80AAE0307860BBA9F8004018
:10374000BCE0112C28D0122C29D0132C2AD0142CF8
:103750002BD0212C2CD0222C30D0312C40D0322C0C
:1037600044D0412C52D0422C57D0512C65D0522CF1
:1037700069D0612C7FD0622C75D0712C74D0722CE2
:1037800073D0D348D349802C70D0812C6FD0822C39
:103790006ED0832C6DD0F5E0EDF7F0FEF2E0EDF7A2
:1037A000F1FEEFE0EDF7F2FEECE0EDF7FFFEE9E011
:1037B000307888BBBBF80000401C04E0307858BB70
:1037C000BBF80000401EABF800000A21C248ECF72D
:1037D0005DFDBBF900104FF4E970FCF716FED1E077
:1037E0003078C8B9B8F80000401C04E0307898B9C7
:1037F000B8F80000401EA8F800000A21B748ECF70E
:1038000045FDB8F900104FF4EA70E6E7307818B9D2
:10381000BAF80000401C05E02CE0307850BBBAF844
:103820000000401EAAF800000A21AD48ECF72EFD6A
:10383000BAF900104FF4EB70CFE73078D0B90888B0
:103840000E46401C04E03078A0B908880E46401EA1
:1038500030800A21A348ECF719FDB6F900104FF4A7
:10386000EC70BAE707E00CE01BE020E030E034E069
:1038700039E03DE030E0307870BB18881E46401CCF
:1038800004E0307840BB18881E46401E3080642219
:1038900001219548ECF7FAFCB6F900104FF4ED70F1
:1038A0009BE73078C0B9B9F80000401C04E03078DC
:1038B00090B9B9F80000401EA9F800009622012135
:1038C0008A48ECF7E3FCB9F900104FF4EE7084E796
:1038D0000088062856D10D7054E00088062851D182
:1038E000012008704EE0408806284BD14D7049E019
:1038F0004088062846D10120487043E07C4800E01B
:103900007C4804803EE07C4904EB84004000088051
:1039100038E00C8000E01480012101702FE00123C9
:10392000037076480988012C018075481188018050
:1039300001D00CB323E03078022820D071480088F1
:1039400002280DD1704800880028704804D00088F3
:1039500001283FF418AD03E0B0F90000401CF8D096
:10396000022030706A4805606A4801686A48016050
:10397000EDF78FFD012142E0307802281FD0674922
:10398000A1F80080664EDFF89C813168B8F800002D
:10399000814201DC1E2946DA814234DD401C37E0D9
:1039A0000123037055480988012C0180544811886F
:1039B000018008D0002CE2D130780128DFD13570A9
:1039C000EDF756FBDBE730780128D8D04D4800886A
:1039D00002280CD14C48008800284C4803D00088AD
:1039E0000128B6D003E0B0F90000401CB1D048482F
:1039F000337005604A480168474801600021EA20A9
:103A0000FCF703FDBBE71E2901DB306801E01D2048
:103A1000306001B2D820FCF7F8FC43480121018056
:103A2000EE20FCF7F2FCB8F800003168814207DCB8
:103A30001E2905DB3C4829460580EE20FCF7E5FC05
:103A4000344EB8F800103068884201DC1E2813DAC2
:103A5000884202DD491C316003E01E2801DA1D2086
:103A60003060306801B2DC20FCF7CFFC2F48012128
:103A70000180F020FCF7C9FCB8F8000031688142F1
:103A800007DC1E2905DB294829460580F020FCF7C4
:103A9000BCFC274823463A4600880399C0B2FEF78B
:103AA00054F85A2F9DD05B2F9BD05C2F99D05D2F5F
:103AB00097D0204800880BB0401C01B24C203BE05E
:103AC0008401001020010010220100108601001066
:103AD00040C007203EC007208A0100108C01001062
:103AE0008E0100109001001092010010940100104E
:103AF000EA0300100AC10720EC0300102C0100109B
:103B000032010010DE000010E00000101201001071
:103B1000D8010010D4010010DC010010E8030010EF
:103B2000D0010010400100103C0100103E010010C7
:103B3000D8000010F6000010BDE8F04FFCF765BC9F
:103B4000EC48016841F040410160416821F0030107
:103B50004160416841F00C014160416841F0300131
:103B60004160E5482021C16038210160704710B5EF
:103B7000FFF7E6FFE14C206840F002002060E069BA
:103B800040F00200E061C020FCF7DAFA206840F063
:103B900002002060A06940F00200A06110BD2DE984
:103BA000F04107460E460025FFF7CAFFD34C2068B8
:103BB00040F002002060E06940F00200E061022075
:103BC000FCF7BEFA3846FCF7BBFA3046FCF7B8FA09
:103BD000206840F002002060A06940F00200A0616F
:103BE0002846BDE8F08170B50546FFF7A9FFC34C34
:103BF000206840F002002060E06940F00200E061CF
:103C00007821491EFDD10320FCF79AFA2846FCF7DB
:103C100097FA5520FCF794FA216841F002012160DF
:103C2000A16941F00201A16170BD2DE9F041074693
:103C30000D461646FFF784FFB04C206840F00200A6
:103C40002060E06940F00200E0610520FCF778FAAE
:103C50003846FCF775FA2846FCF772FA3046FCF74E
:103C60006FFA206840F002002060A06940F0020076
:103C7000A061B6E710B5FFF763FFA04C206840F0E5
:103C800002002060E06940F00200E0610C20401E6C
:103C9000FDD1A020FCF754FA5520FCF751FA216819
:103CA00041F002012160A16941F00201A16110BD52
:103CB00010B50246FFF744FF904C206840F0020028
:103CC0002060E06940F00200E06122B1012A04D0E6
:103CD000022A04D004E0812202E0822200E0842251
:103CE0001046FCF72DFA206840F002002060A06921
:103CF00040F00200A06110BD10B5FFF738FF0E20A4
:103D0000FFF771FF0421B1EB501F04D08022E021A6
:103D10000F20FFF78AFF7820401EFDD1C3212A2003
:103D2000FFF73DFFFE212920FFF739FF032128205F
:103D3000FFF735FF20216020FFF731FF20217020A1
:103D4000FFF72DFF6E48401EFDD1FF212020FFF719
:103D500026FFFF212120FFF722FFFF210020FFF790
:103D60001EFFFF210120FFF71AFFFF210420FFF7AC
:103D700016FFFF210520FFF712FFFF212420FFF788
:103D80000EFFE0212520FFF70AFF31210820FFF771
:103D900006FFC0210920FFF702FF00211020FFF7D6
:103DA000FEFE00211120FFF7FAFE00211420FFF78C
:103DB000F6FE00211520FFF7F2FE00211820FFF784
:103DC000EEFE00211920FFF7EAFE13215120FFF734
:103DD000E6FEC0215220FFF7E2FE13214120FFF74B
:103DE000DEFEC0214220FFF7DAFE13213120FFF76B
:103DF000D6FEC0213220FFF7D2FE0522E7210F2098
:103E0000FFF713FF06212B20FFF7C9FE3D48401E98
:103E1000FDD10021BDE810400C20C0E62DE9F0479F
:103E200009AC0026B4E80007374CDDF820C0E5787F
:103E3000072D00D9E670354FE578785578196D1C57
:103E400001720274037680F820C080F8288080F820
:103E5000309080F838A0E8B2E070072800D9E6700A
:103E6000BDE8F08770B5FFF705FF274D8107287083
:103E7000687013D5264E002404F17600C0B2FFF717
:103E8000B2FE3055641CE4B2082CF5D300220221A6
:103E90002C20FFF7CAFE0120A87070BD10F0540F4F
:103EA000FBD100221C212C20FFF7BFFE2879E978E6
:103EB0008842F2D0154E0024297906EBC400415CFB
:103EC00004F13600C0B2FFF76AFE641CE4B2082CAD
:103ED000F2D308213520FFF762FE0020FFF7E8FE4D
:103EE0002879401CC0B228710728D6D90020287133
:103EF00070BD000000C002400000024000C0092068
:103F0000C0D40100804F1200CBE10720F6FE07204D
:103F1000A8F407209048016821F0030101600168BE
:103F200041F040410160416821F003014160416876
:103F300041F00C014160416841F030014160874827
:103F40001421C1602021016070472DE9F041024633
:103F50000E46FFF7DFFF1821491EFDD1804D28686E
:103F600040F001002860E86940F00100E8611007B6
:103F7000400EFCF7E5F800247A4F04E0385DFCF7CA
:103F8000DFF8641C24B2B442F8DB286840F001007A
:103F90002860A86940F00100A861BDE8F08170B513
:103FA00002460D46FFF7B6FF1820401EFDD16C4CAF
:103FB000206840F001002060E06940F00100E0610D
:103FC0001007400EFCF7BCF82846FCF7B9F820684B
:103FD00040F001002060A06940F00100A06170BDC8
:103FE00010B50246FFF796FF1821491EFDD15C4C23
:103FF000206840F001002060E06940F00100E061CD
:1040000002F00F00802141EAC000FCF799F8FF2080
:10401000FCF796F8216841F001012160A16941F0A7
:104020000101A16110BD504970B5B1FBF0F1C1F3C0
:104030000724CDB24D49B1F90010282902D01E291C
:1040400002D007E04A4900E04A49B1FBF0F0C0F372
:104050000724C5B280210320FFF7A1FF29460020D5
:10406000FFF79DFF21460120FFF799FFBF210320A5
:10407000FFF795FF10210220FFF791FF032108466B
:10408000FFF78DFF06210220FFF789FF01210220A3
:10409000FFF785FFBDE8704030210F207FE7364AEB
:1040A000304B91785854491CC8B29070202801D1E7
:1040B0000020907070472DE9F0470920FFF790FF2E
:1040C0002D4C00262070A0B10025DFF8B0802C4FC9
:1040D000DFF8B09008E0A07900284FF0000011D080
:1040E000FFF77EFF6D1CEDB22078854201D2052DD1
:1040F000F1D30820FFF774FF0122607040280BD035
:10410000267111E0FFF76CFF397808F80100491CAF
:10411000397089F80060E5E72079052801D2401C54
:104120002071C0B2052814D06671A17849B1E07839
:10413000814206D0607920B1A2710020FFF705FF0F
:10414000A6700520FFF74CFF400600D5A671BDE81C
:10415000F0876271E9E7000000C002400000024001
:1041600000C0092036FF0720688909008801001077
:10417000A0252600389C1C00A02300108EFD0720DF
:1041800092230010CAE107202DE9F04FB3B0144686
:10419000FF4A127890427ED100297DD00129FCD0BF
:1041A0000529F8D1FB482178FB4D41706178817079
:1041B000A178C170E17801712179417161798171D2
:1041C000A179C171E1790172217A4172617A8172BA
:1041D000A17AC172E17A0173E1792970A7796F70D0
:1041E000607A227A00EB022002B26A80E07AA37A37
:1041F00000EB032003B2E748AB8014300688761C3E
:10420000068041808280C380E448B0F90000874284
:10421000C1D14FF0030A4FF009084FF001090329FB
:1042200034D19BB292B2C0B2CDF80090FEF7A9F99A
:10423000A98808EB410080B204F0BCFE0646207855
:10424000307060787070A078B070E078F070B5F978
:1042500004200AEB4201C81701EB10631F123771EB
:10426000084670716878B0712878F0715200327227
:1042700006F10900A96803F0CBFDA98808EB41000D
:1042800082B2C3483146007805F0B2F82978042993
:104290000DD0C34E01E0FEE3FEE3DFF808A3DFF834
:1042A00008B3002706293DD010297ED0F3E3CDF8CE
:1042B0000090A88883B2688882B2B8480088C0B2EB
:1042C000FDF766FDA888474608EB400080B204F081
:1042D00071FE06462078307060787070A078B070FB
:1042E000E078F070B5F904200AEB4201C81701EB41
:1042F000106318123071084670716878B0712878B0
:10430000F0715200327206F10900A96803F080FDD5
:10431000A888314607EB400082B29D48007805F03E
:1043200067F8C3E76888322806D1A048B5F90410B9
:1043300001802020FCF769F86888332806D19C4862
:10434000B5F9041001802220FCF75FF86888342852
:1043500006D19848B5F9041001807620FCF755F88D
:104360006888352806D19448B5F904100180782072
:10437000FCF74BF86888A84636281DD1DAF80020EB
:104380003C2092FBF0F393FBF0F500FB15334FF468
:10439000616092FBF0F04FF461625043C3EB031293
:1043A000B8F9041000EB820000E0FEE30144D820DD
:1043B000CAF80010FCF763F8B8F80200372818D1E3
:1043C000DAF800003C2290FBF2F302FB13024FF4F8
:1043D000616590FBF5F0B8F904306843C3EB031353
:1043E00000EB830010440146CAF80000D820FCF717
:1043F00046F8B8F8020038281AD1DAF800203C2331
:1044000092FBF3F090FBF3F503FB102203FB150383
:10441000B8F904004FF461656843C3EB031300EB84
:10442000830010440146CAF80000D820FCF727F8A2
:10443000B8F8020039281BD1DBF800203C2092FBA1
:10444000F0F393FBF0F500FB15334FF4616092FB42
:10445000F0F04FF461625043B8F90410C3EB03125B
:1044600000EB82000144DC20CBF80010FCF707F8D9
:10447000B8F802003A2817D1DBF800103C2291FB73
:10448000F2F302FB13124FF4616591FBF5F1B8F9F9
:1044900004306943C3EB031301EB83011144DC20B7
:1044A000CBF80010FBF7EBFFB8F8020045463B28BD
:1044B00019D1DBF800103C2291FBF2F090FBF2F3F3
:1044C00002FB101102FB1302B5F904004FF4616303
:1044D0005843C2EB021200EB82000144DC20CBF80F
:1044E0000010FBF7CCFF68883C2827D1A88801285A
:1044F00010D1307802280DD0022030702F4807608C
:104500002F48DBF800100160ECF7C3FF0121EA201F
:10451000FBF77BFFA88828B93078022802D13770D2
:10452000ECF7A6FD274807702020FBF7B1FE1F49D6
:1045300008802220FBF7ACFE1D49088068883D28D2
:1045400025D1A88801280ED1307801280BD01B482E
:1045500086F8009007601A48DAF800100160002120
:10456000EA20FBF752FFA88828B93078012802D149
:104570003770ECF77DFD134807702020FBF788FEAD
:104580000A4908802220FBF783FE094908801BE0C6
:104590004F0000102C710010A8230010D80000104C
:1045A00023000010D0010010D40100102C010010D5
:1045B00032010010380100103A010010D80100103B
:1045C000DC01001050000010B5F902003E280BD1AC
:1045D000317849B9B5F9041011B9FF4A82F8009051
:1045E000012901D1FC490F703F2815D1307898B9C5
:1045F000FA48008880B1B5F90400012802D1F849D1
:10460000A1F8009008B9F6480780F548B0F9001005
:104610004FF48470FBF7F9FE6888A846402811D152
:10462000307878B9EF4DB8F804001E212880EE48A4
:1046300002882846EBF740FE288801B24FF48570C7
:10464000FBF7E3FEB8F80200412811D1307878B9C1
:10465000E64DB8F804001E212880E3480288284669
:10466000EBF72AFE288801B24FF49F70FBF7CDFECE
:10467000B8F80200422811D1307878B9DC4DB8F88A
:1046800004004FF41672288002212846EBF7FEFD45
:10469000B5F900104FF48770FBF7B7FEB8F80200C9
:1046A000432814D1307890B9D24DB8F8040028804E
:1046B000D148B0F90020D148B0F900102846EBF7F6
:1046C000E5FDB5F900104FF48870FBF79EFEB8F8D1
:1046D0000200442814D1307890B9C94DB8F80400CC
:1046E0002880C548B0F90020C448B0F90010284619
:1046F000EBF7CCFDB5F900104FF48970FBF785FEA0
:10470000B8F80200452814D1307890B9BD4DB8F8FA
:1047100004002880BC48B0F90020BC48B0F9001063
:104720002846EBF7B3FDB5F900104FF48A70FBF79C
:104730006CFEB8F80200462814D1307890B9B44D18
:10474000B8F804002880B048B0F90020AF48B0F9AC
:1047500000102846EBF79AFDB5F900104FF48B7066
:10476000FBF753FEB8F80200472811D1307878B92A
:10477000A84DB8F8040042F20F7228800A2128469A
:10478000EBF784FDB5F900104FF4E970FBF73DFE3F
:10479000B8F80200482811D1307878B99E4DB8F8A1
:1047A000040042F20F7228800A212846EBF76EFDC2
:1047B000B5F900104FF4EA70FBF727FEB8F80200D5
:1047C000492811D1307878B9944DB8F8040042F2F4
:1047D0000F7228800A212846EBF758FDB5F9001022
:1047E0004FF4EB70FBF711FEB8F802004A2811D124
:1047F000307878B98A4DB8F8040042F20F722880F8
:104800000A212846EBF742FDB5F900104FF4EC7091
:10481000FBF7FBFDB8F802004B2810D1307870B9D7
:10482000804DB8F804006422288001212846EBF767
:104830002DFDB5F900104FF4ED70FBF7E6FDB8F86B
:1048400002004C2810D1307870B9774DB8F80400C8
:104850009622288001212846EBF718FDB5F90010B3
:104860004FF4EE70FBF7D1FD7048B0F902104D29FE
:1048700012D050297ED051297DD052297CD0DFF82A
:10488000B08142F210755A2977D05B2976D05C2925
:1048900075D05D2974D00AE2DFF89881634DB8F8CD
:1048A0000010491CA8F80010B5F90410A8F802106F
:1048B000112901D1ECF762FEA888122801D1ECF78A
:1048C00061FEA888132801D1ECF760FEA88814289F
:1048D00001D1ECF76BFE55488088212811D1307842
:1048E00078B94C4D42F20F720A212888401C28806A
:1048F0002846EBF7CBFCB5F900104FF4E970FBF755
:1049000084FD4A48B0F90410222918D1B8F80420CF
:10491000521CA8F80420A8F80610307878B93D4D4C
:1049200042F20F720A212888401E28802846EBF7A1
:10493000ADFCB5F900104FF4E970FBF766FD3B489C
:104940008088312811D1307878B9334D42F20F7216
:104950000A212888401C28802846EBF797FCB5F9E7
:1049600000104FF4EA70FBF750FD30488088322881
:1049700019D106E034E136E138E13EE140E146E1BB
:104980006FE1307878B9244D42F20F720A212888FD
:10499000401E28802846EBF779FCB5F900104FF44B
:1049A000EA70FBF732FD21488088412811D1307828
:1049B00078B91A4D42F20F720A212888401C2880CB
:1049C0002846EBF763FCB5F900104FF4EB70FBF7EA
:1049D0001CFD164880882FE025000010760100108D
:1049E000780100107A010010400100107C010010D5
:1049F0007E010010800100104601001048010010E7
:104A0000820100108401001020010010220100101A
:104A1000860100108A0100108C0100108E01001028
:104A2000900100109201001094010010A8230010C2
:104A3000E8030010EE030010422811D1307878B955
:104A4000FF4D42F20F720A212888401E2880284616
:104A5000EBF71CFCB5F900104FF4EB70FBF7D5FC3D
:104A6000F8488088512811D1307878B9F64D42F253
:104A70000F720A212888401C28802846EBF706FC84
:104A8000B5F900104FF4EC70FBF7BFFCED488088DF
:104A9000522814D101E0F9E3F9E3307878B9EA4D0E
:104AA00042F20F720A212888401E28802846EBF720
:104AB000EDFBB5F900104FF4EC70FBF7A6FCE148F4
:104AC0008088612810D1307870B9E04D64220121CE
:104AD0002888401C28802846EBF7D8FBB5F9001041
:104AE0004FF4ED70FBF791FCD6488088622810D116
:104AF000307870B9D54D642201212888401E288065
:104B00002846EBF7C3FBB5F900104FF4ED70FBF747
:104B10007CFCCC488088712810D1307870B9CC4D9D
:104B2000962201212888401C28802846EBF7AEFBFE
:104B3000B5F900104FF4EE70FBF767FCC14DA88883
:104B4000722810D1307870B9C14E96220121308878
:104B5000401E30803046EBF799FBB6F900104FF459
:104B6000EE70FBF752FCB5F90400BA4ABA4B802844
:104B70000AD1A8F8060015884146062D04D18D8873
:104B80006D1CA8F804501F7081280BD1A8F80600EE
:104B900015884146062D05D18D886D1CA8F8045056
:104BA00083F8009082280CD100E00AE1A8F8060002
:104BB00055884146062D04D18D886D1CA8F80450F7
:104BC0005F70832873D1A8F80600508841460628F4
:104BD0006DD18888401CA8F8040083F8019066E035
:104BE00080889E4907E080889D4904E080889D492F
:104BF00000EB80004000088059E080889A4901E07D
:104C000080889A4908809A4981F800904DE0984A36
:104C100095498C4882F80090964A098811809349FA
:104C2000954A098811808088012810D1307802289F
:104C30000DD002203070914807609148DBF80010D9
:104C40000160ECF726FC0121EA20FBF7DEFB7D4842
:104C5000808850BB3078022827D13770ECF708FAEB
:104C600023E0834A834B774882F800907E4A494686
:104C700012881A807D4A804B12881A808088012809
:104C80000DD1307801280AD07C48317007607C480B
:104C9000DAF8001001600021EA20FBF7B6FB694852
:104CA000808810B930780128D7D0A8F80050754E08
:104CB000DAF8001055463088814201DC1E2914DAEA
:104CC000814201DD401C04E01E2901DB286801E06F
:104CD0001D20286001B2D820FBF797FB6A4849469F
:104CE000A0F80090EE20FBF790FB318828688842FE
:104CF00007DC1E2805DB644839460780EE20FBF7F9
:104D000084FB3188DBF800005D46884201DC1E2808
:104D100014DA884202DD491C296003E01E2801DA0A
:104D20001D202860286801B2DC20FBF76EFB574885
:104D30004946A0F80090F020FBF767FB318828680F
:104D4000884207DC1E2805DB504839460780F020E2
:104D5000FBF75BFB3B4ECDF8009001237088317868
:104D600082B24B480088C0B2FDF70BFC0B2004F068
:104D700021F905462078287060786870A078A870BE
:104D8000E078E8702F71062068717078A87130782B
:104D9000E871B6F90210C81701EB10621012287200
:104DA00008466872022205F10A00B16803F030F883
:104DB00038480C222946007804F01AFBB6F90200A4
:104DC000F2E30020B5F904100AE000BF04EB400252
:104DD000937B527B03EB02222DF81020401CC0B2C3
:104DE0008842F3DB4FF00008FAE31648B0F90200FE
:104DF0004044322863D0332867D034286BD035281C
:104E000078D036287CD037286DD038286CD0392817
:104E10006BD03A286AD03B2869D03C2868D03D281E
:104E200067D03E287ED03F287DD040287CD04128C6
:104E30007BD042287AD0432879D0442878D02BE000
:104E40008E010010A82300109001001092010010A4
:104E50009401001040C007203EC00720EA03001064
:104E60000AC10720EC030010DAC00720BE030010BF
:104E7000500000102C01001032010010D801001069
:104E8000DC010010400100103C0100103E01001048
:104E9000D80000104F000010452879D0462878D05F
:104EA000472877D0482876D0492875D04A2874D02A
:104EB0004B2873D04C2872D04D2871D05AE3FD484E
:104EC0003DF918100180202052E3FB483DF91810ED
:104ED000018022204CE3F9483DF91810018076202A
:104EE00046E307E00CE02BE03CE05AE06FE07CE0BA
:104EF00096E0B3E0F2483DF918100180782037E3DE
:104F0000DAF800103C2091FBF0F292FBF0F300FB8A
:104F100013224FF4616091FBF0F03DF818504FF40C
:104F2000616106E0B9E0C8E0E0E0F1E002E113E130
:104F300027E14843C2EB021100EB810041190DE06B
:104F4000DAF800003C2190FBF1F201FB12014FF472
:104F5000616390FBF3F03DF8182010E0D820CAF808
:104F600000105AE0DAF800103C2291FBF2F090FBBE
:104F7000F2F302FB101102FB13023DF818004FF48C
:104F800061635843C2EB021200EB82000144E5E783
:104F90000CE120E134E145E156E166E179E1BDE172
:104FA000C3E1DBF800003C2190FBF1F292FBF1F34E
:104FB00001FB13214FF4616290FBF2F03DF81850B1
:104FC0005043C1EB011100EB8100411922E0DBF8F5
:104FD00000003C2190FBF1F201FB12014FF46163F0
:104FE00090FBF3F03DF818200CE0DBF800103C22B9
:104FF00091FBF2F090FBF2F302FB101102FB1302A3
:105000003DF818004FF461635843C2EB021200EB05
:1050100082000144DC20CBF80010FBF730FAA9E253
:105020003DF818006D46012810D130780228F6D0DE
:1050300002203070A3480760A348DBF8001001602D
:10504000ECF727FA0121EA20FBF7DFF935F8180021
:105050000028E4D1307802281BD08BE23DF81800FC
:105060006D4601280ED130780128D8D0954886F8B1
:10507000009007609448DAF8001001600021EA20EF
:10508000FBF7C3F935F818000028C8D1307801289B
:10509000C5D13770EBF7ECFF6CE230780028BED159
:1050A0003DF8180010B1012804D063E2874981F867
:1050B00000905FE2854807705CE230780028AED14E
:1050C000834800880028AAD03DF81800012801D0A4
:1050D00020B105E07F49A1F8009001E07D480780FC
:1050E0007C48B0F900104FF4847041E23078002819
:1050F00095D1794D3DF81810784829801E210288F5
:105100002846EBF7D9F8288801B24FF485702FE2D2
:1051100030780028A1D1724D3DF818106F482980D1
:105120001E2102882846EBF7C7F8288801B24FF401
:105130009F701DE2307800288FD16A4D3DF818101D
:105140004FF41672298002212846EBF79FF8B5F933
:1051500000104FF487700BE2307800289CD1624D2C
:1051600062483DF818102980B0F900206048B0F975
:1051700000102846EBF78AF8B5F900104FF4887054
:10518000F6E13078002887D15A4D58483DF818107C
:105190002980B0F900205648B0F900102846EBF7F6
:1051A00075F8B5F900104FF48970E1E13078002806
:1051B0006ED1514D51483DF818102980B0F90020AA
:1051C0004F48B0F900102846EBF760F8B5F9001029
:1051D0004FF48A70CCE13078002859D1494D4748C6
:1051E0003DF818102980B0F900204548B0F90010AA
:1051F0002846EBF74BF8B5F900104FF48B70B7E188
:105200003078002844D1404D3DF8181042F20F721A
:1052100029800A212846EBF739F8B5F900104FF438
:10522000E970A5E13078002832D1384D3DF81810EA
:1052300042F20F7229800A212846EBF727F8B5F9C8
:1052400000104FF4EA7093E1307808BB304D3DF820
:10525000181042F20F7229800A212846EBF716F83F
:10526000B5F900104FF4EB7082E1307880B9294D28
:105270003DF8181042F20F7229800A212846EBF7F8
:1052800005F8B5F900104FF4EC7071E180E283E2AB
:105290000FE0307868B9204D3DF81810642229805D
:1052A00001212846EAF7F2FFB5F900104FF4ED703E
:1052B0005EE174E02C010010320100103801001092
:1052C0003A010010D8010010DC0100102500001088
:1052D00076010010780100107A01001040010010E2
:1052E0007C0100107E0100108001001046010010BA
:1052F00048010010820100108401001020010010FC
:1053000022010010860100108A0100108C0100109B
:105310008E01001090010010920100103078F0BB57
:105320003DF81810FF4D298019E13DF818006D4631
:10533000112801D1ECF722F935F81800122801D113
:10534000ECF720F935F81800132801D1ECF71EF915
:1053500035F81800142801D1ECF728F93DF81800A9
:10536000212811D13078D0B9EF4D42F20F720A21C5
:105370002888401C28802846EAF788FFB5F90010E5
:105380004FF4E970FBF741F83DF81800222813D1DB
:10539000307820B9E44D2888401E288000E050E095
:1053A00042F20F720A212846EAF770FFB5F90010A1
:1053B0004FF4E970FBF729F83DF81800312811D1B6
:1053C0003078F0BBD94D42F20F720A212888401C78
:1053D00028802846EAF75AFFB5F900104FF4EA7022
:1053E000FBF713F83DF81800322811D1307840BB94
:1053F000CE4D42F20F720A212888401E288028468E
:10540000EAF744FFB5F900104FF4EA70FAF7FDFF30
:105410003DF81800412811D1307890B9C44D42F2BE
:105420000F720A212888401C28802846EAF72EFFA0
:10543000B5F900104FF4EB70FAF7E7FF3DF81800EC
:1054400000E042E0422811D13078F0BBB84D42F282
:105450000F720A212888401E28802846EAF716FF86
:10546000B5F900104FF4EB70FAF7CFFF3DF81800D4
:10547000512811D1307840BBAE4D42F20F720A2153
:105480002888401C28802846EAF700FFB5F900105C
:105490004FF4EC70FAF7B9FF3DF81800522811D11B
:1054A000307890B9A34D42F20F720A212888401E2D
:1054B00028802846EAF7EAFEB5F900104FF4EC70B0
:1054C000FAF7A3FF3DF8180000E042E0612810D190
:1054D0003078F0BB984D642201212888401C288038
:1054E0002846EAF7D3FEB5F900104FF4ED70FAF74D
:1054F0008CFF3DF81800622810D1307848BB8E4DE3
:10550000642201212888401E28802846EAF7BEFE32
:10551000B5F900104FF4ED70FAF777FF3DF8180079
:10552000712810D13078A0B97E4D962201212888AB
:10553000401C28802846EAF7A9FEB5F900104FF470
:10554000EE70FAF762FF3DF81800722812D1307839
:1055500000E00FE070B9734D2888401E2880962225
:1055600001217048EAF792FEB5F900104FF4EE7091
:10557000FAF74BFF7148B0F9021001EB08025A2A02
:1055800006D05B2A08D05C290FD05D2929D043E0E2
:105590003DF818006A4902E03DF8180069490880A2
:1055A000694981F8009037E0E3E0054680880128EA
:1055B00010D1307802280DD0022030706348076087
:1055C0006348DBF800100160EBF763FF0121EA207C
:1055D000FAF71BFFA888F8B93078022819D01BE029
:1055E00075E00546808801280ED1307801280BD05F
:1055F000564886F8009007605548DAF800100160B8
:105600000021EA20FAF701FFA88828B9307801289C
:1056100002D13770EBF72CFD4E4DDAF800102A88D6
:10562000914201DC1E2916DA5046914202DD521CDD
:10563000026003E01E2901DA1D210160DAF8000092
:1056400001B2D820FAF7E1FE43484946A0F800909D
:10565000EE20FAF7DAFE2988DAF80000884207DC43
:105660001E2805DB3C4839460780EE20FAF7CDFEC0
:105670002A88DBF80010914201DC1E2916DA584610
:10568000914202DD521C026003E01E2901DA1D2155
:105690000160DBF8000001B2DC20FAF7B6FE2F480B
:1056A0004946A0F80090F020FAF7AFFE2988DBF811
:1056B0000000884207DC1E2805DB284839460780A1
:1056C000F020FAF7A2FE08F1010808F0FF081B48D5
:1056D000B0F904108845FFF688AB0B2003F06AFC94
:1056E00001462078087060784870A0788870E0786B
:1056F000C870124C0F71062048716078887120784C
:10570000C871B4F90220D01702EB106318120872A6
:1057100010464872B4F90420D01702EB10631D1232
:105720008D721DE0940100108A0100108C010010A0
:105730008E0100109001001092010010A8230010AB
:10574000DAC00720BE03001050000010D80100107E
:10575000DC010010400100103C0100103E0100106F
:105760001046C8720D480C22007803F041FEB4F9CF
:1057700002005A280CD05B280AD05C2808D05D288B
:1057800006D007480088401C01B24C20FAF73DFEC5
:10579000002033B0BDE8F08F0120FAE74F00001081
:1057A000F6000010C1F12002904010B5FC4A4FF401
:1057B000007453150EE0002801DA946500E0D4650A
:1057C00000BF00BF00BF936500BF00BF00BFD3652F
:1057D0004000491E0029EED110BD70B50546F148C4
:1057E0000078012813D04FF0A04045F48071816209
:1057F0000121416200210213436BDB0702D0491CE7
:105800009142F9D300214162056BA8B270BDE44C0E
:10581000206C40F40070206420214FF0FF30FFF72F
:10582000C1FF04210620FFF7BDFF05210120FFF77E
:10583000B9FF05212846FFF7B5FF00F0CBF94FF07F
:10584000000528464FF480714FEA4505A16500BF69
:1058500000BF00BFE165626D920501D545F001050D
:10586000401C1028F0D300F0B5F9CEE770B505461E
:10587000CC480C46007801280ED04FF0A04245F4E9
:1058800080709062D46200201113536BDB0702D04A
:10589000401C8842F9D370BDC148016C41F40071CD
:1058A000016420214FF0FF30FFF77CFF0421052029
:1058B000FFF778FF05210120FFF774FF0521284637
:1058C000FFF770FF02210846FFF76CFF102120460A
:1058D000FFF768FFBDE8704000F07CB92DE9FC4798
:1058E000B04C002536202570009069466268084655
:1058F000904701982521B1EB106F01D10120207054
:10590000A948016841F080410160A948A749816028
:105910002178002960D0016921F470210161A0483B
:10592000016C41F4807101644FF0A0444FF44F408A
:1059300020607820C4F800016420401EFDD14FF0A3
:105940000208C4F80080302060604001606143F2CA
:105950000F7020611227E7607801C4F800014FF44E
:105960000060A0616426761EFDD1A5614FF4004160
:105970000020FFF77BFF4FF480190020FFF72DFF79
:1059800010F4084F02D0761C4E45F6D30220FFF7E4
:1059900024FF06460320FFF720FF4FF6F071084072
:1059A000844940EA064088420DD14FF4405100201E
:1059B000FFF75CFF00260120FFF70FFF800602D4EF
:1059C000761C4E45F7D300264FF480391020FFF7A0
:1059D00004FFC10709D105E0C16821F00F01491D8D
:1059E000C160A1E7761C4E45F0D341070CD5616834
:1059F00041F001016160D4F8001141F48061C4F804
:105A000000111521A16000E0A760800701D5A56104
:105A100002E04FF48070A06167488188216441886A
:105A200061640088A064654B654EA3F164010020A9
:105A300001F1200200EB400703EB472741F83070EB
:105A400001EBC0077E6042F8305002EBC007401CFB
:105A50007D600428EED3C4F80811C4F80C2103209B
:105A6000C4F81001C4F8185154490020554E243987
:105A700001F1180200EB400306EB432341F83030FC
:105A800001EBC0035D6042F82050401C0328F1D3B5
:105A900004F1AC0421676267C4F87880E5674FF0D1
:105AA0002600C4F854014FF08800C4F8380F4FF6B0
:105AB000FF70C4F83C0F606D40F00300606554F85F
:105AC000AC0D40F001002060BDE8FC873E484FF07F
:105AD0008051016070473D484FF080510160704730
:105AE000F0B54FF0A045D5F82811344E0388243E78
:105AF000021D56F83140DB1C9B0803D080CA5B1E98
:105B000080C4FBD1008806EBC102401E40F040403B
:105B1000491C5060032900D10021C5F82811F0BDAF
:105B200070B54FF0A04533E0C5F8E80F00072FD55A
:105B3000D5F8184128E02148443850F83400410095
:105B40001CD5C0F30A06F61E40F2EA518E4215D863
:105B50001F49084212D146F0004000F0EFFB68B147
:105B6000164A011D643AF61C52F83420B30803D0DB
:105B700040CA5B1E40C1FBD102F044FD641C042CF2
:105B800000D10024C5F81841D5F81401A042D2D1A3
:105B9000D5F8E00FD5F8E41F0840C5D170BD00006E
:105BA00000C00920B4230010C4C00F4005011550E7
:105BB00000C00240905C002000C00720BCFF07200E
:105BC000FF050080BC17082000E100E080E100E054
:105BD0000000901B0748016C21F4007101644FF430
:105BE0008071816500BF00BF00BFC16500BF00BFFD
:105BF00000BF704700C009200146002000E0401CA3
:105C00000A5C002AFBD1704710B5002200E0521C4C
:105C1000835C8C5CA34201D1002BF8D1D8B2E1B2F5
:105C2000401A10BD70B5064600F034F90468054608
:105C30000A220021304600F018F82C6070BD30B503
:105C40000B46014600202022012409E021FA02F53A
:105C50009D4205D303FA02F5491B04FA02F52844D4
:105C6000151EA2F10102F1DC30BD2DE9F0470F460F
:105C7000914680460446002614F8015B2DB1EAF7F0
:105C800037FB0068405DC007F6D12B2D02D02D2DCB
:105C900018D0641E4A463946204600F031F827B134
:105CA0003968A14201D1C7F8008071054FF00204A4
:105CB0000BD54042002803DD00F0ECF80460A0079B
:105CC000BDE8F08746F48066E4E70028F8DA00F0E3
:105CD000E1F804606FF00040F2E70000064C074D69
:105CE00006E0E06840F0010394E8070098471034AC
:105CF000AC42F6D3EAF7EEF968A80100A8A80100C3
:105D00002DE9F05F8246044600780027641C8B462C
:105D10001546B946302801D09DB113E014F8010BA7
:105D20000127782803D0582801D045B10AE00DB1E9
:105D3000102D07D10027102514F8010B02E00825CB
:105D400000E00A250026B0460FE005FB080005FB31
:105D500006F101EB1046012780B28046B6F5803F80
:105D600001D30120814614F8010B294600F017F8F1
:105D70000028EADABBF1000F04D0641E07B95446CC
:105D8000CBF80040B9F1000F06D000F083F80221F3
:105D90000160C81EBDE8F09F48EA0640FAE73A28CD
:105DA00000D2303820F02002412A01D3A2F137007E
:105DB0004FF0FF32884200D202461046704770B55D
:105DC00001EB020410F8015B15F0070301D110F894
:105DD000013B2A1106D110F8012B03E010F8016BEA
:105DE00001F8016B5B1EF9D12B0705D40023521E6D
:105DF0000FD401F8013BFAE710F8013B02F102026F
:105E0000A1EB030303E013F8015B01F8015B521EF1
:105E1000F9D5A142D6D3002070BD00B5002200F014
:105E200007F8C04380B2010241EA102080B200BDF1
:105E300005E000BF30F8023B891E5BBA1A44012915
:105E4000F8DC11B1007802EB002290B200EB1240B6
:105E500000EB104080B27047084400EB104080B265
:105E60007047010241EA102080B270470FB4084B1E
:105E700010B504A902AA039800F01EF8044602A96E
:105E8000002000F0DFF9204610BC5DF814FB000094
:105E90004562010000487047D023001002E008C8A6
:105EA000121F08C1002AFAD17047002001E001C189
:105EB000121F002AFBD170472DE9FF4F8DB0054618
:105EC0008846002689E125287AD100246D1CC74A1E
:105ED000A146A34601212B78203B01FA03F0104292
:105EE00002D004436D1CF6E728782A2810D06FF002
:105EF0002F022878A0F13001092918D809EB89016F
:105F000002EB4101084444F0020481466D1CF0E7B5
:105F1000D8F8001008F10400B1F10009804603DA56
:105F2000484244F40054814644F002046D1C287831
:105F30002E281BD115F8010F44F004042A280ED096
:105F40006FF02F022878A0F1300109290ED80BEB51
:105F50008B0102EB4101084483466D1CF2E7D8F83F
:105F6000001008F104008B4680466D1C28786C28D0
:105F70000FD006DC4C2817D068280DD06A2814D121
:105F800004E0742810D07A280FD10DE044F40014F6
:105F90000AE044F4801401E044F44014697881423A
:105FA00002D16D1C04F580146D1C2878692874D00A
:105FB00007DC002870D0632829D0642807D16CE062
:105FC00005E06E2808D0732830D075287BD0DDE935
:105FD0000F129047761CFFE0C4F3025002280AD04B
:105FE00003280ED0D8F8001004280ED00E6008F157
:105FF00004008046F0E0D8F80010F217C1E9006212
:10600000F5E7D8F800100E80F1E70E70EFE7D8F84A
:10601000001008F1040080468DF800104FF00000D9
:106020008DF80100EA464FF0010007E0D8F80010B3
:1060300008F1040080468A464FF0FF3061074FF0B8
:10604000000701D40AE07F1C5F450DDA8742FADBC6
:106050001AF807100029F6D106E07F1C8742FCDB06
:106060001AF807100029F8D1DDE90F23A9EB070082
:106070008146214600F0CFF83044C61907E09AF86F
:1060800000000AF101018A46DDE90F1290477F1EE8
:10609000F5D2214648469AE0A3E00A20074608F1D7
:1060A0000401D8F800008846C4F30251032900D146
:1060B00000B2042900D140B2002805DAC0F1000086
:1060C0004FF02D0103E00EE0210504D52B218DF8C2
:1060D0002C10012103E0E10714D02021F7E70991FA
:1060E00008A98A4619E00A20074608F10401D8F8F1
:1060F00000008846C4F30251032900D180B204296C
:1061000000D1C0B20021EAE73946FFF798FD01F15E
:106110003002AAF101018A460A700028F4D1ADEBE1
:106120000A0000F120000890600702D524F48034B2
:1061300001E001208346089A00205946934501DD7D
:10614000A1EB0200834600EB020109980144A9EB90
:1061500001000A90E00306D4DDE90F2321460A98E6
:1061600000F059F8064400270DF12C0906E0DDE99E
:106170000F1219F807009047761C7F1C0998874278
:10618000F5DBE0030CD5DDE90F2321460A9800F08A
:1061900042F8064404E0DDE90F1230209047761CF7
:1061A000BBF10001ABF101008346F4DC08E09AF892
:1061B00000000AF101018A46DDE90F129047761CC2
:1061C0000899481E08900029F1DC0A982146DDE96B
:1061D0000F2300F00DF806446D1C287800287FF48A
:1061E00072AE11B03046BDE8F08F00000928010002
:1061F0002DE9F0410446002517461E46880405D4C3
:1062000006E039462020B04705F10105641EF8D5A7
:106210002846BDE8F0812DE9F041044600253027ED
:1062200090461E46C80300D42027880405D506E002
:1062300041463846B04705F10105641EF8D52846A9
:10624000BDE8F0810A68531C0B60107070470000B5
:1062500070B50D4609890E18374902EB420001EB73
:10626000C004302030706078A11C001D70700620C2
:10627000B0706078F0706278301D01F0C9FD607810
:10628000001DA880811CE980217801F07F01297020
:1062900031542878402813D006DC022818D004286E
:1062A00009D0062827D10BE0412833D0422831D02D
:1062B000432820D12EE02069FFF79EFC82B200E047
:1062C000E27B6A80E8882169304401F0A1FD12E098
:1062D000E07B0022012802D0022821D103E02069BE
:1062E00090F9002002E02069B0F9002029463046EC
:1062F00002F022FC6880AA88701C698811547078AA
:10630000698808447070E88869882A8908441044BC
:10631000288170BDE07B0022012806D0022807D02A
:106320000428E3D120690268E0E720690278DDE70C
:1063300020690288DAE70000040400102DE9F04724
:106340000027DFF8909000280CDA2349D9F80020C4
:1063500020F000400968024401EB4101B2EB910FCB
:1063600018D8012705460F3020F003060FB9FFF7B4
:10637000B2FB1A4CD4E90002011B891AB1420CD2BB
:10638000044600680028F5D127B9FFF79FFB0020DD
:10639000E9F7B4FE0020BDE8F08772B1101921685A
:1063A0000160206000F10808C0F80460D9F800100E
:1063B0003144C9F8001027B105E004F1080866600F
:1063C000F4E7FFF783FBA8F800500020A8F80200CC
:1063D0004046E0E7C0230010349A0100D4230010A7
:1063E0002DE9F0470746894690460026284C294D5E
:1063F0000BE0207838B10422394604F10A0001F09C
:10640000F7FC012835D00E34761C28888642F0DB54
:106410002149384601F0A6FCD0B91F4804220021CA
:10642000001D01F00BFD10B10020BDE8F087002633
:10643000174C0AE0207830B106224946201D01F0B1
:10644000D7FC01281AD00E34761C28888642F1DB4E
:10645000404600F027F80028E7D00D49C0EBC00007
:1064600001EB40040E3C0422394604F10A0001F01D
:10647000CFFC06224946201D01F0CAFC07480088CF
:10648000E07007480078A070032020700120CCE75E
:10649000D46300103A9A0100BC2908203C9A0100FC
:1064A0003E9A0100F0B50546012116480E46164AEF
:1064B00003E0037853B10E30491C13889942F8DD8C
:1064C0001248104B0488002001210DE00670457031
:1064D0000846F0BD5F78012F04D1DF78A74201D8CC
:1064E0003C4608460E33491C1788B942F2DD0028A5
:1064F000EFD0044AC0EBC00102EB410101F80E6D80
:106500004D70F0BDD46300103A9A01003C9A01002E
:106510002DE9F04781460F4600253D4C3D4E0BE0EE
:10652000207838B10422494604F10A0001F060FCE9
:10653000012815D00E346D1C30888542F0DB3649B9
:10654000484601F00FFCDFF8C880334D01284FF0BA
:10655000040209D00021281D01F070FCE8BB1DE0F9
:10656000207803284ED350E04946281D01F040FC16
:10657000012806D104220021281D01F05FFC00B98A
:1065800000273846FFF78EFF06003CD0C6EBC60159
:1065900008EB41040E3C042249461DE000271C4C38
:1065A0000BE0207838B10422291D04F10A0001F023
:1065B0001FFC0128D4D00E347F1C30888742F0DBCA
:1065C0000020FFF76FFF06001DD0C6EBC60108EBE9
:1065D00041040E3C0422291D00E013E004F10A00EE
:1065E00001F016FC06220D49201D01F011FC0C489B
:1065F0000078A0700B480078E070304600F012F987
:10660000022020700020BDE8F0872046FBE7000054
:10661000D46300103A9A0100BC290820E2A30100CB
:106620003E9A01003F9A01002DE9F0470026DFF86D
:10663000D480DFF8D490B246344F5DE0B9F8005012
:10664000691C89B2A9F800103A88914201D3A9F8CF
:1066500000A02F49C5EBC50001EB40042078C8B36A
:10666000E07820B1401E10F0FF00E07043D1607868
:1066700001280AD10422274904F10A0001F0B8FBDD
:10668000012806D06078012818D010F0FF0F02D042
:1066900031E084F801A004221F4904F10A0001F04E
:1066A000A7FB012817D02078032818D0A07800B3C2
:1066B000401E10F0FF00A0701BD012E020780328CD
:1066C00017D0A078A8B1401E10F0FF00A07010D025
:1066D000022005E00FE011480088E0700BE0042084
:1066E000207098F80000E070681CBDE8F04700F0EA
:1066F00099B884F800A0761C388886429EDBBDE8F5
:10670000F08700003F9A0100CC2300103A9A010064
:10671000D4630010C0290820E8A301003C9A0100BE
:106720002DE9F04106460025134C00F10E08134FE9
:106730000DE0207848B1012807D0042204F10A01B5
:10674000404601F055FB012806D00E346D1C3888F8
:106750008542EEDBBDE8F081062206F10801201D2E
:1067600001F056FB06480088E07006480078A070EB
:1067700003202070EEE70000D46300103A9A010075
:106780003C9A01003E9A01002DE9F04105460E4673
:106790002A20FFF7D3FD044605F1080106220F4623
:1067A000001D01F035FB06221C4904F10A0001F02E
:1067B0002FFB4FF4C16020824FF48070608208206C
:1067C000A0820620A0750420E075268304F1240031
:1067D00006223946064601F01BFB05F10E0104F1C5
:1067E0002A000422054601F013FB06220B4904F19E
:1067F0001A0001F00DFB0422094904F1200001F008
:1068000007FB012231462846FFF7EAFD2046FFF745
:1068100067F92046BDE8F04100F002BA00C0072049
:10682000BC29082070B505462A20FFF787FD0446DD
:1068300006222349001D01F0EBFA0622214904F14A
:106840000A0001F0E5FA4FF4C16020824FF4807134
:1068500061820820A0820620A0750420E0752183B3
:106860000622184904F11A0001F0D2FA042216494E
:1068700004F1200001F0CCFA4FF0060265B10021CE
:1068800004F1240001F0D2FA1049C5EBC50001EB78
:1068900040010422091F06E0094904F1240001F027
:1068A000B7FA0949042204F12A0001F0B1FA20469E
:1068B000FFF716F92046BDE8704000F0B1B90000BE
:1068C000E2A3010000C00720BC290820D463001007
:1068D000F0B500231D461C4600268A5DA2F1410743
:1068E000192F01D83A4618E0A2F16107192F01D8F3
:1068F000473A12E0A2F13007092F01D8121D0CE02F
:106900002B2A04D02F2A04D03D2A04D013E03E22A3
:1069100003E03F2201E000226D1C761C42EA831353
:10692000042EDAD31A0C02701A0A42708370E41C27
:10693000C01C091D15B1641B15B103E0392CCBD364
:10694000002101702046F0BD10B58A880C891346DD
:10695000E31A9BB2921E4B80802B02D28418637084
:1069600011E0FF2B06D8521E812483185C704C88DE
:106970009C7008E0921E831882245C704C88240A64
:106980009C704C88DC700B7883548A8010BD00208A
:1069900070477047002070472DE9F04705460846CC
:1069A0006979072978D200EB0208040075D04FF00E
:1069B00000094CA100F0CCF8012806D04DA12046DA
:1069C00000F0C6F801286AD072E00E344EA12046CD
:1069D00002F074FA012809D054A1204602F06EFAA0
:1069E0000128264621D0A8F101073CE0687940F053
:1069F00001005CE052A102F061FA012815D13420B7
:106A0000FFF79CFC342206F10901686200F079FF6F
:106A10006A6A801E02F80090E880687940F0010000
:106A20006871688840F4007034E04146304600F0F8
:106A300053F90600DED13BE030783B2808D00D2822
:106A400036D00A2834D02F2806D02B2804D009E0CD
:106A5000707820282CD005E03CA1701C02F02EFAA2
:106A6000012803D0761CBE42E6D321E04020FFF788
:106A700065FC40222146686200F043FF6A6A801E7E
:106A800002F80090E880687940F001006871688839
:106A900040F4006068800BE021E01FE0FFE7103465
:106AA0002046FFF7BFF8A860687940F002006871DF
:106AB0004146204600F0FCF808B1044679E720780A
:106AC0000D280BD160780A2808D1687940F00400BD
:106AD0006871072802D1A01C404500D30020BDE802
:106AE000F0870000436F6E74656E742D5479706585
:106AF0003A200000436F6E74656E742D4C656E67AE
:106B000074683A20000000006170706C6963617401
:106B1000696F6E2F782D7777772D666F726D2D7573
:106B2000726C656E636F6465640000006D756C74F3
:106B300069706172742F666F726D2D64617461008B
:106B4000626F756E646172793D000000786D6C0053
:106B500010B5DF220BE004785C40144201D0002025
:106B600010BDFF222D2B00D1DF22401C491C0B78C9
:106B7000002BF0D1012010BD06220249001D01F0BA
:106B800037B9000000C0072070B5044600F12205A7
:106B9000204E04222049284601F02AF938BB04225D
:106BA000002104F11E0001F049F908B1002070BD78
:106BB00028780E21B1EB101F0ED10120207100208A
:106BC00060715E20A071687800F07F00E071A878A5
:106BD0002072E87860720FE0284601F0D5F830B9ED
:106BE00001212846FFF794FC0028E0D0061D06226C
:106BF0003146201D01F00CF90622084904F10A0073
:106C000001F006F9082020822046FEF769FF0120E6
:106C100070BD0000E2A30100E8A3010000C007204E
:106C200070B500282AD0A0F10806154C0025FEF703
:106C300052FF09E0254624682068800703D0FEF74C
:106C400045FF022010E064B1B442F3D10D48616801
:106C50000B4B0268511A01609C4209D10020606010
:106C600008E0FEF733FF0120BDE87040E9F746BABF
:106C700020682860BDE87040FEF728BF70BD0000A6
:106C8000D4230010C023001010B50346074C08465B
:106C900000224FEA036301464FEA4000594000D505
:106CA00060405B00521C082AF5D310BDB71DC1041B
:106CB0000246491E06E003780D2B02D143780A2BC9
:106CC00002D0401C8842F6D3904201D0884201D1C4
:106CD00000207047801C70470246491E07E0037879
:106CE0003B2B0CD00D2B08D00A2B06D0401C884221
:106CF000F5D3904201D0884205D1002070474378F7
:106D0000202BF6D0F2E7801C704701784278090604
:106D100041EA02418278C07841EA02210843704783
:106D200010B50246CB880C7800201344022C03D106
:106D30001A78120600D5401E0022498803E09C5CA8
:106D4000521C44EA00209142F9DC10BD012070473A
:106D50002DE9F041067907460D46102E23D2DFE8D3
:106D600006F008080A0C12121416181A1C220E1E1D
:106D7000200824A418E026A416E028A414E0FFF7B5
:106D800009FE040010D12CA40EE02EA40CE030A4C7
:106D90000AE033A408E035A406E037A404E03AA4EE
:106DA00002E041A400E046A44CA1284602F06EF89F
:106DB0008046284454A102F069F8804405EB08009D
:106DC000214602F063F800EB0804012E15D00C2ECA
:106DD00013D0F86948B128194FA102F057F80444BC
:106DE0002919F86902F096FD044428194EA102F011
:106DF0004DF8204480B2BDE8F081281950A102F07E
:106E000045F8F1E7746578742F68746D6C0D0A00AD
:106E1000746578742F6373730D0A00006170706C71
:106E200069636174696F6E2F782D6A61766173632F
:106E3000726970740D0A0000746578742F786D6C37
:106E40000D0A0000696D6167652F6769660D0A00AC
:106E5000696D6167652F6A7065670D0A0000000043
:106E6000696D6167652F626D700D0A00696D6167FC
:106E7000652F706E670D0A00696D6167652F782D4B
:106E800069636F6E0D0A00006170706C69636174F4
:106E9000696F6E2F782D73696C7665726C6967689F
:106EA000742D6170700D0A006170706C696361749B
:106EB000696F6E2F78616D6C2B786D6C0D0A000018
:106EC0006170706C69636174696F6E2F6F63746554
:106ED000742D73747265616D0D0A0000485454502E
:106EE0002F312E3120323030204F4B0D0A53657236
:106EF0007665723A204B65696C2D455745422F32B5
:106F00002E310D0A00000000436F6E74656E742D03
:106F1000547970653A2000004C6173742D4D6F6494
:106F200069666965643A2000436F6E6E65637469D3
:106F30006F6E3A20636C6F73650D0A0D0A000000D6
:106F400043616368652D436F6E74726F6C3A206E97
:106F50006F2D63616368650D0A0000002DE9F04143
:106F60004FF4987704460E46B94233D0A6F58070A8
:106F7000913831D0032831D027A1204601F086FF77
:106F8000054620442CA101F081FF0544BE4217D0E4
:106F900060192FA101F07AFF0544A6F580709138A1
:106FA0000ED1601931A101F071FF05446019384913
:106FB00001F06CFF0544601936A101F067FF05443C
:106FC000601935A101F062FF0544BE4208D1A8B2A4
:106FD000BDE8F08136A1D0E73CA1CEE742A1CCE7E5
:106FE0006019484901F052FFA6F580760544913EAC
:106FF0000DD0032E0DD04449601901F047FF054420
:107000006019424901F042FF284480B2E0E740495C
:10701000F2E74049F0E70000485454502F312E3138
:1070200020353031204E6F7420496D706C656D6570
:107030006E7465640D0A00005365727665723A20BD
:107040004B65696C2D455745422F322E310D0A0094
:10705000436F6E74656E742D747970653A20746533
:1070600078742F68746D6C0D0A0000005757572D07
:1070700041757468656E7469636174653A20426134
:10708000736963207265616C6D3D20220000000011
:10709000549A0100220D0A00436F6E6E6563746995
:1070A0006F6E3A20636C6F73650D0A0D0A00000065
:1070B000485454502F312E3120333034204E6F74C9
:1070C000204D6F6469666965640D0A004854545028
:1070D0002F312E312034303120556E617574686F38
:1070E00072697A65640D0A00485454502F312E316C
:1070F00020343034204E6F7420466F756E640D0A54
:1071000000000000F8A40100A5A4010033A50100BF
:10711000ECA301004AA40100704700207047000062
:1071200070B504460078202804D1002070BD641C8E
:107130002E2805D0207830F02001F8D10B2070BD2A
:107140000A4E002505EB450006EB4001204601F004
:10715000B5FE012803D06D1C102DF3D3EEE705EB2F
:10716000450006EB4000407970BD000082A301009D
:1071700000207047002070470020704770B5002540
:10718000044605704088400602D5E06AFFF7C4FF58
:107190006088000602D5A06AFFF7BEFF6088C005C0
:1071A00004D5002211460320E9F7A7F860880005FE
:1071B00004D5002211460420E9F79FF8206A10B197
:1071C000FFF72EFD2562606A10B1FFF729FD6562A9
:1071D000E5602561A582658070BD00002DE9F05F46
:1071E000044615461E4600208246884A884B17E012
:1071F00000EB400702EB071700F101007F78A74280
:107200000ED110F0FF0736D007EB470002EB001459
:10721000303C06292FD2DFE801F007161212181FA2
:107220001F78B842E4DB26E0207808B902202070FD
:1072300031462846FFF78AFD00281DD0E3E02046AE
:10724000FFF79CFFDFE003204CE0A18A206908449F
:107250002061A4F814A0D6E0052E0CD92078DFF820
:10726000B4914FF0090B05EB0608032806D0082857
:107270007ED009287DD00020BDE8F09F66A1284679
:1072800001F01CFE01280DD065A1284601F016FE74
:10729000012829D064A1284601F010FE012845D01C
:1072A0000A201FE06088324640F4806060802946F2
:1072B000204600F059F92078072814D020223F21D9
:1072C000A81D00F011FB08B180F800A0AD1D2846F4
:1072D000FFF726FF20712946204600F0A9F801207B
:1072E000E06065E020708EE032462946204600F0DE
:1072F0003BF92078072876D020223F21681D00F036
:10730000F3FA060008D089F80070701CC9F80480F0
:10731000FFF73FFB86F800A06D1D2846FFF700FF32
:1073200020712946204600F083F835E03246294690
:10733000204600F019F92078072864D084F805A0C9
:10734000324629462046FFF727FB06004FF0080A81
:107350000BD0608880050AD489F800703146204639
:10736000C9F8048000F048FA08B984F800A001E0E8
:1073700020E039E0A81DFFF7D3FE2071A91D2046AB
:1073800000F056F8207808283DD06088800503D5A5
:1073900084F800B03EB328E06088C00708D07820A9
:1073A000FEF7CCFF2062204601F042F9052099E764
:1073B000042097E7324629462046FFF7EDFA0600FB
:1073C00021D06088800502D584F800B00DE089F8EE
:1073D000007031462046C9F8048000F00DFA0028FC
:1073E0003FF44AAFD8E70EE02E4689F80070A8EBCC
:1073F0000601C9F80480A9F802103146204600F0C1
:107400004FF90028C8D1012036E7000004E2072028
:107410004F9A0100D8E1072048454144202F000041
:10742000474554202F000000504F5354202F000098
:107430002DE9F0410446087800270D46202801D1A7
:1074400041A501277820FEF779FFDFF8088106467D
:107450000020295C3154295C31B1202904D00D2948
:1074600002D0401C7728F4D3002131543046FFF776
:1074700081FE10B36188CA0704D12279012A0BD09A
:107480000C2A09D041F040016180E0624FF00040D9
:10749000E060C80704D04CE041F08101618036E033
:1074A0003046FFF765FE30B1E169814203D1618862
:1074B00041F010016180E0613BE0304601F0F1FCF9
:1074C00002460020414602E0934205D0401C51F89C
:1074D0003030002BF8D126E02BB36188CA0704D1E5
:1074E0002279012A0DD00C2A0BD008EBC000CB0763
:1074F0004268E262C2684068A2EB0000E06008D027
:1075000017E041F0010108EBC00061804068A06213
:107510000FE01148E26903689A4202D141F010017C
:1075200061800068C7E7012F08D0608840F0040040
:1075300060803046BDE8F041FFF772BB012007A52F
:107540002071002784E70000696E6465782E6874F6
:107550006D0000004CA70100BCA50100696E6465C8
:10756000782E6367690000002DE9F04706464088E1
:10757000072592460F46400500D50125354800787D
:1075800008B925F001054FF000080C464FF0070937
:10759000C6F81C8055E0E80705D02FA12046FFF76C
:1075A000D7FA012810D0A80705D531A12046FFF74A
:1075B000CFFA012825D068073DD532A12046FFF734
:1075C000C7FA012830D036E0153425F001052146F0
:1075D0002046FFF77DF93049204601F06FFC012875
:1075E0000CD12D48FEF708FB044420783A2805D139
:1075F000601C04462949FEF707FBE0B186F80090BD
:1076000019E0113425F0020500203218215C917533
:10761000215C2C2904D00D2902D0401C0528F4D36C
:10762000304480F8168006E0133425F00405204627
:1076300000F076F9F06107EB0A012046FFF738FB0E
:1076400004460CB1002DA6D1E80701D086F80090C1
:10765000BDE8F087509A0100417574686F72697ACD
:107660006174696F6E3A20426173696320000000A3
:107670004163636570742D4C616E67756167653A2F
:107680002000000049662D4D6F6469666965642DB0
:1076900053696E63653A2000689A0100F0E10720A3
:1076A0002DE9F04105464079494E0C46C00652D4BA
:1076B0007088E988884279D9421A2146686A01F0BF
:1076C0000DFA002870D0E988001D0C187ED041A169
:1076D0002046FFF73DFA01280FD1153427460AE06E
:1076E00042A1384601F0EAFB01280DD03846716806
:1076F000FFF7F2FA0746002FF2D120467168FFF734
:10770000D7FAD0B10446E2E70A370A2222213846E6
:1077100000F0EAF80028F0D000210170C01B82B20E
:1077200039460120E8F7E9FD688840F480706880F8
:10773000687940F020006871DFE720780D2845D196
:1077400060780A2842D16879A41C40F01000687162
:107750007068A0423AD96979C1F30110032835D184
:107760007088AA684906A2EB0001A9600FD4E988D5
:1077700088421CD9421A2146686A01F0AFF9B0B1BB
:10778000801E001B82B221460220E8F7B6FDA868E1
:1077900004281BD2002211460320E8F7AEFD6888BA
:1077A00020F4807068800120BDE8F0810EE0EA8856
:1077B000A968706802F108039942E2D2511A401A8E
:1077C0006979083841F040016971DAE70020EBE798
:1077D000D8E10720436F6E74656E742D4469737031
:1077E0006F736974696F6E3A2000000066696C659A
:1077F0006E616D653D2200002DE9F041384D044673
:107800000F4668684FF00006A0EB010082B26A8064
:107810006188607909051CD5010706D4A1689142E9
:107820000ED940F008006071266120691044206183
:10783000A168884204D239460520E8F75EFD40E0A1
:1078400039460420E8F759FD608820F40060608024
:1078500043E000071FD4A068904204D839460020B6
:10786000E8F74BFD3AE01F4980B2E0800A68B0EBD0
:10787000920F01D99008E08080B2FEF75FFD606250
:107880006A88394600F0C4FA68882061607940F05F
:107890000800607115E0E088216981420AD2401A2F
:1078A000824200D21046626A531802463946184690
:1078B00000F0AEFA6988206908442061A168884216
:1078C00002D20020BDE8F081E2880020616AE8F77A
:1078D00014FD606AFFF7A4F9666226610120F1E7F2
:1078E000D8E10720349A010005E0934207D00D2B20
:1078F00005D023B1401C03788B42F6D1704700209D
:10790000704710B5002307E00C783CB15B1C047095
:107910000A2C03D0401C491C9342F5D398B210BDE9
:107920002DE9F04704460C30FEF77CF9A0F2B27561
:10793000872D29D840F26D106843691CDFF88480D8
:1079400000EB9107002604F1080900BF08EB86014F
:10795000484601F0B3FA012802D0761C0C2EF5D36C
:107960000C2E11D017484C30012E30F81600074469
:1079700004D9A807B0F1004000D17F1C601DFEF7BC
:1079800051F9401E1E2802D90020BDE8F0873D189D
:1079900004F11100FEF746F905EB450100EBC105C6
:1079A00004F11400FEF73EF9C5EB051100EB81056B
:1079B00004F11700FEF736F9C5EB051100EB810065
:1079C000E3E700001EA30100002800DAC0434000E6
:1079D00001F096BF10B5FEF77EF800F06DF807488D
:1079E00000213C22818006490988C180054906485A
:1079F00000F00EFABDE81040E8F781BBC423001088
:107A0000389A0100F4990100BC29082030B5002102
:107A100006480B460124064A03E0037044700E300A
:107A2000491C1588A942F8DB30BD0000D463001062
:107A30003A9A010010B5FEF74EF8FDF74FFFFFF739
:107A4000E5FF0448002101604160BDE81040FEF7F9
:107A50003DB80000E4E107202DE9F0410126114C7A
:107A60000025114F19E0E5602561A5826580104869
:107A70002562656202880D4B0021052001F0A2FA03
:107A800060700121217030B10A49098801F0DEFAE5
:107A9000012800D125703034761C38788642E2DD2A
:107AA000BDE8F08104E207204F9A0100DD7101007A
:107AB0004C9A0100529A010006490548096842188B
:107AC000121F00210260116041600348016070478D
:107AD000D4230010349A0100C023001070B5104C5C
:107AE0001048002565700178C90701D00121617037
:107AF00000780D494008A0700948093001F0C6F926
:107B000020720A4A0321002001F012FE207018B1F1
:107B10000749098801F030FE0648056070BD000085
:107B200054710010709A010006C00720718B01008B
:107B30006E9A0100E0E10720034802782C204243BE
:107B40000021024800F072B9419A01009C640010C3
:107B50000448007800EB400082000021024800F059
:107B600065B90000409A010060640010F8B5044651
:107B70000F46808AFEF775F9054621880E3081424E
:107B800045D3A07C0421B1EB101F40D1264907EB5F
:107B9000870001EB800104F122000422064600F078
:107BA00027F958BB04222149304600F021F928BBAF
:107BB0006FBB31780E223046B2EB111F04D1E8F7CB
:107BC000C1FA012815D00EE004223146684600F0C3
:107BD0001FF915480099026880684A40024202D1A4
:107BE0000843401C05D02046FEF7C6FF78B1E07E72
:107BF00002E0E07E022801D0112808D104F1120031
:107C000000F016F818B9208B30F0C00001D0002029
:107C1000F8BDA07C0007800E00F10E016180281ADB
:107C200020800120F8BD0000BC290820E8A3010045
:107C300001780907890EFEF7F0B800002DE9F04140
:107C4000214C8046214F2078C0070AD02049404669
:107C500000F088F840BB0422FF21404600F0EEF817
:107C600010BB1B4D20781435800704D529464046AB
:107C700000F078F800BB164E20782836400704D56F
:107C80003146404600F06EF8D0B92078800702D522
:107C90002078000710D42078400702D52078C0064D
:107CA0000ED42078C00704D0002038700848BDE802
:107CB000F0812078800703D5012038702846F6E748
:107CC000022038703046F2E7309A0100ECE10720DC
:107CD000BC2908202DE9F0410446DDF818800F4644
:107CE0001646012A08D0022E06D0062E04D0112EE8
:107CF00002D00020BDE8F081194D45216888401C64
:107D000068802088A174143080B2E374FEF7A9F86B
:107D1000A0826888FEF7A5F8E0820020208384F81E
:107D20001A80E676A0833846FFF788FF01460422D2
:107D300004F11E0000F06CF80422394604F1220020
:107D400000F066F804F11200FFF772FFA0832088AC
:107D50002230208029782046BDE8F041E8F7EDB9CF
:107D6000ECE1072018B50C4601460422684600F0F5
:107D70004FF8206800994840A168084201D00020CF
:107D800018BD012018BD000038B504460146042284
:107D9000684600F03DF80648826800980243521C8D
:107DA00001D0002038BD02492046FFF7DBFF38BD77
:107DB000BC2908200C4800218278012A04D00170D7
:107DC00080F80110E8F7AAB9817081880122491C66
:107DD0008BB28380C1888B4204D1044B1B88194429
:107DE000C18042700270EDE7C4230010389A010090
:107DF00010B508E003780C78A34201D0002010BD34
:107E0000401C491C521E002AF4D1012010BD000064
:107E100030B5134606E000BF054611F8014B401C83
:107E20002C705B1E002BF7D1104630BD03E000BF65
:107E300000F8011B521E002AFAD170473AB10378AC
:107E40008B4201D000207047401C521EF6E70120F3
:107E5000704700002DE9F04781460D461A4C002678
:107E60001A4FDFF86C8029E06A886078824223D854
:107E7000E988A01C4944FFF7BBFFE8B198F803006C
:107E80006178A128688802D0884215D30DE0884225
:107E900004D13968761C8E4213D01834617881423F
:107EA00003D9081AA9890844A881A889E17B084454
:107EB000A8813046BDE8F0871834761C38688642C1
:107EC000D2DB4FF0FF30F5E70404001008A10100F9
:107ED0005471001070B51E4B02EB420203EBC2045A
:107EE0000A78412A0BD006DC022A08D0042A1DD0C9
:107EF000402A2AD116E0422A01D0432A25D1FEF792
:107F00000FFFE17B012904D0022905D004291CD1EF
:107F100005E02169087016E02169088013E02169F5
:107F2000086010E04A88042A07D00EE04A88E37B04
:107F30009A420AD825690023AB544A88C98801446B
:107F40002069FFF765FF012070BD002070BD0000B3
:107F50000404001070B50A898A8002EB000302F164
:107F600002001D7886B20D70CE80587802060FD5BB
:107F700000F07F04042C1FDC3019C880002002466A
:107F800004E006029818521C80783043A242F8DBC5
:107F9000CB884C891A18A2420EDC48800B81302D08
:107FA00006D0A02D04D0A12D02D0A32D00D00A818F
:107FB000487818B1A84201D0002070BD012070BDE2
:107FC0007047000070B501882A2941D3418A4FF4D7
:107FD000807399423CD1818A082939D1817D062953
:107FE00036D1C17D042933D1028B00F11204B2F5E0
:107FF000806F2DD00ADC4FF4007500F12A009A4200
:1080000017D0AA4224D10422124909E024304FF4A7
:108010001065B2F5006F0FD0AA4219D106220E49A1
:10802000FFF7E6FE002813D02046BDE87040FEF7BB
:1080300077BB0422074901E006220749FFF7D8FE73
:10804000002805D029462046BDE87040FEF79CBBBD
:1080500070BD0000BC29082000C0072070472DE932
:10806000F84304464188001D0E18258830462946ED
:10807000FDF7D3FE28B9307848B3082801D17078CD
:1080800010B10020BDE8F88305F12200FEF756F993
:1080900000F12607002139707970018580462A1F7A
:1080A000311D381DFFF7B4FE29463846FDF7B5FEF1
:1080B0007880A8F8005080230093404600230122D6
:1080C00004F11E01FFF706FE4046FEF7A9FD012060
:1080D000D8E700002DE9F05F428800F1040B02EBC5
:1080E0000B050646287B6FF0030101EA9000142877
:1080F0007ED3318881427BD30244081A1FFA80F86C
:10810000728006F11201284600F0DEFF5FEA000AE5
:1081100006F11E076DD000220421381DFDF788FEF0
:10812000024604213846FDF783FE0146F07EFDF746
:1081300093FE01463088FDF78FFE024631882846BF
:10814000FDF776FEC0430004000C51D10AEB4A0152
:1081500001EBCA00F9494FF0100901EB800414F853
:108160002C0D0B2879D2DFE800F04444C4F9F7F66F
:10817000F5F4F3F20600687B410704D5A07840F0DF
:108180000800A070CEE1810713D5C00630D5281DA8
:10819000FEF7BBFDA169401C884229D105F108000A
:1081A000FEF7B3FD6169884222D100BF84F82290B6
:1081B000B0E1D4E9041291423FD0C00618D505F1D0
:1081C00008000746FEF7A1FD01466069814215D10E
:1081D00020610021204601F059FAA078221D40F0CC
:1081E0000800A070A76A238904215046B84701E01F
:1081F0007DE0CCE0A07820F008001DE0A0784007EA
:108200001BD53846FEF781FD01466069001F81429B
:1082100013D12061676A042238883918363107F192
:108220003A00FFF7F5FD3A21384600F051FA0420F4
:108230003880A07820F00400A070281DFEF765FDAE
:10824000A16988420AD0281DFEF75FFDA169401C84
:108250008842ABD1A08BE083A8E76AE1A178B8F1AE
:10826000000F41F00800A0700DD0E08958B171886E
:10827000A66A01EB0B02434605215046B047A169AF
:1082800001EB0800A061687BC00717D0D4E90401A6
:10829000884213D1221DA56A238902215046A8478E
:1082A000A069401CA0616069401C6061112084F8D5
:1082B0002200504601F01EF908211BE1A178B8F117
:1082C000000F21F00800A0700FD084F82290607891
:1082D000000707D5E089404502D9A0EB080000E07F
:1082E0000020E081504601F005F9A08BE083BDE855
:1082F000F09F687B410701D50221FBE0C10601D454
:10830000800704D43946284601F080F9F4E7221D9D
:10831000A66A238900215046B047C0B3294650467B
:1083200001F02EF800F088FE2061401C6061281DDD
:10833000FEF7EBFC401CA061122084F8220050469E
:1083400001F0D8F8A07820F00100A07053E0E6E03A
:10835000BDE0A3E08FE062E036E0FFE7687B410725
:108360007AD4C10714D005F10800FEF7CEFC61698C
:108370008842BCD1281DFEF7C8FC401CA061606982
:10838000206184F82290504601F0B4F811E040E0FA
:10839000C10616D505F10800FEF7B7FC61698842F1
:1083A000A5D1281DFEF7B1FCA16988429FD1606963
:1083B0002061221DA56A238901215046A8470A2170
:1083C00098E0800793D424E0687B410744D41226C8
:1083D00036EA000111D080071BD52946504600F02F
:1083E000CFFF281DFEF791FC401CA06184F822609D
:1083F000504601F07FF803217CE005F10800FEF70C
:1084000084FC61698842B4D12946504600F0B8FF27
:10841000B0E739462846BDE8F05F01F0F7B8687B61
:1084200041077FD4C10718D005F108000646FEF7C2
:108430006CFC6169884205D03046FEF766FC216914
:10844000884296D1281DFEF760FC404400F10100EF
:10845000A061606920611AE064E0C0067FF547AF63
:1084600005F10800FEF751FC01466069814297D191
:10847000062120613EE0687B410753D4C0073FF4EA
:1084800036AF281DFEF741FC4044401CA06184F833
:108490002290504601F02EF809212BE0687B41071D
:1084A00040D4C10609D505F10800FEF72EFC0146AF
:1084B00060698142A7D12061EEE7C007DFD0281DA7
:1084C000FEF723FC404400F10100A0616EE6687BEA
:1084D000410727D4C10612D505F10800FEF715FCA7
:1084E0000146606981428ED1206160780221C00717
:1084F00000D101212046BDE8F05F01F0D1B8C007EE
:10850000BDD0281DFEF701FC4044401CA061112095
:1085100084F822005046BDE8F05F00F0EBBF687BB6
:108520004107CAD5221DA56A238903215046A847C1
:10853000DBE7BDE8F05F0520E7F7E0BD9C640010D5
:108540002DE9F84305464188001D0C18A088FDF769
:1085500088FC082848D30127284EDFF8A48047E08C
:108560003078022842D16088FDF77BFC7188884210
:108570003CD117F0FF0737D0717905F11E09890743
:1085800024D5E08810B30022042105F12200FDF774
:108590004FFC024604214846FDF74AFC0146E87EAE
:1085A000FDF75AFC8046A088FDF75BFC4146FDF7CD
:1085B00053FC8046A088FDF754FC01464246204605
:1085C000FDF736FCC0430004000C0DD12088FDF7F8
:1085D00048FC024628884946083883B20093B568AB
:1085E00004F108033846A847BDE8F8830C367F1C21
:1085F00098F800008742B3DDF6E7000060640010E1
:10860000409A0100084A30B4D2E90034591C01F004
:108610001F01A14205D0054C44F82300116030BC75
:10862000704730BCFEF7FCBAE4E10720707100101F
:1086300070B5044640882E260025000623D57822F2
:10864000216AA06AFEF769FD0028206A0ED0007832
:108650002328F4D020790C2814D1206AFDF7CCFA15
:10866000216A421E8A5C0A2A04D00AE00670206A47
:108670004570EFE70246921E401E8A5C0D2A00D12B
:10868000401E0D5470BDA06A226A0178012905D0F0
:10869000022905D0032905D0167070BD742102E0AF
:1086A000632100E069211170236A20220221401C0D
:1086B0005A700278042A06D3236A4E1C401C5A546E
:1086C0003146772EF5D3226A5554A06270BD000062
:1086D00070B50180A0F108040F31606821F0030536
:1086E000A8420CD9FDF7F7F96068411B04480268FD
:1086F000511A01606560BDE87040FDF7E7B970BDD3
:10870000C023001070B5FFF75BFC274800780128F4
:1087100001D1FDF789FF2549D1E90020824241D0EE
:10872000234A52F82040401C00F01F004860208A75
:10873000082806D0B0F5C16F2FD12046FFF742FCC4
:108740002BE000212046FFF711FA10B304F11E00C0
:10875000042200210546FFF771FB28B9012204F12C
:108760000A012846FDF73CFEE07E012806D00228DB
:1087700008D006280ED011280FD107E02046FFF7B9
:108780006EFC0AE02046FFF769FC06E02046E7F7AA
:10879000D0FC02E02046E7F7CEFC2046BDE8704062
:1087A000FEF73EBA70BD0000C5230010E4E10720CB
:1087B000707100102DE9F05F002505274FF0010BC7
:1087C000A946DFF8D882B64E3DE198F8001032781D
:1087D0004046914202D9594680F800B0C9B2B1482A
:1087E00001EB410100EB011414F8300D0B2811D2FC
:1087F000DFE800F0061006101180FEFD1010FC00EE
:10880000607800F003FC0228F1D2A749607809885B
:1088100000F01CFC11E16088410702D54FF4CA75D5
:1088200028E1C10602D54FF4987523E1A18A0029F9
:10883000F0D1D4E903128A4216D3C1070DD0410604
:1088400005D520F040006080E06AFEF765FC204618
:10885000FFF7EEFE2770BDE8F09F607800F068FB40
:108860002046FEF78BFCD2E0607800F07DFC0546E8
:1088700000F0A0FB82466088002681070AD440F001
:108880000200608051462046FEF762FA0646608884
:1088900040057ED461880AEB0600A5EB0605490673
:1088A00015D5E36A0146AAB21846FEF765FC0746ED
:1088B000A8420AD2E06AFEF72FFC608820F0400050
:1088C0006080C4F80CB0C4F82C90B8B20AE0D4E9C7
:1088D0000321521AAA4200D92A46E36A1944FFF733
:1088E00097FA80B2A082304482B26078514600F09C
:1088F0007FFD8CE0206A0078632815D004DC2328F3
:1089000077D02E2804D1A8E7692873D074280BD01B
:10891000607800F0E1FA2046FEF730FC98F800009D
:10892000401C88F8000096E7607800F01DFC0646C1
:1089300000F040FB074660880025810717D440F00F
:108940000200608039462046FEF702FA05460EE036
:10895000701B216A82B2891C7819FEF7D2FF054488
:1089600005F17800B0424AD82046FFF761FE206A40
:1089700000787428ECD0632837D1DFF820A104F107
:10898000080B0AF1040A6088000701D4C4F80890B3
:1089900000E079E098F800108AF80010701B82B2AD
:1089A000206A7919801C5B46FDF7F1FFC0F30D01C9
:1089B0000D440104618802D541F0080101E021F075
:1089C0000801618040041AD405F1F000B04216D8C5
:1089D0000807E3D42046FFF72BFE206A00786328BF
:1089E000D1D0206A00787428B2D004E040E03CE0A6
:1089F00021E01CE011E0608840F020006080AAB215
:108A0000A2826078394600F0F3FC0620207098F8C6
:108A10000010491C88F800101DE7216A2046891CB7
:108A2000FEF706FD0420C4F81090207013E72046DE
:108A3000FFF7FEFD5EE7A08A50B198F80010491CD0
:108A400088F800106D1C30788542FFF4BEAE02E756
:108A50002770608810F0280F02D12046FFF7E8FD4C
:108A6000608820F020006080F5E640F2911501E07A
:108A700040F2F515607800F077FB00F09BFA824633
:108A80002946FEF76BFA06466078B2B2514600F00E
:108A9000AFFC607800F04CFA3DE70000D4E107201D
:108AA0004F9A010004E20720529A0100084800781A
:108AB00001280BD10748084A817813680B441360DA
:108AC0004278D20702D081F0010181707047000026
:108AD000C423001054710010E0E1072070B50600B7
:108AE0000C4615461CD019E060782D2814D120784A
:108AF0002D2803D0A0782D2808D00DE03146A01CE9
:108B000000F0DCF9012807D1204670BD3146E01C99
:108B100000F0D4F9012805D0A41CAD1E012DE3D826
:108B2000002070BD601C70BD0A0E02700A0C4270FD
:108B30000A0A8270C170704770B5054608780E4603
:108B40000228144610460FD000F0DAFEF1880246E3
:108B500004202944904202DC230E01F8013B240248
:108B6000401EF7D1104670BDFEF72EFFEEE7000065
:108B70002DE9FF4FC34D8FB098462A781C99824249
:108B800044D1172942D30027ADF80C70ADF80E1070
:108B90004FF0300AADF810708DF805A001A9184605
:108BA000FFF7D8F990B302268DF8056001A9404679
:108BB000FFF7D0F950B301A94046FEF7B1F828BB42
:108BC00004208DF8050001A94046FFF7C3F9E8B17C
:108BD000BDF80620287A824218D1BDF80A1001EBB0
:108BE000080005F10901FFF703F978B18DF8057068
:108BF00001A94046FFF7AEF940B19DF80400E870C6
:108C0000A02807D0A12805D0A32803D0002013B0A6
:108C1000BDE8F08FBDF8080001A960F31F4481464C
:108C200002208DF805004046FFF794F90028EDD0AA
:108C300001A94046FEF774F8686001A94046FFF7B5
:108C400089F90028E2D001A94046FEF769F800281A
:108C5000DCD1BDF80AB001A94046FFF77BF9002836
:108C6000D4D001A94046FEF75BF80028CED1BDF86C
:108C70000A608DF805A001A94046FFF76BF90028AE
:108C8000C4D0002060F3070460F30F243DE000BF70
:108C9000C4F30720401CC0B260F30F2400901428D6
:108CA00048D88DF805A001A94046FFF753F90028E0
:108CB000ACD006208DF8050001A94046FFF74AF91F
:108CC0000028A3D001A94046FFF7C4F8071E01DA27
:108CD00002206FE0009805A901EB400001A920F8EF
:108CE000027C00208DF805004046FFF733F900288C
:108CF0008CD0E878A3283BD0634807EB470100EB12
:108D0000C100416909B100208847BDF80C00BDF8D9
:108D10000E108842BCD35B48C078A3280DD0BDF8A4
:108D2000100089B20844801D80B2ADF81000B0F583
:108D3000B86F42D9012060F30704002060F30F24CC
:108D4000BDF80E0000F0ECFC0746BDF80E204146D1
:108D5000FFF75EF8A22007F8090007F80B40C4F3FC
:108D60000720B855BDF80E30009328783B4682E0C6
:108D7000454907EB4700009011F830009DF80420AA
:108D800000F07F039A4201D0032013E0000601D5D2
:108D900004200FE03A4601A94046FFF79BF840B196
:108DA0003948009900EBC10041690029ADD001208C
:108DB000AAE7052060F30704C2E700F0B1FC05460E
:108DC00006F109001FFA80FBADF80CB00027C4F3D0
:108DD000072407E005A801A930F817202846FDF769
:108DE00037FA7F1CBC42F5DC57468DF804A0ADF87D
:108DF00008B001A92846FDF7A7FD224C6068FEF7E0
:108E0000E3FD00F10802BDF80800B31A801A80B231
:108E1000ADF8080003EB0801491C2844FEF7F8FFF1
:108E2000A2208DF8040001A92846FDF78DFD227AC5
:108E3000BDF80800521D801A80B2ADF80800A9EBF9
:108E4000020303EB08012844FEF7E2FF8DF80470EB
:108E500001A92846FDF778FDBDF80C10BDF8080003
:108E60000E1A20B1411932462846FEF7D1FFB3B29F
:108E7000009320782B46DDE9101200F0BBFC0120A6
:108E8000C5E60000547100100404001000220B78A5
:108E900003700B781BB1401C491C521CF7E71046AD
:108EA000704710B50446002004E001461046FDF767
:108EB000EBFE641C2278002AF7D110BD06E003788F
:108EC000934201D000207047401C491C0A78002AB8
:108ED000F5D101207047000010B510B31249097890
:108EE00088421ED800EB4001104A01EBC00102EBA2
:108EF000810414F82C1D0B2913D2DFE801F0120AAB
:108F0000060C0C0C0C0C0C060C000121204600F089
:108F1000C7FB012010BD042184F8221000F0EAFAFA
:108F2000F3E7002010BD0000419A01009C6400108E
:108F300010B578B31D490978884234D800EB400158
:108F40001B4A01EBC00102EB8104112114F82C2D06
:108F5000921E092A27D2DFE802F01105111B1B1B04
:108F60001B1B130084F822102169491C21616169CF
:108F7000491C13E0204600F093FB09E00121F9E7CA
:108F8000D4E904239A4206D0A07840F00100A070F2
:108F9000012010BD07E084F82210591C616100F027
:108FA000A9FA0521E6E70020F3E70000419A010055
:108FB0009C64001010B53630FDF7C0F936214180B1
:108FC0003A3010BD2DE9F0410F2804D81BB101251E
:108FD0000C4C0D4E06E00020BDE8F081277847B12B
:108FE0002C346D1C3778BD42F8DD0420E7F786F895
:108FF000F1E7012626706070E170A362A283E8B2F7
:10900000EAE700009C640010419A010018B1084989
:109010000978884201D9FF20704700EB400101EB3D
:10902000C000044901EB800010F82C0C70470000D0
:10903000419A01009C64001003484FF6FF710088BC
:1090400001EB004070470000C823001010B5C0B10C
:109050001B4A1278904214D899B100EB400202EBFF
:10906000C000184A02EB80002C384278D20708D0A2
:10907000826A32B10278012A05D0022A03D0092A75
:1090800001D0002010BD02220270002282700281F5
:10909000418140F2B451818141F21C11C181511EC4
:1090A000C0E90421826180F8222080F823204262F6
:1090B00004220021001DFEF7B9FE012010BD0000B2
:1090C000419A01009C6400102DE9F04105460127FA
:1090D000234C01F10C08234E17E02078022812D00F
:1090E0002888FCF7BEFE218988420CD16888FCF7ED
:1090F000B8FE6189884206D104224146201DFEF750
:1091000077FE012809D02C347F1C30788742E4DDBB
:10911000687B10F0150F20D102E0F8B2BDE8F081B5
:1091200080071AD501270E4C14E0207802280FD1B1
:109130006888FCF796FE6189884209D1042241467D
:10914000201DFEF765FE2888FCF78BFE2081E4E7F2
:109150002C347F1C30788742E7DD0020DEE70000FA
:109160009C640010419A010000EB400101EBC0003B
:10917000054901EB800040F2B45130F8200C8842E0
:1091800000D9084680B270479C6400102DE9F04772
:109190007448754B007898B1754A0021734814786B
:1091A0000BE0028C0AB1521E0284012C03D1C28B47
:1091B0000AB1521EC2832C30491C1A789142F0DB4E
:1091C00000264FF011084FF0020A6A4F6A4D994687
:1091D000A8E0297899F80000814201D9012028707F
:1091E0002878624900EB400202EBC00001EB8004EA
:1091F00014F82C0D0B2877D2DFE800F090909059EE
:1092000059778677776C0600D4E90420A178A0EB23
:109210000200C90700D038B1E18B91B100287DD0A0
:10922000208C00287AD120E0A07820F00100A070E6
:1092300084F822806069401C6061287800F05AF947
:1092400011E084F822806069401C6061287800F099
:1092500051F9A078221D40F00800A070A66A238969
:1092600002212878B047052175E094F82300A8B1C1
:1092700004F11C04401EE0714FF01800A071A168B9
:109280004FF0000328780A88164600F045F9A068D8
:1092900006803888A080208860805FE0002120461A
:1092A00000F0F4F9A07840F00800A07042E0208CB3
:1092B000D0B994F82300E0B3401E84F82300287846
:1092C00000F018F921783888032901D02B4800884C
:1092D000208443E0208C38B960785146C00700D123
:1092E0000121204600F0DCF918E0208CB0B994F898
:1092F0002300F0B1401E84F8230084F822802878EF
:1093000000F0F8F83888E3E7208C38B994F82300A7
:1093100078B1401E84F82300388820842878401CC7
:109320002870761C99F800108E42FFF452AFBDE809
:10933000F087FFE7042084F82200287800F0DAF8AC
:10934000221DA66A238903212878B04760785146F8
:10935000C00700D10121204600F0A2F92878401C66
:109360002870E4E7C4230010419A01009C640010B7
:10937000C5230010449A0100BC230010489A010044
:10938000F0B50A7B6FF0030303EA9204143C2BD080
:109390001431002240F2B45324E08D5C002D23D020
:1093A000012D02D0022D18D101E0521C1AE08E18B6
:1093B0007578042D11D100EB40050C4F05EBC0056D
:1093C000768807EB85052C3D76BA9E4200D91E466D
:1093D000AE81AE7846F00206AE708D186D78002D25
:1093E00002D02A44A242D8D3F0BD00009C640010F1
:1093F0002DE9F047A1F13A06074670881546362850
:1094000002D00020BDE8F087F7B3364800788742E5
:109410004CD807EB4700344900EBC70001EB800450
:1094200014F82C0D0A2841D1D4E9041081423DD111
:1094300055B3A189A94200D20D462844606105F1C7
:1094400036013046FFF744F93146204600F01EF958
:1094500060784FF0180A40072CD5042D2AD9A0783F
:1094600040F00400A0703A20FCF768FF80467119B4
:10947000363104223A30FEF7CBFC102084F822006B
:109480000023281F82B200E010E0914631463846A2
:1094900000F042F884F822A04B46042241463846A8
:1094A00000F03AF84046FDF7BBFB0FE03046FDF711
:1094B000B7FBA6E7A078002320F00400A07084F892
:1094C00022A02A463146384600F026F80748358063
:1094D000008820840648007884F82300A08BE0836D
:1094E00001208FE7419A01009C640010449A01001A
:1094F000429A010070B505463A20FCF71FFF04466A
:10950000002301461A46284600F006F82046BDE82A
:109510007040FDF785BB00002DE9F8430D46174666
:10952000984678B137490978491C88420AD800EB37
:10953000400101EBC000344901EB80042C3CA089C0
:10954000B84202D20020BDE8F88305F12606608902
:10955000FCF787FC30802089FCF783FC7080216950
:10956000301D4144FFF7E0FA06F10800A169FFF75A
:10957000DBFA5020307394F822007073E089FCF716
:1095800070FCF081002030827082A07881070ED5B7
:1095900020F00200A07040F20240688705F13A070F
:1095A000A089FCF75EFC7880602030730427201DC2
:1095B000FEF744FB00220421FCF73AFC024604219A
:1095C000201DFCF735FC01460620FCF745FC014652
:1095D0001437B8B28046FCF73FFC024639463046A5
:1095E000FCF726FCC04380B2FCF73BFC3082A5F8B8
:1095F000008080230093E3780622211D2846FEF791
:1096000069FBA0E7419A01009C64001070B51D4EF3
:1096100005461D4B3278407B02EB420404EBC2024C
:1096200003EB820440072CD40422201DFEF7F0FB3C
:109630002888FCF716FC20816888FCF712FC608102
:109640000020E070697BC9060BD505F10800FDF725
:109650005CFB2061042084F82200281DFDF755FBE7
:1096600007E02061142084F82200281DFDF74DFB3F
:10967000401CA0613078BDE87040401CC0B2FFF7CC
:1096800039BF70BD419A01009C64001070B504465A
:10969000406A0D4608B1FDF7C3FA656270BD00006F
:1096A00070B504460170164D00200B291BD2DFE86F
:1096B00001F01C1C1C200C15151515061200114973
:1096C0000988218484F823000DE00F490F4A098896
:1096D0002184117805E0A08BE0830AE02A8801212B
:1096E000228484F82310E08370BD00212046FFF718
:1096F000CDFF074928882084087884F8230070BDAE
:10970000449A0100469A01004A9A01004E9A0100CB
:10971000429A01000149012088707047C42300105B
:1097200010B52A30FCF70AFE2A2141802E3010BDE8
:1097300070B51AB101240E4B0E4D05E0002070BD2E
:109740001E7846B10C33641C2E78B442F8DD032039
:10975000E6F7D4FCF2E701251D705D7001F003010E
:109760005971187100205880E0B29A6070BD0000F5
:1097700060640010409A0100F0B518B11A4A1378DD
:10978000984201D90020F0BD184B00EB400003EBDC
:1097900080040C3C19BB164800254FF4806C4FF434
:1097A0007C4E0188491C89B20180614501D2A0F834
:1097B00000C000210D4B068807E05F88B74202D148
:1097C0001F78012F04D80C33491C1778B942F4DBF9
:1097D0001378994202D06D1C7545E2DBB1B261800D
:1097E000022020700120F0BD409A0100606400104A
:1097F000D0E107202DE9F843A3F12E040546608847
:10980000089F894690462A2802D00020BDE8F883A8
:10981000002D52D03848007885424ED804220021CD
:109820004846FEF70BFBF0BBB8F1000F45D04FF4F4
:10983000B860874200D90746304905EB450001EB87
:10984000800616F80C0D022837D1708858B304F141
:109850002605FCF706FB28804046FCF702FB6880E3
:1098600007F108081FFA88F00746FCF7FAFAA88003
:109870000020E8807079C00728D04846FEF7DEF95E
:1098800000220421FCF7D4FA024604214846FCF7E2
:10989000CFFA01461120FCF7DFFA01463846FCF703
:1098A000DBFA024600E008E041462846FCF7C0FA31
:1098B000C0430004000C04D005E02046FDF7B0F9D9
:1098C000A3E74FF6FF70FCF7CCFAE880278099F801
:1098D000000080230E21B1EB101F00D1737800939C
:1098E0003379112249462046FEF7F4F90546204611
:1098F000FDF796F9284689E7409A01006064001058
:1099000040F001010420820501E00902401E91425D
:10991000FBD370472DE9FC473C23B0FBF3F28A46AA
:10992000B2FBF3F103FB120903FB11281822B1FB70
:10993000F2F002FB1015C11C0722B1FBF2F302FB8F
:10994000131640F2B551B0FBF1F301FB13019A007D
:1099500000241D4801E0C91A641C30F814308B4201
:10996000F9D9194F13190C2017F1520707EB4002D0
:10997000022832F8022C02D9022C00D1521C91424A
:1099800001D2401EF2E7891A0F4A03F2B273921D08
:1099900002EB8002121F0C48CDE90023491C36302F
:1099A00000EB86020B4609A15046FCF75FFA04461D
:1099B000504443462A4609A1CDF80090FCF756FAD8
:1099C0002044BDE8FC87000018A3010025732C206B
:1099D0002530326420257320256400002025303294
:1099E000643A253032643A2530326420474D540DB4
:1099F0000A000000C0A8016CC0A801FEFFFFFF0024
:109A0000C2190281C2190282000000000000000099
:109A10000000000000000000000000000000000046
:109A20000000000000000000000000000000000036
:109A3000390000000040000064000A0096000402A3
:109A40000507050090011400C80064000500070622
:109A500000005000456D62656464656420574542AE
:109A6000205365727665720061646D696E00A100B5
:109A700002000000000000000000007F3E1C080003
:109A800000080C0E0C0800000000000000000000A0
:109A900000000000000000000000000000000000C6
:109AA00000000000000000000000000000000000B6
:109AB00000000000000000000000000000000000A6
:109AC0000000000000000000000000000000000096
:109AD0000000000000000000000000000000000086
:109AE0000000000000000000000000000000000076
:109AF0000000000000000000000000000000000066
:109B00000000000000000000000000000000000055
:109B10000000000000000000000000000000000045
:109B20000000000000000000000000000000000035
:109B3000000000000000000000000000005F0000C6
:109B400000000000000000143E143E1400242A7F90
:109B50002A1200231308646200364955225000007F
:109B60000000060000003E410000000000413E00F1
:109B70000014083E08140008083E08080000503091
:109B800000000008080808080000006060000040AD
:109B900020100804003E5149453E0000427F40002D
:109BA000004261514946002141454B3100181412D1
:109BB0007F10002745454539003C4A49493000019E
:109BC0007109050300364949493600064949291EED
:109BD0000000363600000000563600000000081471
:109BE00022000014141414140000221408000002AF
:109BF0000151090600324979413E007E1111117E62
:109C0000007F49494936003E41414122007F4141A0
:109C1000221C007F49494941007F09090901003E92
:109C200041415172007F0808087F0000417F4100D8
:109C3000002040413F01007F08142241007F404046
:109C40004040007F020C027F007F0408107F003E2E
:109C50004141413E007F09090906003E4151215E14
:109C6000007F091929460046494949310001017F11
:109C70000101003F4040403F001F2040201F003FA7
:109C80004038403F00631408146300070870080759
:109C900000615149454300007F4100000004081065
:109CA0002040000000417F00000402010204004047
:109CB0004040404000000000000000205454547810
:109CC000007F484444380038444444200030484829
:109CD000507E00385454541800087E0901020008D0
:109CE0005454543C007F100808700000447D40002C
:109CF000002040443D00007E102844000000417FC9
:109D00004000007C04180478007C080404780038C3
:109D100044444438007C1414140800081414147CBF
:109D2000007C0804040800485454542000043F44B4
:109D30004020003C4040207C001C2040201C003C77
:109D40004030403C004428102844000C5050503C07
:109D5000004464544C440000083641000000007F79
:109D60000000000041360800000000000000000074
:109D700000000000000000000000000000000000E3
:109D800000000000000000000000000000000000D3
:109D900000000000000000000004060706040000A8
:109DA00000000000000000000000000000000000B3
:109DB00000000000000000000000000000000000A3
:109DC0000000000000000000000000000000000093
:109DD0000000000000000000000000000000000083
:109DE0000000000000000000000000000000000073
:109DF0000000000000000000000000000000000063
:109E00000000000000000000000000000000000052
:109E100000081C3E7F00000000000000007F3E1C88
:109E200008000818381808000000000000000000B2
:109E30000000000000000000000000000000000022
:109E4000000000000000000000000000001C3E3E7A
:109E50003E1C0000000000000000000000000000A8
:109E600000000000007C5554450000000000000088
:109E700000000000000000000000000000000000E2
:109E800000000000000000000000000000000000D2
:109E9000000000000000060909060000242E24002E
:109EA00000000000000000000000000000000000B2
:109EB00000000000000000000000000000000000A2
:109EC00000000000003855545518007C10207B0B12
:109ED0000000000000000000000000000000000082
:109EE0000000000000000000000000000000203022
:109EF00038302000007E1111117E007F4949493120
:109F0000007F49494936007F0101010300603E217D
:109F1000217F007F494949410077087F0877004148
:109F200049494936007F2010087F007F2011087FB3
:109F3000007F0814224100407E01017F007F020C57
:109F4000027F007F0808087F003E4141413E007FBC
:109F50000101017F007F09090906003E41414122BC
:109F60000001017F0101004728100807001C227F23
:109F7000221C006314081463007F404040FF000768
:109F80000808087F007F407F407F007F407F40FFC0
:109F900000017F484870007F4438007F007F4848B8
:109FA000483000224149493E007F083E413E00467C
:109FB0002919097F002054545478003C4A4A4931F9
:109FC000007C54542800007C0404040C00603824F5
:109FD000247C003854545418006C107C106C0044DD
:109FE00044545428007C2010087C007C2012087CFB
:109FF000007C1028440000403804047C007C0810D9
:10A00000087C007C1010107C003844444438007CEC
:10A010000404047C007C14141408003844444400F4
:10A020000004047C0404000C5050503C0018247EB2
:10A030002418004428102844007C404040FC0000C4
:10A040001C10107C007C407C407C007C407C40FCF0
:10A0500000047C505020007C5020007C007C50503C
:10A060005020002844545438007C103844380008EC
:10A070005434147C20202000FFEDE200F4E5E200DF
:10A08000ECE0F000E0EFF000ECE0E900E8FEED00CD
:10A09000E8FEEB00E0E2E300F1E5ED00EEEAF200BD
:10A0A000EDEEFF00E4E5EA00202020202020202023
:10A0B0002020202020202020202020200020C2FB43
:10A0C000F5EEE42020202020202020202020202029
:10A0D00020002030253A305E3A302620303C2F3E9A
:10A0E00020202F307B2000006162636465660000E1
:10A0F0000000303132333435363738394142434449
:10A100004546004FDC0002394F0100000A00010003
:10A110003102E90701000F00000E1C123836242A14
:10A12000707E6C624846545AE0EEFCF2D8D6C4CA3F
:10A13000909E8C82A8A6B4BACEC0D2DCF6F8EAE42F
:10A14000BEB0A2AC86889A942E20323C16180A041F
:10A150005E50424C66687A74929C8E80AAA4B6B80F
:10A16000E2ECFEF0DAD4C6C8727C6E604A445658FF
:10A17000020C1E103A3426285C52404E646A7876EF
:10A180002C22303E141A0806BCB2A0AE848A9896DF
:10A19000CCC2D0DEF4FAE8E62A243638121C0E00CF
:10A1A0005A544648626C7E70CAC4D6D8F2FCEEE0BF
:10A1B000BAB4A6A8828C9E90E4EAF8F6DCD2C0CEAF
:10A1C000949A8886ACA2B0BE040A18163C32202E9F
:10A1D000747A68664C42505EB8B6A4AA808E9C928F
:10A1E000C8C6D4DAF0FEECE25856444A606E7C727F
:10A1F0002826343A101E0C0276786A644E40525C6F
:10A2000006081A143E30222C96988A84AEA0B2BC5E
:10A21000E6E8FAF4DED0C2CC002A547EA882FCD64E
:10A220007A502E04D2F886ACF4DEA08A5C7608223E
:10A230008EA4DAF0260C7258C2E896BC6A403E142E
:10A24000B892ECC6103A446E361C62489EB4CAE01E
:10A250004C661832E4CEB09AAE84FAD0062C52780E
:10A26000D4FE80AA7C5628025A700E24F2D8A68CFE
:10A27000200A745E88A2DCF66C463812C4EE90BAEE
:10A28000163C4268BE94EAC098B2CCE6301A644EDE
:10A29000E2C8B69C4A601E34765C2208DEF48AA0CE
:10A2A0000C265872A48EF0DA82A8D6FC2A007E54BE
:10A2B000F8D2AC86507A042EB49EE0CA1C364862AE
:10A2C000CEE49AB0664C3218406A143EE8C2BC969E
:10A2D0003A106E4492B8C6ECD8F28CA6705A240E8E
:10A2E000A288F6DC0A205E742C06785284AED0FA7E
:10A2F000567C0228FED4AA801A304E64B298E6CC6E
:10A30000604A341EC8E29CB6EEC4BA90466C12385D
:10A3100094BEC0EA3C1668426D016D016E014A614F
:10A320006E00466562004D617200417072004D61C1
:10A3300079004A756E004A756C0041756700536577
:10A3400070004F6374004E6F7600446563004D6F7C
:10A350006E00547565005765640054687500467258
:10A3600069005361740053756E0000001F003B00CC
:10A370005A0078009700B500D400F30011013001B5
:10A380004E0168746D00000063677800000C63671D
:10A39000690000016373730000026A730000000328
:10A3A000786D6C00000478736C00000567696600C6
:10A3B00000066A70670000076A7065670007626DD3
:10A3C00070000008706E6700000969636F00000A82
:10A3D00078617000000D78616D6C000E706870001F
:10A3E000000FFFFFFFFFFFFFFFFFFFFF3C68323E54
:10A3F0004854545020312E30203430312045727270
:10A400006F722E20556E617574686F72697A65641B
:10A41000204163636573733C2F68323E596F75202A
:10A42000617265206E6F7420617574686F72697AED
:10A43000656420746F206163636573732074686959
:10A4400073207365727665722E003C68323E485404
:10A45000545020312E3020343034204572726F72C7
:10A460002E2046696C65204E6F7420466F756E64B1
:10A470003C2F68323E54686520726571756573744F
:10A4800065642055524C20776173206E6F7420668E
:10A490006F756E64206F6E207468697320736572C7
:10A4A0007665722E003C68323E4854545020312E5E
:10A4B0003020353031204572726F722E204E6F740D
:10A4C00020496D706C656D656E7465643C2F6832F3
:10A4D0003E54686520726571756573746564204DBE
:10A4E0006574686F64206973206E6F742073757073
:10A4F000706F727465642E003C686561643E3C74E4
:10A5000069746C653E4B65696C20456D6265646479
:10A51000656420574542205365727665723C2F74FE
:10A5200069746C653E3C2F686561643E3C626F6493
:10A53000793E003C68723E3C62723E3C693E4B652F
:10A54000696C20456D6265646465642057454220EE
:10A550005365727665722056322E30302C203230A0
:10A5600031303C62723E3C6120687265663D6874C1
:10A5700074703A2F2F7777772E6B65696C2E636F27
:10A580006D3E207777772E6B65696C2E636F6D3C1F
:10A590002F613E202D20456D626564646564204412
:10A5A0006576656C6F706D656E7420546F6F6C733B
:10A5B0003C2F693E3C2F626F64793E00B76E174CAA
:10A5C0003C686561643E3C7469746C653E4B6569CA
:10A5D0006C20456D62656464656420574542205374
:10A5E00065727665723C2F7469746C653E3C2F68A9
:10A5F0006561643E3C626F6479207374796C653D7B
:10A60000226261636B67726F756E642D636F6C6F2E
:10A61000723A2023623765346666223E3C68323ED9
:10A62000456D6265646465642057454220536572D8
:10A630007665723C2F68323E3C703E5468697320E8
:10A640006973207468652064656661756C74207038
:10A650006167652E20546865204854545020536526
:10A6600072766572206973203C623E6E6F7420635F
:10A670006F6E666967757265642E3C2F623E3C6240
:10A68000723E506C65617365207265616420746808
:10A690006520646F63756D656E746174696F6E209B
:10A6A000686F7720746F20636F6E66696775726577
:10A6B0002074686520485454502053657276657242
:10A6C0002E203C2F703E3C68723E3C693E4B6569D3
:10A6D0006C20456D62656464656420574542205373
:10A6E00065727665722056322E30302C2032303032
:10A6F00039203C62723E3C6120687265663D687438
:10A7000074703A2F2F7777772E6B65696C2E636F95
:10A710006D3E207777772E6B65696C2E636F6D3C8D
:10A720002F613E202D20456D626564646564204480
:10A730006576656C6F706D656E7420546F6F6C73A9
:10A740003C2F693E3C2F626F64793E005DDDC19114
:10A75000C0A50100000000004BA7010000404040E0
:10A7600040404040404041414141414040404040E4
:10A770004040404040404040404040404005020290
:10A78000020202020202020202020202022020204F
:10A7900020202020202020020202020202029090AB
:10A7A00090909090101010101010101010101010A9
:10A7B00010101010101010100202020202028888FD
:10A7C0008888888808080808080808080808080809
:10A7D00008080808080808080202020240000000F1
:10A7E0005DA701002B0601040182831F0050726FD8
:10A7F0007665726B6120737669617A692E20CFF07D
:10A80000EEE2E5F0EAE020F1E2FFE7E82E00554B4A
:10A81000553230334C414E00536B7970653A646168
:10A820006E696C6F765F6161004E6F766F736962FF
:10A830006972736B2C20527573736961004669727B
:10A8400073742041524D20534E4D50206167656E08
:10A850007420666F722053696250726F6D41757417
:10A860006F6D6174696B6100A8A8010000000010A1
:10A87000D4230000BE5D0100B0B1010000C007207C
:10A88000F0210000BE5D0100B0B10100D423001032
:10A890001C4E0000AA5E0100E0B20100F0E10720BA
:10A8A00008500000AA5E0100012033033202FF01BC
:10A8B0000177048B563412000CFF48656C6C6F20D6
:10A8C000576F726C64012402AB14600A84082B0673
:10A8D00001020101014C2A3DA80A5A861862024C65
:10A8E00008E4A7185AC3186203AE04E0E107204841
:10A8F00062045B10184869186205DB090E186206CD
:10A900005B1329185A821862075C0103A1181A0CFC
:10A91000181808040182831F2802125B023C78A9E0
:10A920001819AC0B11023E1819AC5B0254188A02BC
:10A93000182A05481A0E18CB31E61829481A10189B
:10A94000DA431829481A1218DA5B1819F41B021492
:10A9500018DA6D1819F41B021618DA7F1819F41B8F
:10A96000021818DA911819F41B021A18DAA7181A23
:10A97000080F1A1C18DAC31822091B045C18CADB5A
:10A98000182A07D81A2618CB65E91829D81A2818C2
:10A99000DA671829D81A2A18DA7B1829D81A2C1835
:10A9A000DA8F1829D81A2E18DAA31829D81A3018CD
:10A9B000DAB71829D81A3218DACB1829D81A341865
:10A9C000DADF1819D81B023618CAF3182A06D81A63
:10A9D0001E18CAFFF02A06D81A2018CB2BE7182910
:10A9E000D81A2218DA571829D81A2418DA8318190D
:10A9F000D81B046018DAAF1819D81B04641823D1C7
:10AA0000E87B820D18100803010101021C6F42103F
:10AA1000C9180C1302021E180C13030220180C1381
:10AA2000040222180C13050224180C13060226181F
:10AA30000C13070228180C1308022A180C13090219
:10AA40002C180C130A022E180C130B0230180C13BE
:10AA50000C0232180C130D0234180C130E023618A7
:10AA60000C130F0238180C1310023A180C131102B1
:10AA70003C180C1312023E180C13130240180C134E
:10AA8000140242180C13150244180C13160246182F
:10AA90000C13170248180C1318024A180C13190249
:10AAA0004C180C131A024E180C131B0250180C13DE
:10AAB0001C0252180C131D0254180C121E025618B8
:10AAC0000D1302010258180C1302025A180C13033A
:10AAD000025C180C1304025E180C13050260180CBB
:10AAE00013060262180C13070264180C130802669E
:10AAF000180C13090268180C130A026A180C130BBD
:10AB0000026C180C130C026E180C130D0270180C4A
:10AB1000130E0272180C130F0274180C1310027625
:10AB2000180C13110278180C1312027A180C131354
:10AB3000027C180C1314027E180C13150280180CDA
:10AB400013160282180C13170284180C13180286AD
:10AB5000180C13190288180C131A028A180C131BEC
:10AB6000028C180C131C028E180C131D0290180C6A
:10AB7000121E029218191A0A1394180C1302029644
:10AB8000180C13030298180C1304029A180C1305DE
:10AB9000029C180C1306029E180C130702A0180C36
:10ABA000130802A2180C130902A4180C130A02A617
:10ABB000180C130B02A8180C130C02AA180C130D76
:10ABC00002AC180C130E02AE180C130F02B0180CC6
:10ABD000131002B2180C131102B4180C131202B69F
:10ABE000180C131302B8180C131402BA180C13150E
:10ABF00002BC180C131602BE180C131702C0180C56
:10AC0000131802C2180C131902C4180C131A02C626
:10AC1000180C131B02C8180C131C02CA180C131DA5
:10AC200002CC180C121E02CE180D13040102D0180B
:10AC30000C130202D2180C130302D4180C130402D2
:10AC4000D6180C130502D8180C130602DA180C13C8
:10AC50000702DC180C130802DE180C130902E018B6
:10AC60000C130A02E2180C130B02E4180C130C026A
:10AC7000E6180C130D02E8180C130E02EA180C1358
:10AC80000F02EC180C131002EE180C131102F0183E
:10AC90000C131202F2180C131302F4180C13140202
:10ACA000F6180C131502F8180C131602FA180C13E8
:10ACB0001702FC180C131802FE181319020A12705E
:10ACC000180C131A0202180C131B0204180C131C84
:10ACD0000206180C131D0208180C121E020A180D89
:10ACE000130501020C180C1302020E180C130302B8
:10ACF00010180C13040212180C13050214180C136C
:10AD0000060216180C13070218180C1308021A185A
:10AD10000C1309021C180C130A021E180C130B0248
:10AD200020180C130C0222180C130D0224180C13FB
:10AD30000E0226180C130F0228180C1310022A18E2
:10AD40000C1311022C180C1312022E180C131302E0
:10AD500030180C13140232180C13150234180C138B
:10AD6000160236180C13170238180C1318023A186A
:10AD70000C1319023C180C131A023E180C131B0278
:10AD800040180C131C0242180C131D0244180C101E
:10AD90001E024618080A100A0101010270E107208C
:10ADA000180C13020272180C13030274180C12040C
:10ADB0000276180D1302010278180C1302027A1899
:10ADC0000C1303027C185C04027E187B020C181B17
:10ADD00009010F1A5618BB07EA301A0BD80B1001DD
:10ADE000ACF019180C130201AD180C130301AE18C6
:10ADF0000C130401AF180C130501B0180C13060155
:10AE0000B1180C130701B2180C130801B3180C1376
:10AE10000901B4180C130A01B5180C130B01B6186C
:10AE20000C120C01B7180D13020101B8180C130213
:10AE300001B9180C130301BA180C130401BB180C48
:10AE4000130501BC180C130601BD180C130701BE35
:10AE5000180C130801BF180C130901C0180C130AB1
:10AE600001C1180C130B01C2186C0C01C3187A0C29
:10AE700018230C01EE0246E10720181A02180A11E5
:10AE800048181A03180A114A181A04180A114C18FB
:10AE90001A05180A114E181A06180A115018220716
:10AEA0000B110468181A08306A521879D815010273
:10AEB00004014C027203D89A84181307041C132946
:10AEC000A8DE31AA021812054C0106A118893048E3
:10AED000092809010101030CC160C9180C13020300
:10AEE0008C180D1203030CC2180C1304038C180DDC
:10AEF0001205030CC3180C1306038C180D1207035C
:10AF00000CC4180C1308038C180D1209030CC51877
:10AF10000C130A038C180D120B030CC6180C130C1F
:10AF2000038C180D120D030CC7180C130E038C188C
:10AF30000D120F030CC8180C1310038C180D1211EE
:10AF4000030CC9180C1312038C180D1213030CCA2E
:10AF5000180C1314038C180D1215030CCB180C13BA
:10AF600016038C180D1217030CCC180C1318038C35
:10AF7000180D1219030CCD180C131A038C180D128E
:10AF80001B030CCE180C131C038C180D121D030C84
:10AF9000CF180C131E038C180D121F030CD0180CA5
:10AFA0001320038C180D1221030CD1180C1322034B
:10AFB0008C180D1223030CD2180C1324038C180DBB
:10AFC0001225030CD3180C1326038C180D1227031B
:10AFD0000CD4180C1328038C180D1229030CD51847
:10AFE0000C132A038C180D122B030CD6180C132CDF
:10AFF000038C180D122D030CD7180C132E038C186C
:10B000000D122F030CD8180C1330038C180D1231AD
:10B01000030CD9180C1332038C180D1233030CDAFD
:10B02000180C1334038C180D1235030CDB180C1399
:10B0300036038C180D1237030CDC180C1338038CF4
:10B04000180D1239030CDD180C133A038C180D126D
:10B050003B030CDE180C133C038C180D123D030C43
:10B06000DF180C133E038C180D123F030CE0185C24
:10B0700040038C187B020C181B0A280FCF80E107B5
:10B080002025E9181A290F13F603DB1027181A2AAE
:10B090000F1A8230DA29181A310F1AF830DA2B1801
:10B0A0001A320F1A8430DA2D181A330F1AFA30DADE
:10B0B0002F181A340F1A8630DA31181A350F1AFC85
:10B0C00030DA33181A360F1A8830DA35181A370F73
:10B0D0001AFE30DA37181A380F1A8A30DA39181A85
:10B0E000390F1A5818DA3B181A3A0F111204DB10EC
:10B0F0004D181A3B0F1A8C30DA4F181A3C0F1A5A97
:10B1000018DA51181A3D0F1A02482A63186A0D18E6
:10B110001C040201014528400240C9180C12020219
:10B120003C18191A0A1324180915300D13030101CC
:10B1300020180C12020138185704010204A101C999
:10B14000180A1402A80A1505301A05630912180A0C
:10B150001506300A1506300A1507301A07030912BA
:10B16000180A1508300A1508300A1509300A150999
:10B17000300A150A300A150A300A150B300A150B69
:10B18000300A150C300A150C300A150D308A0D30B6
:10B190007A041815010207044C20EDA718011009C4
:10B1A00012160227210D14F11FFF1F562100000067
:10B1B000250102030407167075626C696305E6E8F1
:10B1C00003E80318133031406162636440656667C9
:10B1D0006840696A6B6C40125A2001096280FA3239
:10B1E000800A6B3280FA33800A6B3380FA34800A2B
:10B1F0006B3480FA35800A6B3580FA36800A6B36FC
:10B2000080FA37800A6B3780FA38800A6B3880FA08
:10B2100039800A6A3980EB3130801912096A80FA64
:10B2200031800A6B3180FA32800A6B3280FA3380C7
:10B230000A6B3380FA34800A6B3480FA35800A6BEB
:10B240003580FA36800A6B3680FA37800A6B378091
:10B25000FA38800A6B3880FA39800A6A3980EB3212
:10B2600030801912096A80FA31800A6B3180FA3213
:10B27000800A6B3280FA33800A6B3380FA34800A9A
:10B280006B3480FA35800A6B3580FA36800A6B366B
:10B2900080FA37800A6B3780FA38800A6B3880FA78
:10B2A00039800A6A3980EB333080191209698001CC
:10B2B000FF01FF01FF01FF01FF01FF01FF01FF018E
:10B2C000FF01FF01FF01FF01FF01FF01FF01FF017E
:10B2D000FF01960315093D032A0101091A2B0000FD
:04000005000000CD2A
:00000001FF
